SET session_replication_role = replica;

--
-- PostgreSQL database dump
--

-- Dumped from database version 15.1 (Ubuntu 15.1-1.pgdg20.04+1)
-- Dumped by pg_dump version 15.5 (Ubuntu 15.5-1.pgdg20.04+1)

SET statement_timeout = 0;
SET lock_timeout = 0;
SET idle_in_transaction_session_timeout = 0;
SET client_encoding = 'UTF8';
SET standard_conforming_strings = on;
SELECT pg_catalog.set_config('search_path', '', false);
SET check_function_bodies = false;
SET xmloption = content;
SET client_min_messages = warning;
SET row_security = off;

--
-- Data for Name: audit_log_entries; Type: TABLE DATA; Schema: auth; Owner: supabase_auth_admin
--

INSERT INTO "auth"."audit_log_entries" ("instance_id", "id", "payload", "created_at", "ip_address") VALUES
	('00000000-0000-0000-0000-000000000000', 'ac42ffd2-a176-45fa-9969-5ed59e443070', '{"action":"user_confirmation_requested","actor_id":"0e92145a-1df8-4d8f-96e7-a7620c87403c","actor_username":"luisdevv232@gmail.com","actor_via_sso":false,"log_type":"user","traits":{"provider":"email"}}', '2024-02-10 11:26:32.845132-07', ''),
	('00000000-0000-0000-0000-000000000000', 'c33a9312-acaa-4fa2-b5fa-52d7a44469ea', '{"action":"user_confirmation_requested","actor_id":"4a0ff0c7-88ba-4330-b1d5-1ed83bcbe79d","actor_username":"jaredbarojas90@gmail.com","actor_via_sso":false,"log_type":"user","traits":{"provider":"email"}}', '2024-02-12 01:06:18.915307-07', ''),
	('00000000-0000-0000-0000-000000000000', '96251e2a-0eee-40a3-9af3-959300546260', '{"action":"user_signedup","actor_id":"4a0ff0c7-88ba-4330-b1d5-1ed83bcbe79d","actor_username":"jaredbarojas90@gmail.com","actor_via_sso":false,"log_type":"team"}', '2024-02-12 01:07:36.796935-07', ''),
	('00000000-0000-0000-0000-000000000000', '3060d607-64a3-4d2e-b254-29f0703dd739', '{"action":"user_signedup","actor_id":"00000000-0000-0000-0000-000000000000","actor_username":"service_role","actor_via_sso":false,"log_type":"team","traits":{"user_email":"daeb2222@gmail.com","user_id":"e5c0edd7-0f80-41a8-8533-86d97b160393","user_phone":""}}', '2024-02-12 01:07:44.201207-07', ''),
	('00000000-0000-0000-0000-000000000000', '93c91653-1a3f-411f-bd93-9ccebbc011ed', '{"action":"user_deleted","actor_id":"00000000-0000-0000-0000-000000000000","actor_username":"service_role","actor_via_sso":false,"log_type":"team","traits":{"user_email":"jaredbarojas90@gmail.com","user_id":"4a0ff0c7-88ba-4330-b1d5-1ed83bcbe79d","user_phone":""}}', '2024-02-12 01:17:32.71994-07', ''),
	('00000000-0000-0000-0000-000000000000', 'df610e7a-a93e-43d5-886f-fa4acc3b69d1', '{"action":"user_confirmation_requested","actor_id":"9967e097-fe2e-43b6-bfb4-225dbdcd7d8f","actor_username":"jaredbarojas90@gmail.com","actor_via_sso":false,"log_type":"user","traits":{"provider":"email"}}', '2024-02-12 01:19:37.620431-07', ''),
	('00000000-0000-0000-0000-000000000000', '065dbdfb-9e00-40eb-bdf3-34b8a0ee79d9', '{"action":"login","actor_id":"e5c0edd7-0f80-41a8-8533-86d97b160393","actor_username":"daeb2222@gmail.com","actor_via_sso":false,"log_type":"account","traits":{"provider":"email"}}', '2024-02-12 01:19:42.429048-07', ''),
	('00000000-0000-0000-0000-000000000000', '9d70125c-c2cb-4208-8037-8aef10efd8ad', '{"action":"login","actor_id":"e5c0edd7-0f80-41a8-8533-86d97b160393","actor_username":"daeb2222@gmail.com","actor_via_sso":false,"log_type":"account","traits":{"provider":"email"}}', '2024-02-12 01:20:05.258434-07', ''),
	('00000000-0000-0000-0000-000000000000', '3108f374-1bf8-4000-bed4-c7094ee21168', '{"action":"login","actor_id":"e5c0edd7-0f80-41a8-8533-86d97b160393","actor_username":"daeb2222@gmail.com","actor_via_sso":false,"log_type":"account","traits":{"provider":"email"}}', '2024-02-12 01:24:22.648338-07', ''),
	('00000000-0000-0000-0000-000000000000', '4f55eebf-7dc6-438f-bde4-b1f6f16e205e', '{"action":"user_confirmation_requested","actor_id":"9967e097-fe2e-43b6-bfb4-225dbdcd7d8f","actor_username":"jaredbarojas90@gmail.com","actor_via_sso":false,"log_type":"user","traits":{"provider":"email"}}', '2024-02-12 11:05:26.197054-07', ''),
	('00000000-0000-0000-0000-000000000000', '3c4b80ac-15b8-470e-91a9-f0bba8cf0c34', '{"action":"user_confirmation_requested","actor_id":"9967e097-fe2e-43b6-bfb4-225dbdcd7d8f","actor_username":"jaredbarojas90@gmail.com","actor_via_sso":false,"log_type":"user","traits":{"provider":"email"}}', '2024-02-12 11:05:33.444218-07', ''),
	('00000000-0000-0000-0000-000000000000', '8a6c13af-5163-4a51-b890-ec69af15ccfb', '{"action":"login","actor_id":"e5c0edd7-0f80-41a8-8533-86d97b160393","actor_username":"daeb2222@gmail.com","actor_via_sso":false,"log_type":"account","traits":{"provider":"email"}}', '2024-02-12 13:54:51.05537-07', ''),
	('00000000-0000-0000-0000-000000000000', 'd6f2a6d7-7cff-4d9a-ab41-a43687d986a7', '{"action":"user_deleted","actor_id":"00000000-0000-0000-0000-000000000000","actor_username":"service_role","actor_via_sso":false,"log_type":"team","traits":{"user_email":"jaredbarojas90@gmail.com","user_id":"9967e097-fe2e-43b6-bfb4-225dbdcd7d8f","user_phone":""}}', '2024-02-13 11:16:40.281278-07', ''),
	('00000000-0000-0000-0000-000000000000', '348dade3-5dfe-41d6-abc8-58e0238feb70', '{"action":"user_confirmation_requested","actor_id":"2785fd07-de63-4606-852f-bbf909886a3a","actor_username":"jaredbarojas90@gmail.com","actor_via_sso":false,"log_type":"user","traits":{"provider":"email"}}', '2024-02-13 11:20:57.301651-07', ''),
	('00000000-0000-0000-0000-000000000000', '8e35107c-4605-44e6-b060-32529d78c1bb', '{"action":"user_deleted","actor_id":"00000000-0000-0000-0000-000000000000","actor_username":"service_role","actor_via_sso":false,"log_type":"team","traits":{"user_email":"jaredbarojas90@gmail.com","user_id":"2785fd07-de63-4606-852f-bbf909886a3a","user_phone":""}}', '2024-02-13 11:24:40.124035-07', ''),
	('00000000-0000-0000-0000-000000000000', 'e63444c5-bd86-4047-b3f5-412a537b88f6', '{"action":"user_confirmation_requested","actor_id":"15ffad29-6665-4c2e-88c6-88c52119ff1c","actor_username":"jaredbarojas90@gmail.com","actor_via_sso":false,"log_type":"user","traits":{"provider":"email"}}', '2024-02-13 12:23:47.341715-07', ''),
	('00000000-0000-0000-0000-000000000000', '738dd311-7d6d-4c71-b62a-24017c48864b', '{"action":"user_signedup","actor_id":"15ffad29-6665-4c2e-88c6-88c52119ff1c","actor_username":"jaredbarojas90@gmail.com","actor_via_sso":false,"log_type":"team"}', '2024-02-13 12:23:58.249424-07', ''),
	('00000000-0000-0000-0000-000000000000', '6f56b036-1d37-42b6-9b15-7e4ad9ef0b86', '{"action":"user_deleted","actor_id":"00000000-0000-0000-0000-000000000000","actor_username":"service_role","actor_via_sso":false,"log_type":"team","traits":{"user_email":"jaredbarojas90@gmail.com","user_id":"15ffad29-6665-4c2e-88c6-88c52119ff1c","user_phone":""}}', '2024-02-13 12:26:33.612144-07', ''),
	('00000000-0000-0000-0000-000000000000', 'ede31208-fb03-4508-ace3-ffe48d814908', '{"action":"user_confirmation_requested","actor_id":"b542c273-4487-4c2c-b82a-3af52e16759f","actor_username":"jaredbarojas90@gmail.com","actor_via_sso":false,"log_type":"user","traits":{"provider":"email"}}', '2024-02-13 12:27:32.080249-07', ''),
	('00000000-0000-0000-0000-000000000000', '094997bf-e2c7-4b72-9e64-f4de6137eebb', '{"action":"user_confirmation_requested","actor_id":"b542c273-4487-4c2c-b82a-3af52e16759f","actor_username":"jaredbarojas90@gmail.com","actor_via_sso":false,"log_type":"user","traits":{"provider":"email"}}', '2024-02-13 12:33:44.987309-07', ''),
	('00000000-0000-0000-0000-000000000000', '44495eb4-5b1d-4b32-91c4-a1730e4075da', '{"action":"user_signedup","actor_id":"b542c273-4487-4c2c-b82a-3af52e16759f","actor_username":"jaredbarojas90@gmail.com","actor_via_sso":false,"log_type":"team"}', '2024-02-13 12:34:02.91754-07', ''),
	('00000000-0000-0000-0000-000000000000', '871efe4f-9cf1-4020-9f04-015c127c49fe', '{"action":"user_confirmation_requested","actor_id":"28d12d95-3576-4961-bfa2-29098d44ea4d","actor_username":"josegilbertodavilabailon15@gmail.com","actor_via_sso":false,"log_type":"user","traits":{"provider":"email"}}', '2024-02-13 12:34:55.928617-07', ''),
	('00000000-0000-0000-0000-000000000000', '52300f0a-d2e7-4bb0-90c1-fd8694609fc9', '{"action":"user_signedup","actor_id":"28d12d95-3576-4961-bfa2-29098d44ea4d","actor_username":"josegilbertodavilabailon15@gmail.com","actor_via_sso":false,"log_type":"team"}', '2024-02-13 12:35:28.720852-07', ''),
	('00000000-0000-0000-0000-000000000000', 'f4a006a5-5235-46a6-8c7e-8065baa8ee3b', '{"action":"user_deleted","actor_id":"00000000-0000-0000-0000-000000000000","actor_username":"service_role","actor_via_sso":false,"log_type":"team","traits":{"user_email":"josegilbertodavilabailon15@gmail.com","user_id":"28d12d95-3576-4961-bfa2-29098d44ea4d","user_phone":""}}', '2024-02-13 12:38:38.420195-07', ''),
	('00000000-0000-0000-0000-000000000000', '62f441c0-dd12-459c-b6f1-0375eed0bb0a', '{"action":"user_repeated_signup","actor_id":"b542c273-4487-4c2c-b82a-3af52e16759f","actor_username":"jaredbarojas90@gmail.com","actor_via_sso":false,"log_type":"user","traits":{"provider":"email"}}', '2024-02-13 12:39:44.579179-07', ''),
	('00000000-0000-0000-0000-000000000000', '7e912c8c-c758-4690-99c1-d89f83814daf', '{"action":"user_repeated_signup","actor_id":"b542c273-4487-4c2c-b82a-3af52e16759f","actor_username":"jaredbarojas90@gmail.com","actor_via_sso":false,"log_type":"user","traits":{"provider":"email"}}', '2024-02-13 13:14:27.038992-07', ''),
	('00000000-0000-0000-0000-000000000000', 'cb544667-2e03-4502-b3b2-8b2428aa4674', '{"action":"user_repeated_signup","actor_id":"b542c273-4487-4c2c-b82a-3af52e16759f","actor_username":"jaredbarojas90@gmail.com","actor_via_sso":false,"log_type":"user","traits":{"provider":"email"}}', '2024-02-13 13:16:00.255512-07', ''),
	('00000000-0000-0000-0000-000000000000', '6f1f1b3b-3d92-4ba0-9980-8d612be436f3', '{"action":"user_repeated_signup","actor_id":"b542c273-4487-4c2c-b82a-3af52e16759f","actor_username":"jaredbarojas90@gmail.com","actor_via_sso":false,"log_type":"user","traits":{"provider":"email"}}', '2024-02-13 13:17:50.964937-07', ''),
	('00000000-0000-0000-0000-000000000000', '200b6de6-8aac-4848-bd55-a958b2b05ecc', '{"action":"user_repeated_signup","actor_id":"b542c273-4487-4c2c-b82a-3af52e16759f","actor_username":"jaredbarojas90@gmail.com","actor_via_sso":false,"log_type":"user","traits":{"provider":"email"}}', '2024-02-13 13:17:57.068951-07', ''),
	('00000000-0000-0000-0000-000000000000', 'cc678c73-6b24-45de-a1c4-343c13883936', '{"action":"user_repeated_signup","actor_id":"b542c273-4487-4c2c-b82a-3af52e16759f","actor_username":"jaredbarojas90@gmail.com","actor_via_sso":false,"log_type":"user","traits":{"provider":"email"}}', '2024-02-13 13:18:21.474967-07', ''),
	('00000000-0000-0000-0000-000000000000', 'c78eccf6-a67b-4afd-951a-d52fd483674b', '{"action":"user_repeated_signup","actor_id":"b542c273-4487-4c2c-b82a-3af52e16759f","actor_username":"jaredbarojas90@gmail.com","actor_via_sso":false,"log_type":"user","traits":{"provider":"email"}}', '2024-02-13 13:18:24.889514-07', ''),
	('00000000-0000-0000-0000-000000000000', '6a6fc3eb-4397-46c3-b607-769209a3121e', '{"action":"user_repeated_signup","actor_id":"b542c273-4487-4c2c-b82a-3af52e16759f","actor_username":"jaredbarojas90@gmail.com","actor_via_sso":false,"log_type":"user","traits":{"provider":"email"}}', '2024-02-13 13:18:40.21667-07', ''),
	('00000000-0000-0000-0000-000000000000', '660e881e-f4ec-4235-8f8c-e021e3290766', '{"action":"user_repeated_signup","actor_id":"b542c273-4487-4c2c-b82a-3af52e16759f","actor_username":"jaredbarojas90@gmail.com","actor_via_sso":false,"log_type":"user","traits":{"provider":"email"}}', '2024-02-13 13:21:27.979656-07', ''),
	('00000000-0000-0000-0000-000000000000', 'a683f78b-bca2-4d99-82a2-e06965906d02', '{"action":"user_repeated_signup","actor_id":"b542c273-4487-4c2c-b82a-3af52e16759f","actor_username":"jaredbarojas90@gmail.com","actor_via_sso":false,"log_type":"user","traits":{"provider":"email"}}', '2024-02-13 13:21:44.6397-07', ''),
	('00000000-0000-0000-0000-000000000000', 'be055471-72f4-4187-b050-fb663de42706', '{"action":"user_repeated_signup","actor_id":"e5c0edd7-0f80-41a8-8533-86d97b160393","actor_username":"daeb2222@gmail.com","actor_via_sso":false,"log_type":"user","traits":{"provider":"email"}}', '2024-02-13 13:22:04.357127-07', ''),
	('00000000-0000-0000-0000-000000000000', 'a033eb46-b07b-4b9b-b5a0-355699758270', '{"action":"user_confirmation_requested","actor_id":"0e92145a-1df8-4d8f-96e7-a7620c87403c","actor_username":"luisdevv232@gmail.com","actor_via_sso":false,"log_type":"user","traits":{"provider":"email"}}', '2024-02-13 13:43:30.974787-07', ''),
	('00000000-0000-0000-0000-000000000000', '33827e53-952d-482c-9aeb-309053cebb96', '{"action":"user_confirmation_requested","actor_id":"0e92145a-1df8-4d8f-96e7-a7620c87403c","actor_username":"luisdevv232@gmail.com","actor_via_sso":false,"log_type":"user","traits":{"provider":"email"}}', '2024-02-13 13:44:56.153882-07', ''),
	('00000000-0000-0000-0000-000000000000', '98d7ce80-8eb5-4c84-8033-a4662edbbeb8', '{"action":"user_signedup","actor_id":"0e92145a-1df8-4d8f-96e7-a7620c87403c","actor_username":"luisdevv232@gmail.com","actor_via_sso":false,"log_type":"team"}', '2024-02-13 13:45:16.966362-07', ''),
	('00000000-0000-0000-0000-000000000000', 'abed1843-3119-4c1e-b8fc-1374fabdb477', '{"action":"user_repeated_signup","actor_id":"0e92145a-1df8-4d8f-96e7-a7620c87403c","actor_username":"luisdevv232@gmail.com","actor_via_sso":false,"log_type":"user","traits":{"provider":"email"}}', '2024-02-13 13:45:32.971846-07', ''),
	('00000000-0000-0000-0000-000000000000', 'fc26dfdc-5e4e-4965-aab3-36a657771fd4', '{"action":"user_repeated_signup","actor_id":"0e92145a-1df8-4d8f-96e7-a7620c87403c","actor_username":"luisdevv232@gmail.com","actor_via_sso":false,"log_type":"user","traits":{"provider":"email"}}', '2024-02-13 13:46:51.837315-07', ''),
	('00000000-0000-0000-0000-000000000000', 'b5b0e64c-fa5f-4c84-ad85-18d720e64553', '{"action":"user_repeated_signup","actor_id":"0e92145a-1df8-4d8f-96e7-a7620c87403c","actor_username":"luisdevv232@gmail.com","actor_via_sso":false,"log_type":"user","traits":{"provider":"email"}}', '2024-02-13 13:46:56.282458-07', ''),
	('00000000-0000-0000-0000-000000000000', '2413c935-43e2-4164-9a4b-93b06d37d283', '{"action":"user_repeated_signup","actor_id":"0e92145a-1df8-4d8f-96e7-a7620c87403c","actor_username":"luisdevv232@gmail.com","actor_via_sso":false,"log_type":"user","traits":{"provider":"email"}}', '2024-02-13 13:46:57.955619-07', ''),
	('00000000-0000-0000-0000-000000000000', 'dc7ea7cd-bfeb-4786-88f4-3d8b73401efb', '{"action":"user_repeated_signup","actor_id":"0e92145a-1df8-4d8f-96e7-a7620c87403c","actor_username":"luisdevv232@gmail.com","actor_via_sso":false,"log_type":"user","traits":{"provider":"email"}}', '2024-02-13 13:47:06.594198-07', ''),
	('00000000-0000-0000-0000-000000000000', '08fe668f-af95-49f2-8c46-5ffbd1c97141', '{"action":"user_repeated_signup","actor_id":"0e92145a-1df8-4d8f-96e7-a7620c87403c","actor_username":"luisdevv232@gmail.com","actor_via_sso":false,"log_type":"user","traits":{"provider":"email"}}', '2024-02-13 13:47:07.703029-07', ''),
	('00000000-0000-0000-0000-000000000000', 'a334d212-b1cb-4633-ba0f-6ab8d1728adc', '{"action":"user_repeated_signup","actor_id":"0e92145a-1df8-4d8f-96e7-a7620c87403c","actor_username":"luisdevv232@gmail.com","actor_via_sso":false,"log_type":"user","traits":{"provider":"email"}}', '2024-02-13 13:47:10.446289-07', ''),
	('00000000-0000-0000-0000-000000000000', '1ca99285-73c8-46f7-824e-ad73e37a5d63', '{"action":"user_repeated_signup","actor_id":"0e92145a-1df8-4d8f-96e7-a7620c87403c","actor_username":"luisdevv232@gmail.com","actor_via_sso":false,"log_type":"user","traits":{"provider":"email"}}', '2024-02-13 13:47:22.274438-07', ''),
	('00000000-0000-0000-0000-000000000000', 'bf475873-ca55-4cb6-b99a-73e8b742d535', '{"action":"user_repeated_signup","actor_id":"0e92145a-1df8-4d8f-96e7-a7620c87403c","actor_username":"luisdevv232@gmail.com","actor_via_sso":false,"log_type":"user","traits":{"provider":"email"}}', '2024-02-13 13:47:23.795526-07', ''),
	('00000000-0000-0000-0000-000000000000', '2192511e-4b80-49d8-9587-87ad898f7fe4', '{"action":"user_deleted","actor_id":"00000000-0000-0000-0000-000000000000","actor_username":"service_role","actor_via_sso":false,"log_type":"team","traits":{"user_email":"jaredbarojas90@gmail.com","user_id":"b542c273-4487-4c2c-b82a-3af52e16759f","user_phone":""}}', '2024-02-13 13:49:58.272374-07', ''),
	('00000000-0000-0000-0000-000000000000', 'adcbd690-b322-44df-9665-0f22ba078940', '{"action":"user_confirmation_requested","actor_id":"181888d8-1251-491b-939e-aeff877a4a3e","actor_username":"jaredbarojas90@gmail.com","actor_via_sso":false,"log_type":"user","traits":{"provider":"email"}}', '2024-02-13 13:50:43.476456-07', ''),
	('00000000-0000-0000-0000-000000000000', 'b5c4a612-7b54-470f-a743-0086b0f03dfe', '{"action":"user_signedup","actor_id":"181888d8-1251-491b-939e-aeff877a4a3e","actor_username":"jaredbarojas90@gmail.com","actor_via_sso":false,"log_type":"team"}', '2024-02-13 13:50:57.368953-07', ''),
	('00000000-0000-0000-0000-000000000000', 'c289628f-53d8-42e1-a82d-d444ba255418', '{"action":"token_refreshed","actor_id":"181888d8-1251-491b-939e-aeff877a4a3e","actor_username":"jaredbarojas90@gmail.com","actor_via_sso":false,"log_type":"token"}', '2024-02-13 20:24:51.943188-07', ''),
	('00000000-0000-0000-0000-000000000000', 'c8ef70ba-2fe2-4814-8cf1-46cbaa4b81f0', '{"action":"token_revoked","actor_id":"181888d8-1251-491b-939e-aeff877a4a3e","actor_username":"jaredbarojas90@gmail.com","actor_via_sso":false,"log_type":"token"}', '2024-02-13 20:24:51.9439-07', ''),
	('00000000-0000-0000-0000-000000000000', '4a353460-d18a-434b-b2fe-9a12cbfd9744', '{"action":"user_repeated_signup","actor_id":"181888d8-1251-491b-939e-aeff877a4a3e","actor_username":"jaredbarojas90@gmail.com","actor_via_sso":false,"log_type":"user","traits":{"provider":"email"}}', '2024-02-13 21:14:31.648137-07', ''),
	('00000000-0000-0000-0000-000000000000', 'bdd79187-c295-410d-8b41-7556a08c0cde', '{"action":"user_deleted","actor_id":"00000000-0000-0000-0000-000000000000","actor_username":"service_role","actor_via_sso":false,"log_type":"team","traits":{"user_email":"jaredbarojas90@gmail.com","user_id":"181888d8-1251-491b-939e-aeff877a4a3e","user_phone":""}}', '2024-02-13 21:15:31.495177-07', ''),
	('00000000-0000-0000-0000-000000000000', '976b62ea-14d5-4501-8990-458ed1c335a5', '{"action":"user_confirmation_requested","actor_id":"f56285bf-8c44-4d80-a891-684d8be739a4","actor_username":"jaredbarojas90@gmail.com","actor_via_sso":false,"log_type":"user","traits":{"provider":"email"}}', '2024-02-13 21:15:33.768878-07', ''),
	('00000000-0000-0000-0000-000000000000', '32a655c1-007f-40f8-b0d8-852d31fd724b', '{"action":"user_confirmation_requested","actor_id":"f56285bf-8c44-4d80-a891-684d8be739a4","actor_username":"jaredbarojas90@gmail.com","actor_via_sso":false,"log_type":"user","traits":{"provider":"email"}}', '2024-02-13 21:17:55.990807-07', ''),
	('00000000-0000-0000-0000-000000000000', 'fa7a5b1f-ea35-498b-8c56-6a789f9f9643', '{"action":"user_signedup","actor_id":"f56285bf-8c44-4d80-a891-684d8be739a4","actor_username":"jaredbarojas90@gmail.com","actor_via_sso":false,"log_type":"team"}', '2024-02-13 21:18:25.896425-07', ''),
	('00000000-0000-0000-0000-000000000000', 'a830d250-bf99-4c93-9894-63caf432bb04', '{"action":"user_deleted","actor_id":"00000000-0000-0000-0000-000000000000","actor_username":"service_role","actor_via_sso":false,"log_type":"team","traits":{"user_email":"jaredbarojas90@gmail.com","user_id":"f56285bf-8c44-4d80-a891-684d8be739a4","user_phone":""}}', '2024-02-13 22:14:52.684738-07', ''),
	('00000000-0000-0000-0000-000000000000', '81649e55-6526-4b03-9144-bb1d62629bd1', '{"action":"user_confirmation_requested","actor_id":"8f083b0f-9383-4a13-a9c6-724e48043912","actor_username":"jaredbarojas90@gmail.com","actor_via_sso":false,"log_type":"user","traits":{"provider":"email"}}', '2024-02-13 22:17:57.352282-07', ''),
	('00000000-0000-0000-0000-000000000000', '7641bacf-4b17-49e1-aee7-68b7c0517002', '{"action":"user_deleted","actor_id":"00000000-0000-0000-0000-000000000000","actor_username":"service_role","actor_via_sso":false,"log_type":"team","traits":{"user_email":"jaredbarojas90@gmail.com","user_id":"8f083b0f-9383-4a13-a9c6-724e48043912","user_phone":""}}', '2024-02-13 22:19:10.649306-07', ''),
	('00000000-0000-0000-0000-000000000000', '5057ffa0-5b13-48cd-8ab8-311128e59ff2', '{"action":"user_confirmation_requested","actor_id":"7f318c11-c2be-454c-9f57-cb9581ea3ade","actor_username":"jaredbarojas90@gmail.com","actor_via_sso":false,"log_type":"user","traits":{"provider":"email"}}', '2024-02-13 22:20:09.479147-07', ''),
	('00000000-0000-0000-0000-000000000000', '15d72501-56c8-4d08-8940-7983e53391fd', '{"action":"user_confirmation_requested","actor_id":"d88b75d6-6c44-44a6-9abd-318372f75752","actor_username":"harevalo1000@gmail.com","actor_via_sso":false,"log_type":"user","traits":{"provider":"email"}}', '2024-02-13 22:22:53.215898-07', ''),
	('00000000-0000-0000-0000-000000000000', 'b01867a1-4827-4348-9398-28da9b5a943f', '{"action":"user_confirmation_requested","actor_id":"7f318c11-c2be-454c-9f57-cb9581ea3ade","actor_username":"jaredbarojas90@gmail.com","actor_via_sso":false,"log_type":"user","traits":{"provider":"email"}}', '2024-02-13 22:23:52.294471-07', ''),
	('00000000-0000-0000-0000-000000000000', '8c9c306d-1ba2-463d-961c-f4ce1c2d3ced', '{"action":"user_confirmation_requested","actor_id":"d88b75d6-6c44-44a6-9abd-318372f75752","actor_username":"harevalo1000@gmail.com","actor_via_sso":false,"log_type":"user","traits":{"provider":"email"}}', '2024-02-13 22:24:41.620201-07', ''),
	('00000000-0000-0000-0000-000000000000', 'd3156642-4080-448c-a53f-070b39cb033a', '{"action":"user_confirmation_requested","actor_id":"7f318c11-c2be-454c-9f57-cb9581ea3ade","actor_username":"jaredbarojas90@gmail.com","actor_via_sso":false,"log_type":"user","traits":{"provider":"email"}}', '2024-02-13 22:30:03.210914-07', ''),
	('00000000-0000-0000-0000-000000000000', '02d285cb-48f1-482b-9248-ab6a1fe87575', '{"action":"user_confirmation_requested","actor_id":"7f318c11-c2be-454c-9f57-cb9581ea3ade","actor_username":"jaredbarojas90@gmail.com","actor_via_sso":false,"log_type":"user","traits":{"provider":"email"}}', '2024-02-13 22:32:24.125421-07', ''),
	('00000000-0000-0000-0000-000000000000', '4d0c629b-48c3-4655-8715-adeae6356bc1', '{"action":"user_deleted","actor_id":"00000000-0000-0000-0000-000000000000","actor_username":"service_role","actor_via_sso":false,"log_type":"team","traits":{"user_email":"jaredbarojas90@gmail.com","user_id":"7f318c11-c2be-454c-9f57-cb9581ea3ade","user_phone":""}}', '2024-02-13 22:32:47.156349-07', ''),
	('00000000-0000-0000-0000-000000000000', '1cee7d3b-e3e9-4013-a254-09b4f77e382f', '{"action":"user_deleted","actor_id":"00000000-0000-0000-0000-000000000000","actor_username":"service_role","actor_via_sso":false,"log_type":"team","traits":{"user_email":"harevalo1000@gmail.com","user_id":"d88b75d6-6c44-44a6-9abd-318372f75752","user_phone":""}}', '2024-02-13 22:32:53.386781-07', ''),
	('00000000-0000-0000-0000-000000000000', '0f99e8df-de21-48ce-8193-14950a58700b', '{"action":"user_confirmation_requested","actor_id":"41781c6b-d2b3-4b1e-ae0c-923a89faa9e4","actor_username":"jaredbarojas90@gmail.com","actor_via_sso":false,"log_type":"user","traits":{"provider":"email"}}', '2024-02-13 22:33:00.048679-07', ''),
	('00000000-0000-0000-0000-000000000000', 'bdceae3a-e852-425c-8c1d-59c5945c6390', '{"action":"user_deleted","actor_id":"00000000-0000-0000-0000-000000000000","actor_username":"service_role","actor_via_sso":false,"log_type":"team","traits":{"user_email":"jaredbarojas90@gmail.com","user_id":"41781c6b-d2b3-4b1e-ae0c-923a89faa9e4","user_phone":""}}', '2024-02-13 22:37:35.572094-07', ''),
	('00000000-0000-0000-0000-000000000000', 'bd330b70-8deb-4ed2-9440-93aaf099a0f1', '{"action":"user_confirmation_requested","actor_id":"1c998690-c63e-41a6-aca0-a4aa6b6aa23e","actor_username":"jaredbarojas90@gmail.com","actor_via_sso":false,"log_type":"user","traits":{"provider":"email"}}', '2024-02-13 23:01:50.814024-07', ''),
	('00000000-0000-0000-0000-000000000000', '3e54dd92-b422-485a-b4ae-3ee99a3f8150', '{"action":"user_confirmation_requested","actor_id":"1c998690-c63e-41a6-aca0-a4aa6b6aa23e","actor_username":"jaredbarojas90@gmail.com","actor_via_sso":false,"log_type":"user","traits":{"provider":"email"}}', '2024-02-13 23:06:17.454465-07', ''),
	('00000000-0000-0000-0000-000000000000', '373ccdc4-78a7-4ed7-bc1a-d8ab79fa4190', '{"action":"user_deleted","actor_id":"00000000-0000-0000-0000-000000000000","actor_username":"service_role","actor_via_sso":false,"log_type":"team","traits":{"user_email":"jaredbarojas90@gmail.com","user_id":"1c998690-c63e-41a6-aca0-a4aa6b6aa23e","user_phone":""}}', '2024-02-14 11:28:23.282359-07', ''),
	('00000000-0000-0000-0000-000000000000', '019fcd4f-9b5d-4d7f-97cc-1c57f33687bd', '{"action":"user_confirmation_requested","actor_id":"868b9b6f-86ce-48c2-845d-88c4e2bbee67","actor_username":"jaredbarojas90@gmail.com","actor_via_sso":false,"log_type":"user","traits":{"provider":"email"}}', '2024-02-14 11:28:38.276606-07', ''),
	('00000000-0000-0000-0000-000000000000', '683bf122-79c0-4066-8a5e-5411ef544087', '{"action":"user_signedup","actor_id":"868b9b6f-86ce-48c2-845d-88c4e2bbee67","actor_username":"jaredbarojas90@gmail.com","actor_via_sso":false,"log_type":"team"}', '2024-02-14 11:28:50.949497-07', ''),
	('00000000-0000-0000-0000-000000000000', '49a5fd49-9022-496f-adc1-80a8729c571a', '{"action":"token_refreshed","actor_id":"868b9b6f-86ce-48c2-845d-88c4e2bbee67","actor_username":"jaredbarojas90@gmail.com","actor_via_sso":false,"log_type":"token"}', '2024-02-14 13:20:00.53894-07', ''),
	('00000000-0000-0000-0000-000000000000', '54e8ca02-ead3-4c23-bb46-4b8761b7a6ac', '{"action":"token_revoked","actor_id":"868b9b6f-86ce-48c2-845d-88c4e2bbee67","actor_username":"jaredbarojas90@gmail.com","actor_via_sso":false,"log_type":"token"}', '2024-02-14 13:20:00.539547-07', ''),
	('00000000-0000-0000-0000-000000000000', '702b3fb5-f2c3-4032-bccd-774b6e5a7510', '{"action":"user_deleted","actor_id":"00000000-0000-0000-0000-000000000000","actor_username":"service_role","actor_via_sso":false,"log_type":"team","traits":{"user_email":"jaredbarojas90@gmail.com","user_id":"868b9b6f-86ce-48c2-845d-88c4e2bbee67","user_phone":""}}', '2024-02-14 13:20:31.510788-07', ''),
	('00000000-0000-0000-0000-000000000000', 'fa7ca154-89ae-4411-b179-c97bdd2d536f', '{"action":"user_confirmation_requested","actor_id":"09ae91ba-6f6c-4a85-ba15-80841a85ddfe","actor_username":"jaredbarojas90@gmail.com","actor_via_sso":false,"log_type":"user","traits":{"provider":"email"}}', '2024-02-14 13:20:48.799682-07', ''),
	('00000000-0000-0000-0000-000000000000', 'b2e6dd30-6953-4a13-a765-5f78b8a4691e', '{"action":"user_confirmation_requested","actor_id":"09ae91ba-6f6c-4a85-ba15-80841a85ddfe","actor_username":"jaredbarojas90@gmail.com","actor_via_sso":false,"log_type":"user","traits":{"provider":"email"}}', '2024-02-14 13:23:40.221726-07', ''),
	('00000000-0000-0000-0000-000000000000', '25085632-a3df-4217-9b72-973887a59c38', '{"action":"user_confirmation_requested","actor_id":"b3adc264-7a5f-4f12-b96e-8bc605bd7807","actor_username":"jsjid@gmail.com","actor_via_sso":false,"log_type":"user","traits":{"provider":"email"}}', '2024-02-14 16:40:53.932864-07', ''),
	('00000000-0000-0000-0000-000000000000', '75dcc9ce-0c51-4d96-8836-482716445e25', '{"action":"user_confirmation_requested","actor_id":"845e3d82-4022-4a6d-8733-099e627a5451","actor_username":"a@gmail.com","actor_via_sso":false,"log_type":"user","traits":{"provider":"email"}}', '2024-02-14 17:04:31.488737-07', ''),
	('00000000-0000-0000-0000-000000000000', 'af66b370-d85d-480d-a70e-85411e275762', '{"action":"user_deleted","actor_id":"00000000-0000-0000-0000-000000000000","actor_username":"service_role","actor_via_sso":false,"log_type":"team","traits":{"user_email":"a@gmail.com","user_id":"845e3d82-4022-4a6d-8733-099e627a5451","user_phone":""}}', '2024-02-14 17:29:26.272827-07', ''),
	('00000000-0000-0000-0000-000000000000', '02af4a8c-55ff-497e-946c-13ba3e59151a', '{"action":"user_deleted","actor_id":"00000000-0000-0000-0000-000000000000","actor_username":"service_role","actor_via_sso":false,"log_type":"team","traits":{"user_email":"jsjid@gmail.com","user_id":"b3adc264-7a5f-4f12-b96e-8bc605bd7807","user_phone":""}}', '2024-02-14 17:29:28.851425-07', ''),
	('00000000-0000-0000-0000-000000000000', '1cb8b5ef-c003-409d-b11c-e8d13a6661bf', '{"action":"user_deleted","actor_id":"00000000-0000-0000-0000-000000000000","actor_username":"service_role","actor_via_sso":false,"log_type":"team","traits":{"user_email":"jaredbarojas90@gmail.com","user_id":"09ae91ba-6f6c-4a85-ba15-80841a85ddfe","user_phone":""}}', '2024-02-14 17:29:31.969957-07', ''),
	('00000000-0000-0000-0000-000000000000', 'a12a98e2-7756-43b0-a68a-6c718845271a', '{"action":"user_confirmation_requested","actor_id":"f59d1330-6151-4127-a735-ebe5a83f41fb","actor_username":"jaredbarojas90@gmail.com","actor_via_sso":false,"log_type":"user","traits":{"provider":"email"}}', '2024-02-14 17:30:39.697385-07', ''),
	('00000000-0000-0000-0000-000000000000', '33255eb2-50f1-4657-9573-7cceb4f4c218', '{"action":"user_signedup","actor_id":"f59d1330-6151-4127-a735-ebe5a83f41fb","actor_username":"jaredbarojas90@gmail.com","actor_via_sso":false,"log_type":"team"}', '2024-02-14 17:30:56.005555-07', ''),
	('00000000-0000-0000-0000-000000000000', '1816b679-d432-4a67-ba93-0883a8ce7589', '{"action":"user_confirmation_requested","actor_id":"9437bf93-7184-43d2-832f-c420b2e3ab02","actor_username":"harevalo1000@gmail.com","actor_via_sso":false,"log_type":"user","traits":{"provider":"email"}}', '2024-02-14 17:31:40.146252-07', ''),
	('00000000-0000-0000-0000-000000000000', '8a20b32d-49a4-4135-8327-c8e51a4d96be', '{"action":"user_signedup","actor_id":"9437bf93-7184-43d2-832f-c420b2e3ab02","actor_username":"harevalo1000@gmail.com","actor_via_sso":false,"log_type":"team"}', '2024-02-14 17:32:21.080972-07', ''),
	('00000000-0000-0000-0000-000000000000', '16d766d4-31c3-4d4b-92a4-299330fd341c', '{"action":"user_recovery_requested","actor_id":"f59d1330-6151-4127-a735-ebe5a83f41fb","actor_username":"jaredbarojas90@gmail.com","actor_via_sso":false,"log_type":"user"}', '2024-02-14 17:35:08.346473-07', ''),
	('00000000-0000-0000-0000-000000000000', 'd2e0ac35-ba49-48fc-85cf-35110bd2ec5d', '{"action":"user_recovery_requested","actor_id":"9437bf93-7184-43d2-832f-c420b2e3ab02","actor_username":"harevalo1000@gmail.com","actor_via_sso":false,"log_type":"user"}', '2024-02-14 17:35:57.74517-07', ''),
	('00000000-0000-0000-0000-000000000000', '0a9adae7-5e13-4b8b-a9d3-4129751497d4', '{"action":"user_recovery_requested","actor_id":"9437bf93-7184-43d2-832f-c420b2e3ab02","actor_username":"harevalo1000@gmail.com","actor_via_sso":false,"log_type":"user"}', '2024-02-14 17:36:06.246723-07', ''),
	('00000000-0000-0000-0000-000000000000', '2ae5d8cc-4f96-4639-8064-25d0f411d8a3', '{"action":"login","actor_id":"9437bf93-7184-43d2-832f-c420b2e3ab02","actor_username":"harevalo1000@gmail.com","actor_via_sso":false,"log_type":"account"}', '2024-02-14 17:36:16.58427-07', ''),
	('00000000-0000-0000-0000-000000000000', '132d96a4-6a91-4ce3-8e01-d007663b6129', '{"action":"token_refreshed","actor_id":"9437bf93-7184-43d2-832f-c420b2e3ab02","actor_username":"harevalo1000@gmail.com","actor_via_sso":false,"log_type":"token"}', '2024-02-14 18:58:57.086148-07', ''),
	('00000000-0000-0000-0000-000000000000', '1485f146-0bfa-466f-9213-3b0d7b616946', '{"action":"token_revoked","actor_id":"9437bf93-7184-43d2-832f-c420b2e3ab02","actor_username":"harevalo1000@gmail.com","actor_via_sso":false,"log_type":"token"}', '2024-02-14 18:58:57.086707-07', ''),
	('00000000-0000-0000-0000-000000000000', 'cc2ee703-c9d2-4f49-a7b7-e08cac521aff', '{"action":"user_recovery_requested","actor_id":"9437bf93-7184-43d2-832f-c420b2e3ab02","actor_username":"harevalo1000@gmail.com","actor_via_sso":false,"log_type":"user"}', '2024-02-14 18:59:41.752884-07', ''),
	('00000000-0000-0000-0000-000000000000', '518129ba-8b4b-42cb-98b4-22cccc43e1cb', '{"action":"login","actor_id":"9437bf93-7184-43d2-832f-c420b2e3ab02","actor_username":"harevalo1000@gmail.com","actor_via_sso":false,"log_type":"account"}', '2024-02-14 18:59:51.295226-07', ''),
	('00000000-0000-0000-0000-000000000000', '1a53927b-ce4f-4e9f-aba4-cc285be787c8', '{"action":"user_recovery_requested","actor_id":"9437bf93-7184-43d2-832f-c420b2e3ab02","actor_username":"harevalo1000@gmail.com","actor_via_sso":false,"log_type":"user"}', '2024-02-14 20:39:14.267206-07', ''),
	('00000000-0000-0000-0000-000000000000', '42ecd392-3f8f-45a2-859e-152b785cfdcb', '{"action":"login","actor_id":"9437bf93-7184-43d2-832f-c420b2e3ab02","actor_username":"harevalo1000@gmail.com","actor_via_sso":false,"log_type":"account"}', '2024-02-14 20:39:24.013276-07', ''),
	('00000000-0000-0000-0000-000000000000', '28d48173-96c5-4a1e-895d-0b7c831a0f87', '{"action":"user_recovery_requested","actor_id":"9437bf93-7184-43d2-832f-c420b2e3ab02","actor_username":"harevalo1000@gmail.com","actor_via_sso":false,"log_type":"user"}', '2024-02-14 20:41:11.127114-07', ''),
	('00000000-0000-0000-0000-000000000000', '4eace335-2ca8-40fe-92da-c551e64d477b', '{"action":"user_recovery_requested","actor_id":"9437bf93-7184-43d2-832f-c420b2e3ab02","actor_username":"harevalo1000@gmail.com","actor_via_sso":false,"log_type":"user"}', '2024-02-14 20:41:43.101939-07', ''),
	('00000000-0000-0000-0000-000000000000', 'cc7e9a83-e936-4f68-b9d5-19d7ce1a9ece', '{"action":"login","actor_id":"9437bf93-7184-43d2-832f-c420b2e3ab02","actor_username":"harevalo1000@gmail.com","actor_via_sso":false,"log_type":"account"}', '2024-02-14 20:41:56.736725-07', ''),
	('00000000-0000-0000-0000-000000000000', '4a691ef0-b69d-4fad-a7fd-708b7d1c1ee0', '{"action":"user_updated_password","actor_id":"9437bf93-7184-43d2-832f-c420b2e3ab02","actor_username":"harevalo1000@gmail.com","actor_via_sso":false,"log_type":"user"}', '2024-02-14 20:44:39.687713-07', ''),
	('00000000-0000-0000-0000-000000000000', 'd406bb6e-5c6b-4fe8-964c-03ec1100ef82', '{"action":"user_modified","actor_id":"9437bf93-7184-43d2-832f-c420b2e3ab02","actor_username":"harevalo1000@gmail.com","actor_via_sso":false,"log_type":"user"}', '2024-02-14 20:44:39.688312-07', ''),
	('00000000-0000-0000-0000-000000000000', 'c817862b-9056-45b4-9cf7-2d83934f6ce2', '{"action":"login","actor_id":"9437bf93-7184-43d2-832f-c420b2e3ab02","actor_username":"harevalo1000@gmail.com","actor_via_sso":false,"log_type":"account","traits":{"provider":"email"}}', '2024-02-14 20:45:09.118941-07', ''),
	('00000000-0000-0000-0000-000000000000', '1b118e40-cc6f-4fe5-87d7-e26a329d67d2', '{"action":"login","actor_id":"9437bf93-7184-43d2-832f-c420b2e3ab02","actor_username":"harevalo1000@gmail.com","actor_via_sso":false,"log_type":"account","traits":{"provider":"email"}}', '2024-02-14 20:45:10.851691-07', ''),
	('00000000-0000-0000-0000-000000000000', '7055be05-bd4f-4fe5-8275-4567f3e2a86d', '{"action":"login","actor_id":"9437bf93-7184-43d2-832f-c420b2e3ab02","actor_username":"harevalo1000@gmail.com","actor_via_sso":false,"log_type":"account","traits":{"provider":"email"}}', '2024-02-14 20:45:11.085461-07', ''),
	('00000000-0000-0000-0000-000000000000', 'a74565be-b2e4-453f-8a58-a035bc79b9c9', '{"action":"login","actor_id":"9437bf93-7184-43d2-832f-c420b2e3ab02","actor_username":"harevalo1000@gmail.com","actor_via_sso":false,"log_type":"account","traits":{"provider":"email"}}', '2024-02-14 21:44:03.331064-07', ''),
	('00000000-0000-0000-0000-000000000000', 'e962a5de-5c5c-4c50-9791-a6d13062677d', '{"action":"login","actor_id":"9437bf93-7184-43d2-832f-c420b2e3ab02","actor_username":"harevalo1000@gmail.com","actor_via_sso":false,"log_type":"account","traits":{"provider":"email"}}', '2024-02-14 21:44:04.670515-07', ''),
	('00000000-0000-0000-0000-000000000000', '774aca49-55d7-49c3-8ed9-96235844bf6f', '{"action":"login","actor_id":"9437bf93-7184-43d2-832f-c420b2e3ab02","actor_username":"harevalo1000@gmail.com","actor_via_sso":false,"log_type":"account","traits":{"provider":"email"}}', '2024-02-14 21:44:04.865824-07', ''),
	('00000000-0000-0000-0000-000000000000', 'a3039f85-d3a5-4543-a36d-6840b7e8a192', '{"action":"login","actor_id":"9437bf93-7184-43d2-832f-c420b2e3ab02","actor_username":"harevalo1000@gmail.com","actor_via_sso":false,"log_type":"account","traits":{"provider":"email"}}', '2024-02-14 21:44:05.192622-07', ''),
	('00000000-0000-0000-0000-000000000000', '8d4811c7-407e-4639-ad46-b1e267233516', '{"action":"login","actor_id":"9437bf93-7184-43d2-832f-c420b2e3ab02","actor_username":"harevalo1000@gmail.com","actor_via_sso":false,"log_type":"account","traits":{"provider":"email"}}', '2024-02-14 21:44:05.551335-07', ''),
	('00000000-0000-0000-0000-000000000000', '01ea0eca-2c48-46f4-beaf-ef67a995ba74', '{"action":"token_refreshed","actor_id":"9437bf93-7184-43d2-832f-c420b2e3ab02","actor_username":"harevalo1000@gmail.com","actor_via_sso":false,"log_type":"token"}', '2024-02-15 12:11:13.337152-07', ''),
	('00000000-0000-0000-0000-000000000000', '8602407d-103a-4128-ab9c-d3cba666c6d3', '{"action":"token_revoked","actor_id":"9437bf93-7184-43d2-832f-c420b2e3ab02","actor_username":"harevalo1000@gmail.com","actor_via_sso":false,"log_type":"token"}', '2024-02-15 12:11:13.338074-07', ''),
	('00000000-0000-0000-0000-000000000000', '88acad02-a676-4029-849e-250f2fab04fe', '{"action":"user_repeated_signup","actor_id":"f59d1330-6151-4127-a735-ebe5a83f41fb","actor_username":"jaredbarojas90@gmail.com","actor_via_sso":false,"log_type":"user","traits":{"provider":"email"}}', '2024-02-15 12:11:36.550558-07', ''),
	('00000000-0000-0000-0000-000000000000', '61d0aada-f63b-4411-a8b4-78838beb738d', '{"action":"user_repeated_signup","actor_id":"f59d1330-6151-4127-a735-ebe5a83f41fb","actor_username":"jaredbarojas90@gmail.com","actor_via_sso":false,"log_type":"user","traits":{"provider":"email"}}', '2024-02-15 12:22:42.756639-07', ''),
	('00000000-0000-0000-0000-000000000000', 'd9842379-922b-4c83-b022-b4c9dd4138a2', '{"action":"user_repeated_signup","actor_id":"f59d1330-6151-4127-a735-ebe5a83f41fb","actor_username":"jaredbarojas90@gmail.com","actor_via_sso":false,"log_type":"user","traits":{"provider":"email"}}', '2024-02-15 12:23:10.308409-07', ''),
	('00000000-0000-0000-0000-000000000000', '5ae30ab4-d0a6-44a0-8152-b44f1373c012', '{"action":"user_repeated_signup","actor_id":"f59d1330-6151-4127-a735-ebe5a83f41fb","actor_username":"jaredbarojas90@gmail.com","actor_via_sso":false,"log_type":"user","traits":{"provider":"email"}}', '2024-02-15 12:23:32.89659-07', ''),
	('00000000-0000-0000-0000-000000000000', '146e7eb5-ca22-4afb-b72e-8ba34f1c582f', '{"action":"user_repeated_signup","actor_id":"f59d1330-6151-4127-a735-ebe5a83f41fb","actor_username":"jaredbarojas90@gmail.com","actor_via_sso":false,"log_type":"user","traits":{"provider":"email"}}', '2024-02-15 12:23:50.409284-07', ''),
	('00000000-0000-0000-0000-000000000000', 'a4c37e69-d737-4674-a2a2-c233d49d494f', '{"action":"user_repeated_signup","actor_id":"f59d1330-6151-4127-a735-ebe5a83f41fb","actor_username":"jaredbarojas90@gmail.com","actor_via_sso":false,"log_type":"user","traits":{"provider":"email"}}', '2024-02-15 12:24:24.734413-07', ''),
	('00000000-0000-0000-0000-000000000000', 'be417a12-1e9c-48c2-9b21-f0a85d3c2cf0', '{"action":"user_repeated_signup","actor_id":"f59d1330-6151-4127-a735-ebe5a83f41fb","actor_username":"jaredbarojas90@gmail.com","actor_via_sso":false,"log_type":"user","traits":{"provider":"email"}}', '2024-02-15 12:28:23.652571-07', ''),
	('00000000-0000-0000-0000-000000000000', '09f5d518-5614-4a2d-8efe-8299bbc5bddc', '{"action":"user_repeated_signup","actor_id":"f59d1330-6151-4127-a735-ebe5a83f41fb","actor_username":"jaredbarojas90@gmail.com","actor_via_sso":false,"log_type":"user","traits":{"provider":"email"}}', '2024-02-15 12:28:43.077078-07', ''),
	('00000000-0000-0000-0000-000000000000', '6ffbd15a-029c-4e15-a0d3-0dfc6b09070c', '{"action":"user_repeated_signup","actor_id":"f59d1330-6151-4127-a735-ebe5a83f41fb","actor_username":"jaredbarojas90@gmail.com","actor_via_sso":false,"log_type":"user","traits":{"provider":"email"}}', '2024-02-15 12:28:56.319526-07', ''),
	('00000000-0000-0000-0000-000000000000', '2a9ffea9-e0b7-4cd3-ab19-93eb4407d6eb', '{"action":"user_repeated_signup","actor_id":"f59d1330-6151-4127-a735-ebe5a83f41fb","actor_username":"jaredbarojas90@gmail.com","actor_via_sso":false,"log_type":"user","traits":{"provider":"email"}}', '2024-02-15 12:29:26.006416-07', ''),
	('00000000-0000-0000-0000-000000000000', '96669b8a-58b6-4e2b-bf5a-0b39811b3897', '{"action":"user_repeated_signup","actor_id":"f59d1330-6151-4127-a735-ebe5a83f41fb","actor_username":"jaredbarojas90@gmail.com","actor_via_sso":false,"log_type":"user","traits":{"provider":"email"}}', '2024-02-15 12:29:54.999581-07', ''),
	('00000000-0000-0000-0000-000000000000', '81027422-5732-485b-99dc-09dfcf6a554c', '{"action":"user_repeated_signup","actor_id":"f59d1330-6151-4127-a735-ebe5a83f41fb","actor_username":"jaredbarojas90@gmail.com","actor_via_sso":false,"log_type":"user","traits":{"provider":"email"}}', '2024-02-15 12:31:28.261107-07', ''),
	('00000000-0000-0000-0000-000000000000', '4b51fa55-cedc-4f51-85a1-4c683c3a8b1e', '{"action":"user_repeated_signup","actor_id":"f59d1330-6151-4127-a735-ebe5a83f41fb","actor_username":"jaredbarojas90@gmail.com","actor_via_sso":false,"log_type":"user","traits":{"provider":"email"}}', '2024-02-15 12:31:55.522235-07', ''),
	('00000000-0000-0000-0000-000000000000', 'fe4da014-b604-47aa-bd7b-132dbb2db566', '{"action":"user_repeated_signup","actor_id":"f59d1330-6151-4127-a735-ebe5a83f41fb","actor_username":"jaredbarojas90@gmail.com","actor_via_sso":false,"log_type":"user","traits":{"provider":"email"}}', '2024-02-15 12:32:11.375361-07', ''),
	('00000000-0000-0000-0000-000000000000', '2fe48456-f34e-4103-86b8-ed7ae02eca3f', '{"action":"user_repeated_signup","actor_id":"f59d1330-6151-4127-a735-ebe5a83f41fb","actor_username":"jaredbarojas90@gmail.com","actor_via_sso":false,"log_type":"user","traits":{"provider":"email"}}', '2024-02-15 12:35:40.570259-07', ''),
	('00000000-0000-0000-0000-000000000000', 'aa51bd37-eb03-4c89-b903-32c10a5c6677', '{"action":"user_repeated_signup","actor_id":"f59d1330-6151-4127-a735-ebe5a83f41fb","actor_username":"jaredbarojas90@gmail.com","actor_via_sso":false,"log_type":"user","traits":{"provider":"email"}}', '2024-02-15 12:36:56.434507-07', ''),
	('00000000-0000-0000-0000-000000000000', '892c0e2f-6ebc-443f-9a47-3b326546dbd9', '{"action":"user_repeated_signup","actor_id":"f59d1330-6151-4127-a735-ebe5a83f41fb","actor_username":"jaredbarojas90@gmail.com","actor_via_sso":false,"log_type":"user","traits":{"provider":"email"}}', '2024-02-15 12:37:40.845358-07', ''),
	('00000000-0000-0000-0000-000000000000', '900f4f78-e2fe-40f8-94ff-a4507991b8df', '{"action":"user_repeated_signup","actor_id":"f59d1330-6151-4127-a735-ebe5a83f41fb","actor_username":"jaredbarojas90@gmail.com","actor_via_sso":false,"log_type":"user","traits":{"provider":"email"}}', '2024-02-15 12:38:52.045038-07', ''),
	('00000000-0000-0000-0000-000000000000', 'e195479e-e44e-4c2c-b38d-25eb851a1a8f', '{"action":"user_repeated_signup","actor_id":"f59d1330-6151-4127-a735-ebe5a83f41fb","actor_username":"jaredbarojas90@gmail.com","actor_via_sso":false,"log_type":"user","traits":{"provider":"email"}}', '2024-02-15 12:39:01.792309-07', ''),
	('00000000-0000-0000-0000-000000000000', '054233fb-5dc6-4bf4-bb05-d24f5476105b', '{"action":"user_deleted","actor_id":"00000000-0000-0000-0000-000000000000","actor_username":"service_role","actor_via_sso":false,"log_type":"team","traits":{"user_email":"jaredbarojas90@gmail.com","user_id":"f59d1330-6151-4127-a735-ebe5a83f41fb","user_phone":""}}', '2024-02-15 12:40:31.514164-07', ''),
	('00000000-0000-0000-0000-000000000000', '29daddfc-4c4a-4dcf-ba32-f7ec32207260', '{"action":"user_confirmation_requested","actor_id":"399de95e-18da-428c-9bbd-a52cafae8478","actor_username":"jaredbarojas90@gmail.com","actor_via_sso":false,"log_type":"user","traits":{"provider":"email"}}', '2024-02-15 12:40:37.933631-07', ''),
	('00000000-0000-0000-0000-000000000000', 'caabd5e5-b898-43c6-a2f6-557553223ca0', '{"action":"user_deleted","actor_id":"00000000-0000-0000-0000-000000000000","actor_username":"service_role","actor_via_sso":false,"log_type":"team","traits":{"user_email":"jaredbarojas90@gmail.com","user_id":"399de95e-18da-428c-9bbd-a52cafae8478","user_phone":""}}', '2024-02-15 12:43:56.575644-07', ''),
	('00000000-0000-0000-0000-000000000000', '5354da83-0fd1-4662-bfc4-ca6bbb23b4da', '{"action":"user_confirmation_requested","actor_id":"2123a01d-61a1-4dfc-b142-5f563ce97e46","actor_username":"jaredbarojas90@gmail.com","actor_via_sso":false,"log_type":"user","traits":{"provider":"email"}}', '2024-02-15 12:44:26.405138-07', ''),
	('00000000-0000-0000-0000-000000000000', '6dd41081-c810-47f0-8317-7d828cb33748', '{"action":"user_confirmation_requested","actor_id":"2123a01d-61a1-4dfc-b142-5f563ce97e46","actor_username":"jaredbarojas90@gmail.com","actor_via_sso":false,"log_type":"user","traits":{"provider":"email"}}', '2024-02-15 12:45:36.755492-07', ''),
	('00000000-0000-0000-0000-000000000000', 'c0927989-1ea0-4b38-aab6-c5b2b7dab734', '{"action":"user_confirmation_requested","actor_id":"2123a01d-61a1-4dfc-b142-5f563ce97e46","actor_username":"jaredbarojas90@gmail.com","actor_via_sso":false,"log_type":"user","traits":{"provider":"email"}}', '2024-02-15 12:46:25.272993-07', ''),
	('00000000-0000-0000-0000-000000000000', '29d6d4d7-90a0-47ce-b469-31731b29ab17', '{"action":"user_confirmation_requested","actor_id":"2123a01d-61a1-4dfc-b142-5f563ce97e46","actor_username":"jaredbarojas90@gmail.com","actor_via_sso":false,"log_type":"user","traits":{"provider":"email"}}', '2024-02-15 12:46:55.744756-07', ''),
	('00000000-0000-0000-0000-000000000000', '64366adb-a120-4321-a423-26193a22460c', '{"action":"user_confirmation_requested","actor_id":"2123a01d-61a1-4dfc-b142-5f563ce97e46","actor_username":"jaredbarojas90@gmail.com","actor_via_sso":false,"log_type":"user","traits":{"provider":"email"}}', '2024-02-15 12:47:56.167576-07', ''),
	('00000000-0000-0000-0000-000000000000', 'e1b12909-8a91-4764-a262-32cf63b9d82b', '{"action":"user_confirmation_requested","actor_id":"2123a01d-61a1-4dfc-b142-5f563ce97e46","actor_username":"jaredbarojas90@gmail.com","actor_via_sso":false,"log_type":"user","traits":{"provider":"email"}}', '2024-02-15 12:48:39.06121-07', ''),
	('00000000-0000-0000-0000-000000000000', '9df26790-7e29-4d89-9480-9250d335ca94', '{"action":"user_confirmation_requested","actor_id":"2123a01d-61a1-4dfc-b142-5f563ce97e46","actor_username":"jaredbarojas90@gmail.com","actor_via_sso":false,"log_type":"user","traits":{"provider":"email"}}', '2024-02-15 12:52:08.203047-07', ''),
	('00000000-0000-0000-0000-000000000000', 'e354eac9-43e9-45e2-be67-859cafe9970e', '{"action":"user_confirmation_requested","actor_id":"b41d54c5-24ab-4a7d-95f5-2ae9f79cd23d","actor_username":"osunadaniel39@gmail.com","actor_via_sso":false,"log_type":"user","traits":{"provider":"email"}}', '2024-02-15 13:31:28.557274-07', ''),
	('00000000-0000-0000-0000-000000000000', '277c18cd-b1fa-4cb4-97f3-92d8a7432b3e', '{"action":"user_signedup","actor_id":"b41d54c5-24ab-4a7d-95f5-2ae9f79cd23d","actor_username":"osunadaniel39@gmail.com","actor_via_sso":false,"log_type":"team"}', '2024-02-15 13:31:54.030666-07', ''),
	('00000000-0000-0000-0000-000000000000', 'b3d2c341-b0a2-49d0-815e-ee782c04e57d', '{"action":"login","actor_id":"0e92145a-1df8-4d8f-96e7-a7620c87403c","actor_username":"luisdevv232@gmail.com","actor_via_sso":false,"log_type":"account","traits":{"provider":"email"}}', '2024-02-15 13:32:37.6994-07', ''),
	('00000000-0000-0000-0000-000000000000', '18938b97-6eb9-40c9-8b3b-3ff4e5076489', '{"action":"login","actor_id":"0e92145a-1df8-4d8f-96e7-a7620c87403c","actor_username":"luisdevv232@gmail.com","actor_via_sso":false,"log_type":"account","traits":{"provider":"email"}}', '2024-02-15 13:32:41.404222-07', ''),
	('00000000-0000-0000-0000-000000000000', 'de0a6da7-b81d-4372-8cd9-a412b30e1c53', '{"action":"user_confirmation_requested","actor_id":"8545bfd0-77ee-47a4-b1f7-17845d88bbbf","actor_username":"luisernestohernandez1@hotmail.com","actor_via_sso":false,"log_type":"user","traits":{"provider":"email"}}', '2024-02-15 13:35:05.273226-07', ''),
	('00000000-0000-0000-0000-000000000000', 'bfd8084e-b923-4034-8bda-6471b506bdfe', '{"action":"user_confirmation_requested","actor_id":"7cd75b62-033c-432c-bc7f-b1229dd0e0e6","actor_username":"andresantelo89@gmail.com","actor_via_sso":false,"log_type":"user","traits":{"provider":"email"}}', '2024-02-15 13:35:10.045447-07', ''),
	('00000000-0000-0000-0000-000000000000', '2fe318ea-f758-4c75-818f-8cf8bc9be92b', '{"action":"user_signedup","actor_id":"8545bfd0-77ee-47a4-b1f7-17845d88bbbf","actor_username":"luisernestohernandez1@hotmail.com","actor_via_sso":false,"log_type":"team"}', '2024-02-15 13:36:15.786508-07', ''),
	('00000000-0000-0000-0000-000000000000', '371e97a5-0932-48bb-a79a-4bdeac045d26', '{"action":"login","actor_id":"8545bfd0-77ee-47a4-b1f7-17845d88bbbf","actor_username":"luisernestohernandez1@hotmail.com","actor_via_sso":false,"log_type":"account","traits":{"provider":"email"}}', '2024-02-15 13:36:57.637102-07', ''),
	('00000000-0000-0000-0000-000000000000', '8694da55-99b8-41ae-ac10-801f6b969e57', '{"action":"login","actor_id":"8545bfd0-77ee-47a4-b1f7-17845d88bbbf","actor_username":"luisernestohernandez1@hotmail.com","actor_via_sso":false,"log_type":"account","traits":{"provider":"email"}}', '2024-02-15 13:37:01.276384-07', ''),
	('00000000-0000-0000-0000-000000000000', 'e5c8e45e-8f2e-42b5-9c3e-9cacc9427745', '{"action":"login","actor_id":"8545bfd0-77ee-47a4-b1f7-17845d88bbbf","actor_username":"luisernestohernandez1@hotmail.com","actor_via_sso":false,"log_type":"account","traits":{"provider":"email"}}', '2024-02-15 13:37:02.100692-07', ''),
	('00000000-0000-0000-0000-000000000000', 'c7d30874-cc48-44d4-a38c-0b89a743ee99', '{"action":"login","actor_id":"8545bfd0-77ee-47a4-b1f7-17845d88bbbf","actor_username":"luisernestohernandez1@hotmail.com","actor_via_sso":false,"log_type":"account","traits":{"provider":"email"}}', '2024-02-15 13:37:03.405573-07', ''),
	('00000000-0000-0000-0000-000000000000', '702992dd-efbf-429b-ab70-0dd047b2b202', '{"action":"login","actor_id":"8545bfd0-77ee-47a4-b1f7-17845d88bbbf","actor_username":"luisernestohernandez1@hotmail.com","actor_via_sso":false,"log_type":"account","traits":{"provider":"email"}}', '2024-02-15 13:37:04.063704-07', ''),
	('00000000-0000-0000-0000-000000000000', '76d38226-38f6-44e5-8c1b-1ab0d3e2a327', '{"action":"login","actor_id":"8545bfd0-77ee-47a4-b1f7-17845d88bbbf","actor_username":"luisernestohernandez1@hotmail.com","actor_via_sso":false,"log_type":"account","traits":{"provider":"email"}}', '2024-02-15 13:37:04.280433-07', ''),
	('00000000-0000-0000-0000-000000000000', '15d40806-778d-444f-8b81-38d47dd647ae', '{"action":"login","actor_id":"8545bfd0-77ee-47a4-b1f7-17845d88bbbf","actor_username":"luisernestohernandez1@hotmail.com","actor_via_sso":false,"log_type":"account","traits":{"provider":"email"}}', '2024-02-15 13:37:04.54323-07', ''),
	('00000000-0000-0000-0000-000000000000', '7990d952-66c8-4639-a809-27fc7d245fcd', '{"action":"login","actor_id":"8545bfd0-77ee-47a4-b1f7-17845d88bbbf","actor_username":"luisernestohernandez1@hotmail.com","actor_via_sso":false,"log_type":"account","traits":{"provider":"email"}}', '2024-02-15 13:37:06.877542-07', ''),
	('00000000-0000-0000-0000-000000000000', '9c78cd8d-a219-4bcc-8bc8-699b36d0d24b', '{"action":"login","actor_id":"8545bfd0-77ee-47a4-b1f7-17845d88bbbf","actor_username":"luisernestohernandez1@hotmail.com","actor_via_sso":false,"log_type":"account","traits":{"provider":"email"}}', '2024-02-15 13:37:06.989729-07', ''),
	('00000000-0000-0000-0000-000000000000', '013f5be5-8a41-4bf3-9e5d-56d74288bc11', '{"action":"login","actor_id":"8545bfd0-77ee-47a4-b1f7-17845d88bbbf","actor_username":"luisernestohernandez1@hotmail.com","actor_via_sso":false,"log_type":"account","traits":{"provider":"email"}}', '2024-02-15 13:37:07.209673-07', ''),
	('00000000-0000-0000-0000-000000000000', '1245fd03-90e2-4326-be47-a89f90980112', '{"action":"login","actor_id":"8545bfd0-77ee-47a4-b1f7-17845d88bbbf","actor_username":"luisernestohernandez1@hotmail.com","actor_via_sso":false,"log_type":"account","traits":{"provider":"email"}}', '2024-02-15 13:37:07.279958-07', ''),
	('00000000-0000-0000-0000-000000000000', 'af377a45-3db7-4e86-b9f8-6d14d3ee4218', '{"action":"login","actor_id":"8545bfd0-77ee-47a4-b1f7-17845d88bbbf","actor_username":"luisernestohernandez1@hotmail.com","actor_via_sso":false,"log_type":"account","traits":{"provider":"email"}}', '2024-02-15 13:37:09.773427-07', ''),
	('00000000-0000-0000-0000-000000000000', 'b94aebaa-8c04-4578-b036-cec6f19e7a8e', '{"action":"login","actor_id":"8545bfd0-77ee-47a4-b1f7-17845d88bbbf","actor_username":"luisernestohernandez1@hotmail.com","actor_via_sso":false,"log_type":"account","traits":{"provider":"email"}}', '2024-02-15 13:37:09.794743-07', ''),
	('00000000-0000-0000-0000-000000000000', '2dd85090-725e-4019-aa6c-e047a6d7c97a', '{"action":"login","actor_id":"8545bfd0-77ee-47a4-b1f7-17845d88bbbf","actor_username":"luisernestohernandez1@hotmail.com","actor_via_sso":false,"log_type":"account","traits":{"provider":"email"}}', '2024-02-15 13:37:09.997618-07', ''),
	('00000000-0000-0000-0000-000000000000', '97eb58fa-668a-4035-b6c9-23e37970e888', '{"action":"login","actor_id":"8545bfd0-77ee-47a4-b1f7-17845d88bbbf","actor_username":"luisernestohernandez1@hotmail.com","actor_via_sso":false,"log_type":"account","traits":{"provider":"email"}}', '2024-02-15 13:37:10.049002-07', ''),
	('00000000-0000-0000-0000-000000000000', '4309bee4-170f-48ee-b561-9397dcea0a0f', '{"action":"login","actor_id":"8545bfd0-77ee-47a4-b1f7-17845d88bbbf","actor_username":"luisernestohernandez1@hotmail.com","actor_via_sso":false,"log_type":"account","traits":{"provider":"email"}}', '2024-02-15 13:37:10.22815-07', ''),
	('00000000-0000-0000-0000-000000000000', '2081d13c-179d-48fd-ada0-8c79dcfce18c', '{"action":"login","actor_id":"8545bfd0-77ee-47a4-b1f7-17845d88bbbf","actor_username":"luisernestohernandez1@hotmail.com","actor_via_sso":false,"log_type":"account","traits":{"provider":"email"}}', '2024-02-15 13:37:10.384753-07', ''),
	('00000000-0000-0000-0000-000000000000', '37e0c0a0-8353-4293-a9f3-5bd29a72aa84', '{"action":"user_confirmation_requested","actor_id":"823966f6-dd8b-4387-bd08-286a9cca87c7","actor_username":"karolina14badilla@gmail.com","actor_via_sso":false,"log_type":"user","traits":{"provider":"email"}}', '2024-02-15 13:37:11.062324-07', ''),
	('00000000-0000-0000-0000-000000000000', 'd257a878-34c4-429b-9cd2-226a051bf0fa', '{"action":"login","actor_id":"8545bfd0-77ee-47a4-b1f7-17845d88bbbf","actor_username":"luisernestohernandez1@hotmail.com","actor_via_sso":false,"log_type":"account","traits":{"provider":"email"}}', '2024-02-15 13:37:13.989473-07', ''),
	('00000000-0000-0000-0000-000000000000', '0ccf8b80-8d89-4895-bfd9-eaf8168577f8', '{"action":"login","actor_id":"8545bfd0-77ee-47a4-b1f7-17845d88bbbf","actor_username":"luisernestohernandez1@hotmail.com","actor_via_sso":false,"log_type":"account","traits":{"provider":"email"}}', '2024-02-15 13:37:14.048932-07', ''),
	('00000000-0000-0000-0000-000000000000', '09486abe-62ed-4345-8620-b9ff404e766c', '{"action":"login","actor_id":"8545bfd0-77ee-47a4-b1f7-17845d88bbbf","actor_username":"luisernestohernandez1@hotmail.com","actor_via_sso":false,"log_type":"account","traits":{"provider":"email"}}', '2024-02-15 13:37:14.221791-07', ''),
	('00000000-0000-0000-0000-000000000000', 'e43ee495-6db6-4177-a903-754691584229', '{"action":"login","actor_id":"8545bfd0-77ee-47a4-b1f7-17845d88bbbf","actor_username":"luisernestohernandez1@hotmail.com","actor_via_sso":false,"log_type":"account","traits":{"provider":"email"}}', '2024-02-15 13:37:15.592091-07', ''),
	('00000000-0000-0000-0000-000000000000', '3b30c01a-e573-45d8-abcd-8c617b5d7290', '{"action":"login","actor_id":"8545bfd0-77ee-47a4-b1f7-17845d88bbbf","actor_username":"luisernestohernandez1@hotmail.com","actor_via_sso":false,"log_type":"account","traits":{"provider":"email"}}', '2024-02-15 13:37:15.796995-07', ''),
	('00000000-0000-0000-0000-000000000000', '21575d53-632f-4467-b35a-e4119f8dad8c', '{"action":"login","actor_id":"8545bfd0-77ee-47a4-b1f7-17845d88bbbf","actor_username":"luisernestohernandez1@hotmail.com","actor_via_sso":false,"log_type":"account","traits":{"provider":"email"}}', '2024-02-15 13:37:16.141091-07', ''),
	('00000000-0000-0000-0000-000000000000', '93303618-c99e-4cd5-81ad-d19eb9fa40dc', '{"action":"login","actor_id":"8545bfd0-77ee-47a4-b1f7-17845d88bbbf","actor_username":"luisernestohernandez1@hotmail.com","actor_via_sso":false,"log_type":"account","traits":{"provider":"email"}}', '2024-02-15 13:37:16.344675-07', ''),
	('00000000-0000-0000-0000-000000000000', 'acfa4234-a3f4-4b20-a69d-7db4a810c5f7', '{"action":"login","actor_id":"8545bfd0-77ee-47a4-b1f7-17845d88bbbf","actor_username":"luisernestohernandez1@hotmail.com","actor_via_sso":false,"log_type":"account","traits":{"provider":"email"}}', '2024-02-15 13:37:16.55195-07', ''),
	('00000000-0000-0000-0000-000000000000', '4b8b4df8-a62d-4620-b18b-a9c4f0c06e33', '{"action":"login","actor_id":"8545bfd0-77ee-47a4-b1f7-17845d88bbbf","actor_username":"luisernestohernandez1@hotmail.com","actor_via_sso":false,"log_type":"account","traits":{"provider":"email"}}', '2024-02-15 13:37:16.819927-07', ''),
	('00000000-0000-0000-0000-000000000000', '0976e9f7-b640-45fe-bf69-5c8897fcb776', '{"action":"login","actor_id":"8545bfd0-77ee-47a4-b1f7-17845d88bbbf","actor_username":"luisernestohernandez1@hotmail.com","actor_via_sso":false,"log_type":"account","traits":{"provider":"email"}}', '2024-02-15 13:37:17.016313-07', ''),
	('00000000-0000-0000-0000-000000000000', 'f1956d1a-4c42-4e96-a486-5055126384ac', '{"action":"login","actor_id":"8545bfd0-77ee-47a4-b1f7-17845d88bbbf","actor_username":"luisernestohernandez1@hotmail.com","actor_via_sso":false,"log_type":"account","traits":{"provider":"email"}}', '2024-02-15 13:37:32.220904-07', ''),
	('00000000-0000-0000-0000-000000000000', '936e5f35-7a1a-4d9b-ae2e-2ad11be6e8f2', '{"action":"login","actor_id":"8545bfd0-77ee-47a4-b1f7-17845d88bbbf","actor_username":"luisernestohernandez1@hotmail.com","actor_via_sso":false,"log_type":"account","traits":{"provider":"email"}}', '2024-02-15 13:37:32.922385-07', ''),
	('00000000-0000-0000-0000-000000000000', 'bd5672d3-0dcf-488c-acf3-b28e0e1861bd', '{"action":"user_confirmation_requested","actor_id":"7cd75b62-033c-432c-bc7f-b1229dd0e0e6","actor_username":"andresantelo89@gmail.com","actor_via_sso":false,"log_type":"user","traits":{"provider":"email"}}', '2024-02-15 13:38:28.82639-07', ''),
	('00000000-0000-0000-0000-000000000000', '1d4bdefb-8f57-48bf-951f-ff892b3f3fa3', '{"action":"user_confirmation_requested","actor_id":"823966f6-dd8b-4387-bd08-286a9cca87c7","actor_username":"karolina14badilla@gmail.com","actor_via_sso":false,"log_type":"user","traits":{"provider":"email"}}', '2024-02-15 13:38:36.760592-07', ''),
	('00000000-0000-0000-0000-000000000000', '7b772f51-fa00-4816-87e1-adf508331a2d', '{"action":"user_confirmation_requested","actor_id":"2123a01d-61a1-4dfc-b142-5f563ce97e46","actor_username":"jaredbarojas90@gmail.com","actor_via_sso":false,"log_type":"user","traits":{"provider":"email"}}', '2024-02-15 13:39:21.509891-07', ''),
	('00000000-0000-0000-0000-000000000000', '142e89fe-ba2e-4f3a-a08d-34d9614b44d4', '{"action":"user_confirmation_requested","actor_id":"2123a01d-61a1-4dfc-b142-5f563ce97e46","actor_username":"jaredbarojas90@gmail.com","actor_via_sso":false,"log_type":"user","traits":{"provider":"email"}}', '2024-02-15 13:40:26.948007-07', ''),
	('00000000-0000-0000-0000-000000000000', '81f4a226-3f51-427e-a1b6-fcc54689660b', '{"action":"user_confirmation_requested","actor_id":"fc905cbb-7df4-43b0-953e-14dede82a0c8","actor_username":"jaredbarojas90@gmail.comhaha","actor_via_sso":false,"log_type":"user","traits":{"provider":"email"}}', '2024-02-15 13:40:36.046335-07', ''),
	('00000000-0000-0000-0000-000000000000', '8eabbd3f-fc25-409b-b327-7d12743dab0f', '{"action":"user_confirmation_requested","actor_id":"221ea19f-fc73-47ab-82d1-a1b2e97f1e31","actor_username":"karolina11abigail@gmail.com","actor_via_sso":false,"log_type":"user","traits":{"provider":"email"}}', '2024-02-15 13:42:20.26473-07', ''),
	('00000000-0000-0000-0000-000000000000', '8ba24cf1-5f0a-46e4-971d-84febc5873f5', '{"action":"user_confirmation_requested","actor_id":"2123a01d-61a1-4dfc-b142-5f563ce97e46","actor_username":"jaredbarojas90@gmail.com","actor_via_sso":false,"log_type":"user","traits":{"provider":"email"}}', '2024-02-15 13:42:52.139991-07', ''),
	('00000000-0000-0000-0000-000000000000', 'abb5dd63-abeb-41e4-a988-02102f7ee974', '{"action":"user_confirmation_requested","actor_id":"2123a01d-61a1-4dfc-b142-5f563ce97e46","actor_username":"jaredbarojas90@gmail.com","actor_via_sso":false,"log_type":"user","traits":{"provider":"email"}}', '2024-02-15 13:51:28.582712-07', ''),
	('00000000-0000-0000-0000-000000000000', '4f34b5d0-0180-4f34-be97-2f21ff34b9ca', '{"action":"user_confirmation_requested","actor_id":"e51d4485-d91e-424d-84fb-b2ee64b4a8ba","actor_username":"jaredvar@ganl.xon","actor_via_sso":false,"log_type":"user","traits":{"provider":"email"}}', '2024-02-15 13:52:22.282334-07', ''),
	('00000000-0000-0000-0000-000000000000', '08a0b526-6490-4e2b-b341-9375aad1def4', '{"action":"user_confirmation_requested","actor_id":"294c7d8c-1e37-4ead-a948-6aaffe515dc8","actor_username":"hxhdhshs@gamilc.oom","actor_via_sso":false,"log_type":"user","traits":{"provider":"email"}}', '2024-02-15 14:00:34.486748-07', ''),
	('00000000-0000-0000-0000-000000000000', '91d5e48a-e7f2-42d3-91b9-7e3aa58d96f4', '{"action":"token_refreshed","actor_id":"e5c0edd7-0f80-41a8-8533-86d97b160393","actor_username":"daeb2222@gmail.com","actor_via_sso":false,"log_type":"token"}', '2024-02-15 15:12:03.757928-07', ''),
	('00000000-0000-0000-0000-000000000000', '4dad474c-503d-49b3-99f2-5e611a462800', '{"action":"token_revoked","actor_id":"e5c0edd7-0f80-41a8-8533-86d97b160393","actor_username":"daeb2222@gmail.com","actor_via_sso":false,"log_type":"token"}', '2024-02-15 15:12:03.758568-07', ''),
	('00000000-0000-0000-0000-000000000000', 'bcecd559-a14e-4780-9037-6b160674b658', '{"action":"login","actor_id":"e5c0edd7-0f80-41a8-8533-86d97b160393","actor_username":"daeb2222@gmail.com","actor_via_sso":false,"log_type":"account","traits":{"provider":"email"}}', '2024-02-15 15:13:17.171403-07', ''),
	('00000000-0000-0000-0000-000000000000', 'd066d4ea-f727-466d-a88e-bfc06167af74', '{"action":"user_deleted","actor_id":"00000000-0000-0000-0000-000000000000","actor_username":"service_role","actor_via_sso":false,"log_type":"team","traits":{"user_email":"hxhdhshs@gamilc.oom","user_id":"294c7d8c-1e37-4ead-a948-6aaffe515dc8","user_phone":""}}', '2024-02-15 15:23:25.072575-07', ''),
	('00000000-0000-0000-0000-000000000000', 'ad2223ab-9a8b-4cd1-975a-34c1c4316bde', '{"action":"user_deleted","actor_id":"00000000-0000-0000-0000-000000000000","actor_username":"service_role","actor_via_sso":false,"log_type":"team","traits":{"user_email":"jaredvar@ganl.xon","user_id":"e51d4485-d91e-424d-84fb-b2ee64b4a8ba","user_phone":""}}', '2024-02-15 15:23:29.777477-07', ''),
	('00000000-0000-0000-0000-000000000000', 'bba7fd6e-5152-4ae1-a811-7edb8c0857a0', '{"action":"user_deleted","actor_id":"00000000-0000-0000-0000-000000000000","actor_username":"service_role","actor_via_sso":false,"log_type":"team","traits":{"user_email":"jaredbarojas90@gmail.comhaha","user_id":"fc905cbb-7df4-43b0-953e-14dede82a0c8","user_phone":""}}', '2024-02-15 15:23:38.895642-07', ''),
	('00000000-0000-0000-0000-000000000000', '0fd7621d-96d5-4416-a740-0e3367b6291d', '{"action":"user_deleted","actor_id":"00000000-0000-0000-0000-000000000000","actor_username":"service_role","actor_via_sso":false,"log_type":"team","traits":{"user_email":"karolina11abigail@gmail.com","user_id":"221ea19f-fc73-47ab-82d1-a1b2e97f1e31","user_phone":""}}', '2024-02-15 15:23:44.363996-07', ''),
	('00000000-0000-0000-0000-000000000000', '57db0c2e-612e-44e7-a866-10e2c6f89f76', '{"action":"user_deleted","actor_id":"00000000-0000-0000-0000-000000000000","actor_username":"service_role","actor_via_sso":false,"log_type":"team","traits":{"user_email":"karolina14badilla@gmail.com","user_id":"823966f6-dd8b-4387-bd08-286a9cca87c7","user_phone":""}}', '2024-02-15 15:23:49.123528-07', ''),
	('00000000-0000-0000-0000-000000000000', '127a7b5f-3072-4245-9007-453e7249f89d', '{"action":"user_deleted","actor_id":"00000000-0000-0000-0000-000000000000","actor_username":"service_role","actor_via_sso":false,"log_type":"team","traits":{"user_email":"andresantelo89@gmail.com","user_id":"7cd75b62-033c-432c-bc7f-b1229dd0e0e6","user_phone":""}}', '2024-02-15 15:23:54.579653-07', ''),
	('00000000-0000-0000-0000-000000000000', '0cb47f38-a556-42f8-8114-c75206a65c6c', '{"action":"user_signedup","actor_id":"9a3857ba-fcd8-47a1-a80a-e32ccbd0bee9","actor_username":"a220214016@unison.mx","actor_via_sso":false,"log_type":"team"}', '2024-02-16 19:40:25.833193-07', ''),
	('00000000-0000-0000-0000-000000000000', '9a3d281d-cbf4-49e6-b7d5-d23940584ee4', '{"action":"user_deleted","actor_id":"00000000-0000-0000-0000-000000000000","actor_username":"service_role","actor_via_sso":false,"log_type":"team","traits":{"user_email":"jaredbarojas90@gmail.com","user_id":"2123a01d-61a1-4dfc-b142-5f563ce97e46","user_phone":""}}', '2024-02-15 15:24:00.390582-07', ''),
	('00000000-0000-0000-0000-000000000000', 'f84e7d78-b2c3-44a6-b221-3a10635bbd33', '{"action":"user_confirmation_requested","actor_id":"d1bdf075-fcc3-4e5e-96e2-f6562bcb1a40","actor_username":"jaredbarojas90@gmail.com","actor_via_sso":false,"log_type":"user","traits":{"provider":"email"}}', '2024-02-15 15:35:49.156511-07', ''),
	('00000000-0000-0000-0000-000000000000', '83b18534-3a57-46d8-bf58-81989bee36ec', '{"action":"user_signedup","actor_id":"d1bdf075-fcc3-4e5e-96e2-f6562bcb1a40","actor_username":"jaredbarojas90@gmail.com","actor_via_sso":false,"log_type":"team"}', '2024-02-15 15:36:03.878099-07', ''),
	('00000000-0000-0000-0000-000000000000', 'fb1e141a-a575-4302-8e6b-4bcec8889f1a', '{"action":"user_deleted","actor_id":"00000000-0000-0000-0000-000000000000","actor_username":"service_role","actor_via_sso":false,"log_type":"team","traits":{"user_email":"jaredbarojas90@gmail.com","user_id":"d1bdf075-fcc3-4e5e-96e2-f6562bcb1a40","user_phone":""}}', '2024-02-15 15:40:02.479745-07', ''),
	('00000000-0000-0000-0000-000000000000', '24d2aa50-8cd5-4abb-b3a0-d52f45f0e2d1', '{"action":"user_confirmation_requested","actor_id":"587c541f-0010-4174-b1f8-3cb5b72fe268","actor_username":"jaredbarojas90@gmail.com","actor_via_sso":false,"log_type":"user","traits":{"provider":"email"}}', '2024-02-15 15:40:24.29798-07', ''),
	('00000000-0000-0000-0000-000000000000', '081bd729-b9aa-415f-87d5-c0d936da3fd1', '{"action":"user_signedup","actor_id":"587c541f-0010-4174-b1f8-3cb5b72fe268","actor_username":"jaredbarojas90@gmail.com","actor_via_sso":false,"log_type":"team"}', '2024-02-15 15:40:44.078583-07', ''),
	('00000000-0000-0000-0000-000000000000', '888528bb-9cae-4a04-b37b-1ed88abe770f', '{"action":"login","actor_id":"e5c0edd7-0f80-41a8-8533-86d97b160393","actor_username":"daeb2222@gmail.com","actor_via_sso":false,"log_type":"account","traits":{"provider":"email"}}', '2024-02-15 15:47:11.47538-07', ''),
	('00000000-0000-0000-0000-000000000000', '968b463b-824a-4250-bf3b-4f7aa3ffc990', '{"action":"login","actor_id":"8545bfd0-77ee-47a4-b1f7-17845d88bbbf","actor_username":"luisernestohernandez1@hotmail.com","actor_via_sso":false,"log_type":"account","traits":{"provider":"email"}}', '2024-02-15 15:52:30.176261-07', ''),
	('00000000-0000-0000-0000-000000000000', '83777766-d828-417c-ac13-90450b49811d', '{"action":"user_deleted","actor_id":"00000000-0000-0000-0000-000000000000","actor_username":"service_role","actor_via_sso":false,"log_type":"team","traits":{"user_email":"jaredbarojas90@gmail.com","user_id":"587c541f-0010-4174-b1f8-3cb5b72fe268","user_phone":""}}', '2024-02-15 15:52:39.395436-07', ''),
	('00000000-0000-0000-0000-000000000000', 'e99eeae1-ac52-46c6-bf43-cb0235bb76a7', '{"action":"user_confirmation_requested","actor_id":"c4b33404-1777-49c9-9a6d-c77171da7dcd","actor_username":"jaredbarojas90@gmail.com","actor_via_sso":false,"log_type":"user","traits":{"provider":"email"}}', '2024-02-15 15:54:12.681613-07', ''),
	('00000000-0000-0000-0000-000000000000', '9a419ec0-3210-4649-b94c-6fda6e5ed484', '{"action":"user_signedup","actor_id":"c4b33404-1777-49c9-9a6d-c77171da7dcd","actor_username":"jaredbarojas90@gmail.com","actor_via_sso":false,"log_type":"team"}', '2024-02-15 15:54:33.469296-07', ''),
	('00000000-0000-0000-0000-000000000000', '7c7bcd88-86ac-46c8-83a8-9ae890174acb', '{"action":"user_deleted","actor_id":"00000000-0000-0000-0000-000000000000","actor_username":"service_role","actor_via_sso":false,"log_type":"team","traits":{"user_email":"jaredbarojas90@gmail.com","user_id":"c4b33404-1777-49c9-9a6d-c77171da7dcd","user_phone":""}}', '2024-02-15 15:59:32.031888-07', ''),
	('00000000-0000-0000-0000-000000000000', '503c2c7f-baf8-45a2-8bdb-f0e23be74fe3', '{"action":"user_confirmation_requested","actor_id":"a4de1570-c830-4930-85c8-9302a0f4253e","actor_username":"jaredbarojas90@gmail.com","actor_via_sso":false,"log_type":"user","traits":{"provider":"email"}}', '2024-02-15 16:00:32.378685-07', ''),
	('00000000-0000-0000-0000-000000000000', '73baae91-3a31-442a-b5f1-3ce9751e96ba', '{"action":"user_confirmation_requested","actor_id":"a4de1570-c830-4930-85c8-9302a0f4253e","actor_username":"jaredbarojas90@gmail.com","actor_via_sso":false,"log_type":"user","traits":{"provider":"email"}}', '2024-02-15 16:02:37.061143-07', ''),
	('00000000-0000-0000-0000-000000000000', '2af4cb0a-bbcc-4baf-8fdd-04cbd06602f1', '{"action":"user_signedup","actor_id":"a4de1570-c830-4930-85c8-9302a0f4253e","actor_username":"jaredbarojas90@gmail.com","actor_via_sso":false,"log_type":"team"}', '2024-02-15 16:02:49.605397-07', ''),
	('00000000-0000-0000-0000-000000000000', 'cd79d247-68e5-4bb3-9750-845b67afe49d', '{"action":"user_confirmation_requested","actor_id":"4a05f22c-a7bc-4b0f-9028-00f389e6a6f7","actor_username":"andreadh01@gmail.com","actor_via_sso":false,"log_type":"user","traits":{"provider":"email"}}', '2024-02-15 16:06:34.79583-07', ''),
	('00000000-0000-0000-0000-000000000000', 'bc45e60b-e0f8-4cc2-97c2-0b664622dda7', '{"action":"user_confirmation_requested","actor_id":"66c17225-b3b5-4178-83fe-c92b38c25eb0","actor_username":"a@gmail.com","actor_via_sso":false,"log_type":"user","traits":{"provider":"email"}}', '2024-02-15 16:07:32.975452-07', ''),
	('00000000-0000-0000-0000-000000000000', '6bb19c26-e2c6-461d-a804-806a4852bc9a', '{"action":"user_deleted","actor_id":"00000000-0000-0000-0000-000000000000","actor_username":"service_role","actor_via_sso":false,"log_type":"team","traits":{"user_email":"jaredbarojas90@gmail.com","user_id":"a4de1570-c830-4930-85c8-9302a0f4253e","user_phone":""}}', '2024-02-15 16:25:19.082244-07', ''),
	('00000000-0000-0000-0000-000000000000', 'c82031e6-7225-4f08-acb6-ef11d3151881', '{"action":"user_confirmation_requested","actor_id":"6f6d976c-2167-45b8-8214-2683428ad89a","actor_username":"jaredbarojas90@gmail.com","actor_via_sso":false,"log_type":"user","traits":{"provider":"email"}}', '2024-02-15 16:25:57.21328-07', ''),
	('00000000-0000-0000-0000-000000000000', '0a374c99-dbe8-4c60-a5b2-9601972867fe', '{"action":"user_signedup","actor_id":"6f6d976c-2167-45b8-8214-2683428ad89a","actor_username":"jaredbarojas90@gmail.com","actor_via_sso":false,"log_type":"team"}', '2024-02-15 16:26:20.80399-07', ''),
	('00000000-0000-0000-0000-000000000000', '5613a376-5351-45f4-beaa-1d910af7f56b', '{"action":"user_repeated_signup","actor_id":"6f6d976c-2167-45b8-8214-2683428ad89a","actor_username":"jaredbarojas90@gmail.com","actor_via_sso":false,"log_type":"user","traits":{"provider":"email"}}', '2024-02-15 16:27:07.252352-07', ''),
	('00000000-0000-0000-0000-000000000000', '67728696-ce99-4777-bfec-199b992aff7f', '{"action":"user_deleted","actor_id":"00000000-0000-0000-0000-000000000000","actor_username":"service_role","actor_via_sso":false,"log_type":"team","traits":{"user_email":"jaredbarojas90@gmail.com","user_id":"6f6d976c-2167-45b8-8214-2683428ad89a","user_phone":""}}', '2024-02-15 16:27:48.179635-07', ''),
	('00000000-0000-0000-0000-000000000000', 'd9fed4fa-ed5e-4fce-9f76-206412c880b0', '{"action":"user_confirmation_requested","actor_id":"75d0496b-ae9c-4464-ba40-030f09aea946","actor_username":"jaredbarojas90@gmail.com","actor_via_sso":false,"log_type":"user","traits":{"provider":"email"}}', '2024-02-15 16:28:31.529113-07', ''),
	('00000000-0000-0000-0000-000000000000', 'd912affd-a10e-4e26-833c-0cb589badbb0', '{"action":"user_confirmation_requested","actor_id":"75d0496b-ae9c-4464-ba40-030f09aea946","actor_username":"jaredbarojas90@gmail.com","actor_via_sso":false,"log_type":"user","traits":{"provider":"email"}}', '2024-02-15 16:29:20.460788-07', ''),
	('00000000-0000-0000-0000-000000000000', '0e3d1926-b7b6-41cc-a36d-891642a687af', '{"action":"logout","actor_id":"e5c0edd7-0f80-41a8-8533-86d97b160393","actor_username":"daeb2222@gmail.com","actor_via_sso":false,"log_type":"account"}', '2024-02-15 16:29:35.79462-07', ''),
	('00000000-0000-0000-0000-000000000000', '9bfe788c-9c3f-4e41-9758-09c7a9efe923', '{"action":"user_deleted","actor_id":"00000000-0000-0000-0000-000000000000","actor_username":"service_role","actor_via_sso":false,"log_type":"team","traits":{"user_email":"jaredbarojas90@gmail.com","user_id":"75d0496b-ae9c-4464-ba40-030f09aea946","user_phone":""}}', '2024-02-15 16:30:04.442165-07', ''),
	('00000000-0000-0000-0000-000000000000', '0703f341-f3aa-4ced-8e54-a3427064f911', '{"action":"user_confirmation_requested","actor_id":"464e4f3e-2ad3-4c0e-b034-34df2ba9dc9f","actor_username":"jaredbarojas90@gmail.com","actor_via_sso":false,"log_type":"user","traits":{"provider":"email"}}', '2024-02-15 16:30:12.388815-07', ''),
	('00000000-0000-0000-0000-000000000000', '808a2fd4-cf23-45b0-aa04-dea4febaf0aa', '{"action":"user_confirmation_requested","actor_id":"464e4f3e-2ad3-4c0e-b034-34df2ba9dc9f","actor_username":"jaredbarojas90@gmail.com","actor_via_sso":false,"log_type":"user","traits":{"provider":"email"}}', '2024-02-15 16:32:25.327964-07', ''),
	('00000000-0000-0000-0000-000000000000', '4f60999e-ed6c-4784-bdba-dea1b1ca5cea', '{"action":"user_confirmation_requested","actor_id":"464e4f3e-2ad3-4c0e-b034-34df2ba9dc9f","actor_username":"jaredbarojas90@gmail.com","actor_via_sso":false,"log_type":"user","traits":{"provider":"email"}}', '2024-02-15 16:33:02.99092-07', ''),
	('00000000-0000-0000-0000-000000000000', '483775b5-6cbc-4603-b6f8-6313c15ae233', '{"action":"user_confirmation_requested","actor_id":"464e4f3e-2ad3-4c0e-b034-34df2ba9dc9f","actor_username":"jaredbarojas90@gmail.com","actor_via_sso":false,"log_type":"user","traits":{"provider":"email"}}', '2024-02-15 16:35:52.278671-07', ''),
	('00000000-0000-0000-0000-000000000000', '05526e8f-80d5-45a5-b721-f1048cd3e308', '{"action":"user_signedup","actor_id":"464e4f3e-2ad3-4c0e-b034-34df2ba9dc9f","actor_username":"jaredbarojas90@gmail.com","actor_via_sso":false,"log_type":"team"}', '2024-02-15 16:36:45.981552-07', ''),
	('00000000-0000-0000-0000-000000000000', 'e9879e0b-aced-4763-8756-89ce7eb3e7f3', '{"action":"user_confirmation_requested","actor_id":"60856b80-84ab-48bb-a836-aea27d00d244","actor_username":"jaredbarojas91@gmail.com","actor_via_sso":false,"log_type":"user","traits":{"provider":"email"}}', '2024-02-15 16:40:32.725431-07', ''),
	('00000000-0000-0000-0000-000000000000', '12f9ece6-6663-4d00-a9b7-cc61fc0035f7', '{"action":"user_confirmation_requested","actor_id":"60856b80-84ab-48bb-a836-aea27d00d244","actor_username":"jaredbarojas91@gmail.com","actor_via_sso":false,"log_type":"user","traits":{"provider":"email"}}', '2024-02-15 16:41:20.469205-07', ''),
	('00000000-0000-0000-0000-000000000000', '3b57f451-6b7a-42b8-9170-4592665b5b94', '{"action":"user_deleted","actor_id":"00000000-0000-0000-0000-000000000000","actor_username":"service_role","actor_via_sso":false,"log_type":"team","traits":{"user_email":"jaredbarojas91@gmail.com","user_id":"60856b80-84ab-48bb-a836-aea27d00d244","user_phone":""}}', '2024-02-15 16:44:09.60419-07', ''),
	('00000000-0000-0000-0000-000000000000', '137fda61-bada-42b6-8ff5-a9118e175565', '{"action":"user_deleted","actor_id":"00000000-0000-0000-0000-000000000000","actor_username":"service_role","actor_via_sso":false,"log_type":"team","traits":{"user_email":"jaredbarojas90@gmail.com","user_id":"464e4f3e-2ad3-4c0e-b034-34df2ba9dc9f","user_phone":""}}', '2024-02-15 16:44:13.451783-07', ''),
	('00000000-0000-0000-0000-000000000000', '7dd97668-bea6-43e3-9ea2-b0379967c8dd', '{"action":"user_confirmation_requested","actor_id":"8eafb6fb-2143-4e94-a9ef-e1f15f2ed747","actor_username":"jaredbarojas90@gmail.com","actor_via_sso":false,"log_type":"user","traits":{"provider":"email"}}', '2024-02-15 16:44:35.542822-07', ''),
	('00000000-0000-0000-0000-000000000000', '1bc00327-068f-4b34-ab01-302e16598cf5', '{"action":"user_signedup","actor_id":"8eafb6fb-2143-4e94-a9ef-e1f15f2ed747","actor_username":"jaredbarojas90@gmail.com","actor_via_sso":false,"log_type":"team"}', '2024-02-15 16:49:27.269144-07', ''),
	('00000000-0000-0000-0000-000000000000', '8b7f278c-ce45-4a53-a3e0-e9d18a0775cc', '{"action":"token_refreshed","actor_id":"8545bfd0-77ee-47a4-b1f7-17845d88bbbf","actor_username":"luisernestohernandez1@hotmail.com","actor_via_sso":false,"log_type":"token"}', '2024-02-15 16:51:22.130124-07', ''),
	('00000000-0000-0000-0000-000000000000', '29acc1cd-7476-4611-be85-94bdc508ca6f', '{"action":"token_revoked","actor_id":"8545bfd0-77ee-47a4-b1f7-17845d88bbbf","actor_username":"luisernestohernandez1@hotmail.com","actor_via_sso":false,"log_type":"token"}', '2024-02-15 16:51:22.13075-07', ''),
	('00000000-0000-0000-0000-000000000000', 'c1aabe81-8609-42a7-b0c2-62da6966b799', '{"action":"logout","actor_id":"8545bfd0-77ee-47a4-b1f7-17845d88bbbf","actor_username":"luisernestohernandez1@hotmail.com","actor_via_sso":false,"log_type":"account"}', '2024-02-15 16:51:59.405154-07', ''),
	('00000000-0000-0000-0000-000000000000', '8bee7f28-95c9-4f3c-b53a-b3eb242ce529', '{"action":"user_repeated_signup","actor_id":"8eafb6fb-2143-4e94-a9ef-e1f15f2ed747","actor_username":"jaredbarojas90@gmail.com","actor_via_sso":false,"log_type":"user","traits":{"provider":"email"}}', '2024-02-15 17:18:31.490354-07', ''),
	('00000000-0000-0000-0000-000000000000', 'b7229565-c372-4d83-bf02-11f83eb0ca51', '{"action":"user_deleted","actor_id":"00000000-0000-0000-0000-000000000000","actor_username":"service_role","actor_via_sso":false,"log_type":"team","traits":{"user_email":"jaredbarojas90@gmail.com","user_id":"8eafb6fb-2143-4e94-a9ef-e1f15f2ed747","user_phone":""}}', '2024-02-15 17:20:45.583974-07', ''),
	('00000000-0000-0000-0000-000000000000', 'f7a80d3a-8369-4925-af8e-57dffcfebd5f', '{"action":"user_confirmation_requested","actor_id":"8e3241f7-5aea-4edb-8945-47cbdf328fb9","actor_username":"jaredbarojas90@gmail.com","actor_via_sso":false,"log_type":"user","traits":{"provider":"email"}}', '2024-02-15 17:20:53.886796-07', ''),
	('00000000-0000-0000-0000-000000000000', '08edfe02-405c-430a-9051-49d0e6970f31', '{"action":"user_signedup","actor_id":"8e3241f7-5aea-4edb-8945-47cbdf328fb9","actor_username":"jaredbarojas90@gmail.com","actor_via_sso":false,"log_type":"team"}', '2024-02-15 17:21:33.763062-07', ''),
	('00000000-0000-0000-0000-000000000000', '8ff1b054-40be-49af-ad05-ffff6927b679', '{"action":"user_repeated_signup","actor_id":"8e3241f7-5aea-4edb-8945-47cbdf328fb9","actor_username":"jaredbarojas90@gmail.com","actor_via_sso":false,"log_type":"user","traits":{"provider":"email"}}', '2024-02-15 17:22:50.565422-07', ''),
	('00000000-0000-0000-0000-000000000000', '972a3c28-7bc3-4f2f-bbf2-74174c00c385', '{"action":"user_repeated_signup","actor_id":"8e3241f7-5aea-4edb-8945-47cbdf328fb9","actor_username":"jaredbarojas90@gmail.com","actor_via_sso":false,"log_type":"user","traits":{"provider":"email"}}', '2024-02-15 17:23:45.081612-07', ''),
	('00000000-0000-0000-0000-000000000000', 'd0435f27-099d-4ff7-acd8-e239c4fa635e', '{"action":"user_repeated_signup","actor_id":"8e3241f7-5aea-4edb-8945-47cbdf328fb9","actor_username":"jaredbarojas90@gmail.com","actor_via_sso":false,"log_type":"user","traits":{"provider":"email"}}', '2024-02-15 17:30:11.268858-07', ''),
	('00000000-0000-0000-0000-000000000000', '887dd0d8-2128-441f-995d-eeeb142cf0f5', '{"action":"user_deleted","actor_id":"00000000-0000-0000-0000-000000000000","actor_username":"service_role","actor_via_sso":false,"log_type":"team","traits":{"user_email":"jaredbarojas90@gmail.com","user_id":"8e3241f7-5aea-4edb-8945-47cbdf328fb9","user_phone":""}}', '2024-02-15 17:37:22.78712-07', ''),
	('00000000-0000-0000-0000-000000000000', 'b05e6919-15b9-4539-ae61-a38095a8d148', '{"action":"user_confirmation_requested","actor_id":"10d5eb1f-f819-48d4-89e9-f081afdbd1ed","actor_username":"jaredbarojas90@gmail.com","actor_via_sso":false,"log_type":"user","traits":{"provider":"email"}}', '2024-02-15 17:37:27.700902-07', ''),
	('00000000-0000-0000-0000-000000000000', '721e5614-ec3b-4266-8ff5-812427865452', '{"action":"user_signedup","actor_id":"10d5eb1f-f819-48d4-89e9-f081afdbd1ed","actor_username":"jaredbarojas90@gmail.com","actor_via_sso":false,"log_type":"team"}', '2024-02-15 17:37:49.641729-07', ''),
	('00000000-0000-0000-0000-000000000000', 'c5b704cc-29de-45c5-89b0-a9fb977042ad', '{"action":"user_deleted","actor_id":"00000000-0000-0000-0000-000000000000","actor_username":"service_role","actor_via_sso":false,"log_type":"team","traits":{"user_email":"jaredbarojas90@gmail.com","user_id":"10d5eb1f-f819-48d4-89e9-f081afdbd1ed","user_phone":""}}', '2024-02-15 18:31:35.39883-07', ''),
	('00000000-0000-0000-0000-000000000000', '456897cb-0dad-4160-a798-47e447ffada7', '{"action":"user_confirmation_requested","actor_id":"3e6e276c-c629-404c-b3b4-be6cc0eb904c","actor_username":"jaredbarojas90@gmail.com","actor_via_sso":false,"log_type":"user","traits":{"provider":"email"}}', '2024-02-15 18:32:02.869813-07', ''),
	('00000000-0000-0000-0000-000000000000', '7d6aaeff-cc48-4f82-ad5f-da8211db41e9', '{"action":"user_signedup","actor_id":"3e6e276c-c629-404c-b3b4-be6cc0eb904c","actor_username":"jaredbarojas90@gmail.com","actor_via_sso":false,"log_type":"team"}', '2024-02-15 18:32:33.854995-07', ''),
	('00000000-0000-0000-0000-000000000000', '03f71085-6e7e-4ccd-b00e-08a44c3c8b38', '{"action":"user_deleted","actor_id":"00000000-0000-0000-0000-000000000000","actor_username":"service_role","actor_via_sso":false,"log_type":"team","traits":{"user_email":"daeb2222@gmail.com","user_id":"e5c0edd7-0f80-41a8-8533-86d97b160393","user_phone":""}}', '2024-02-15 20:13:37.817444-07', ''),
	('00000000-0000-0000-0000-000000000000', 'b524bbbb-7bb2-42d2-9395-c00a27b0845c', '{"action":"user_invited","actor_id":"00000000-0000-0000-0000-000000000000","actor_username":"supabase_admin","actor_via_sso":false,"log_type":"team","traits":{"user_email":"daeb2222@gmail.com","user_id":"0b8ed2a7-924c-49ac-85af-2dccf0b698a8"}}', '2024-02-15 20:13:46.419088-07', ''),
	('00000000-0000-0000-0000-000000000000', '92f3e3e1-42a1-4fc9-8e3c-e0afd13f93b9', '{"action":"user_signedup","actor_id":"0b8ed2a7-924c-49ac-85af-2dccf0b698a8","actor_username":"daeb2222@gmail.com","actor_via_sso":false,"log_type":"team"}', '2024-02-15 20:14:09.551051-07', ''),
	('00000000-0000-0000-0000-000000000000', 'f6f661ed-2b1c-40d7-b48f-d3da840d6f01', '{"action":"user_deleted","actor_id":"00000000-0000-0000-0000-000000000000","actor_username":"service_role","actor_via_sso":false,"log_type":"team","traits":{"user_email":"daeb2222@gmail.com","user_id":"0b8ed2a7-924c-49ac-85af-2dccf0b698a8","user_phone":""}}', '2024-02-16 01:44:09.229714-07', ''),
	('00000000-0000-0000-0000-000000000000', 'c578c9c0-3e73-4abc-a86b-76456b47cb80', '{"action":"user_confirmation_requested","actor_id":"d3cf5372-8388-48f2-b9e8-5e94269ec671","actor_username":"karolina14badilla@gmail.com","actor_via_sso":false,"log_type":"user","traits":{"provider":"email"}}', '2024-02-16 02:01:28.058658-07', ''),
	('00000000-0000-0000-0000-000000000000', '783c28d6-a7df-4db6-954c-c5f44c3490e3', '{"action":"user_confirmation_requested","actor_id":"45f4da3e-5b02-4c6e-9d3c-876831872686","actor_username":"yisusmaster1218@gmail.com","actor_via_sso":false,"log_type":"user","traits":{"provider":"email"}}', '2024-02-16 02:01:28.55776-07', ''),
	('00000000-0000-0000-0000-000000000000', '2c21b20d-81d8-4b48-b3e7-ee167606b7fb', '{"action":"user_signedup","actor_id":"d3cf5372-8388-48f2-b9e8-5e94269ec671","actor_username":"karolina14badilla@gmail.com","actor_via_sso":false,"log_type":"team"}', '2024-02-16 02:01:45.703798-07', ''),
	('00000000-0000-0000-0000-000000000000', '5b49ba1b-b89f-4f35-9d64-7a40f33c4c8d', '{"action":"user_confirmation_requested","actor_id":"67ad521e-c8d4-409f-98f8-2ef3ba44e0ae","actor_username":"danielon002@gmail.com","actor_via_sso":false,"log_type":"user","traits":{"provider":"email"}}', '2024-02-16 02:04:45.562759-07', ''),
	('00000000-0000-0000-0000-000000000000', '28d4465a-1714-4bc1-8239-148a764a4fd9', '{"action":"user_confirmation_requested","actor_id":"960a5d81-c083-4556-881b-4596a351ff97","actor_username":"loncitooo17@gmail.com","actor_via_sso":false,"log_type":"user","traits":{"provider":"email"}}', '2024-02-16 02:05:55.724612-07', ''),
	('00000000-0000-0000-0000-000000000000', '7180dc11-a5d4-41c4-8d2e-fed4f685d178', '{"action":"user_signedup","actor_id":"960a5d81-c083-4556-881b-4596a351ff97","actor_username":"loncitooo17@gmail.com","actor_via_sso":false,"log_type":"team"}', '2024-02-16 02:06:34.709807-07', ''),
	('00000000-0000-0000-0000-000000000000', 'a8004c41-3fb4-40c9-84eb-74a642b57772', '{"action":"user_signedup","actor_id":"00000000-0000-0000-0000-000000000000","actor_username":"service_role","actor_via_sso":false,"log_type":"team","traits":{"user_email":"daeb2222@gmail.com","user_id":"5179c14f-68c2-448f-816b-35fa310c4a2a","user_phone":""}}', '2024-02-16 02:07:43.998326-07', ''),
	('00000000-0000-0000-0000-000000000000', 'cd01931a-4e87-45a8-918f-6ece8e5d610e', '{"action":"login","actor_id":"5179c14f-68c2-448f-816b-35fa310c4a2a","actor_username":"daeb2222@gmail.com","actor_via_sso":false,"log_type":"account","traits":{"provider":"email"}}', '2024-02-16 02:07:57.644708-07', ''),
	('00000000-0000-0000-0000-000000000000', '0409cff9-ba56-4ec6-8929-4e6b2f5d0ab7', '{"action":"logout","actor_id":"5179c14f-68c2-448f-816b-35fa310c4a2a","actor_username":"daeb2222@gmail.com","actor_via_sso":false,"log_type":"account"}', '2024-02-16 02:10:03.821955-07', ''),
	('00000000-0000-0000-0000-000000000000', '6007e04d-3a0e-44ba-9a59-8281715687ab', '{"action":"user_confirmation_requested","actor_id":"2a409e51-ad04-4bc3-9421-e34263f6dba5","actor_username":"jaredbarojas91@gmail.com","actor_via_sso":false,"log_type":"user","traits":{"provider":"email"}}', '2024-02-16 02:14:46.291503-07', ''),
	('00000000-0000-0000-0000-000000000000', '03cefefc-47a5-44d7-aeb6-daca529ad716', '{"action":"user_confirmation_requested","actor_id":"225ee210-94e1-4e4f-b550-e31bef484c20","actor_username":"jaredbarojas92@gmail.com","actor_via_sso":false,"log_type":"user","traits":{"provider":"email"}}', '2024-02-16 02:33:37.688428-07', ''),
	('00000000-0000-0000-0000-000000000000', 'adeea50a-1cc4-449a-91c0-5b03a5ff788b', '{"action":"user_confirmation_requested","actor_id":"820ede11-a020-4ea5-9ca4-e52d5f00fa75","actor_username":"jred@gamilm.com","actor_via_sso":false,"log_type":"user","traits":{"provider":"email"}}', '2024-02-16 02:37:31.350433-07', ''),
	('00000000-0000-0000-0000-000000000000', 'd39d43d5-2c67-4ddb-8de0-6930a8fe872b', '{"action":"user_confirmation_requested","actor_id":"0a81bf5c-cc78-4e11-b734-62d0668be558","actor_username":"jaredbarojas96@gmail.com","actor_via_sso":false,"log_type":"user","traits":{"provider":"email"}}', '2024-02-16 02:39:51.77823-07', ''),
	('00000000-0000-0000-0000-000000000000', '9195df90-1400-4b2e-ba78-4eb57c99092c', '{"action":"user_deleted","actor_id":"00000000-0000-0000-0000-000000000000","actor_username":"service_role","actor_via_sso":false,"log_type":"team","traits":{"user_email":"jaredbarojas90@gmail.com","user_id":"3e6e276c-c629-404c-b3b4-be6cc0eb904c","user_phone":""}}', '2024-02-16 14:43:55.331592-07', ''),
	('00000000-0000-0000-0000-000000000000', 'f0633a30-1ed7-4d7f-a589-29eaf05239dc', '{"action":"user_confirmation_requested","actor_id":"3e7c8539-0e70-4583-80e9-7172112b7653","actor_username":"jaredbarojas90@gmail.com","actor_via_sso":false,"log_type":"user","traits":{"provider":"email"}}', '2024-02-16 14:44:11.96305-07', ''),
	('00000000-0000-0000-0000-000000000000', 'ab1c0cfe-3d71-461d-8127-3a2e9114211b', '{"action":"user_signedup","actor_id":"3e7c8539-0e70-4583-80e9-7172112b7653","actor_username":"jaredbarojas90@gmail.com","actor_via_sso":false,"log_type":"team"}', '2024-02-16 14:44:27.095153-07', ''),
	('00000000-0000-0000-0000-000000000000', '56495c4b-6ea2-4e0d-9961-deca0b35a35e', '{"action":"logout","actor_id":"3e7c8539-0e70-4583-80e9-7172112b7653","actor_username":"jaredbarojas90@gmail.com","actor_via_sso":false,"log_type":"account"}', '2024-02-16 14:47:38.314004-07', ''),
	('00000000-0000-0000-0000-000000000000', 'ecc6be55-d897-478a-b973-57cb3624a9e5', '{"action":"login","actor_id":"3e7c8539-0e70-4583-80e9-7172112b7653","actor_username":"jaredbarojas90@gmail.com","actor_via_sso":false,"log_type":"account","traits":{"provider":"email"}}', '2024-02-16 14:47:50.497744-07', ''),
	('00000000-0000-0000-0000-000000000000', '122ef179-afeb-49b1-a757-de2ad6269e9b', '{"action":"token_refreshed","actor_id":"3e7c8539-0e70-4583-80e9-7172112b7653","actor_username":"jaredbarojas90@gmail.com","actor_via_sso":false,"log_type":"token"}', '2024-02-16 16:35:28.55597-07', ''),
	('00000000-0000-0000-0000-000000000000', 'abed6cb3-a93f-4df8-a6c4-ad4ac51d552d', '{"action":"token_revoked","actor_id":"3e7c8539-0e70-4583-80e9-7172112b7653","actor_username":"jaredbarojas90@gmail.com","actor_via_sso":false,"log_type":"token"}', '2024-02-16 16:35:28.556686-07', ''),
	('00000000-0000-0000-0000-000000000000', '1573db59-e027-4b4d-bea3-91cfa4241087', '{"action":"logout","actor_id":"3e7c8539-0e70-4583-80e9-7172112b7653","actor_username":"jaredbarojas90@gmail.com","actor_via_sso":false,"log_type":"account"}', '2024-02-16 16:35:35.424622-07', ''),
	('00000000-0000-0000-0000-000000000000', 'e7694d2e-25ca-497b-94bb-7b01c2bbb419', '{"action":"login","actor_id":"3e7c8539-0e70-4583-80e9-7172112b7653","actor_username":"jaredbarojas90@gmail.com","actor_via_sso":false,"log_type":"account","traits":{"provider":"email"}}', '2024-02-16 16:35:43.208906-07', ''),
	('00000000-0000-0000-0000-000000000000', '33c271f8-0c31-43c6-b97a-317399bf9576', '{"action":"logout","actor_id":"3e7c8539-0e70-4583-80e9-7172112b7653","actor_username":"jaredbarojas90@gmail.com","actor_via_sso":false,"log_type":"account"}', '2024-02-16 16:48:23.879076-07', ''),
	('00000000-0000-0000-0000-000000000000', 'cc6a8233-e689-4ede-86d7-9932a7aee163', '{"action":"user_deleted","actor_id":"00000000-0000-0000-0000-000000000000","actor_username":"service_role","actor_via_sso":false,"log_type":"team","traits":{"user_email":"jaredbarojas90@gmail.com","user_id":"3e7c8539-0e70-4583-80e9-7172112b7653","user_phone":""}}', '2024-02-16 17:47:17.078487-07', ''),
	('00000000-0000-0000-0000-000000000000', '0e673c79-5935-4cb0-92e2-241c82c5f1d8', '{"action":"user_confirmation_requested","actor_id":"664a3c6b-66c6-4cbd-9a21-12e944f31991","actor_username":"jaredbarojas90@gmail.com","actor_via_sso":false,"log_type":"user","traits":{"provider":"email"}}', '2024-02-16 17:48:24.96396-07', ''),
	('00000000-0000-0000-0000-000000000000', '1a55f7da-3285-4c7c-882d-4259a496d7df', '{"action":"user_signedup","actor_id":"664a3c6b-66c6-4cbd-9a21-12e944f31991","actor_username":"jaredbarojas90@gmail.com","actor_via_sso":false,"log_type":"team"}', '2024-02-16 17:48:44.610002-07', ''),
	('00000000-0000-0000-0000-000000000000', '6e43a463-71e7-4c80-8b83-80a41d516024', '{"action":"login","actor_id":"0e92145a-1df8-4d8f-96e7-a7620c87403c","actor_username":"luisdevv232@gmail.com","actor_via_sso":false,"log_type":"account","traits":{"provider":"email"}}', '2024-02-16 19:36:16.624751-07', ''),
	('00000000-0000-0000-0000-000000000000', 'cefaab22-2f57-4d13-a6af-9d9b66d2fa9c', '{"action":"user_confirmation_requested","actor_id":"9a3857ba-fcd8-47a1-a80a-e32ccbd0bee9","actor_username":"a220214016@unison.mx","actor_via_sso":false,"log_type":"user","traits":{"provider":"email"}}', '2024-02-16 19:38:21.337899-07', ''),
	('00000000-0000-0000-0000-000000000000', '2fbed506-ad9b-42a6-a246-f8a414c9cd93', '{"action":"token_refreshed","actor_id":"9a3857ba-fcd8-47a1-a80a-e32ccbd0bee9","actor_username":"a220214016@unison.mx","actor_via_sso":false,"log_type":"token"}', '2024-02-16 20:50:28.753987-07', ''),
	('00000000-0000-0000-0000-000000000000', 'f237bfb1-e23b-4cfc-81e3-ccfcbe13f802', '{"action":"token_revoked","actor_id":"9a3857ba-fcd8-47a1-a80a-e32ccbd0bee9","actor_username":"a220214016@unison.mx","actor_via_sso":false,"log_type":"token"}', '2024-02-16 20:50:28.754727-07', ''),
	('00000000-0000-0000-0000-000000000000', 'ddb77a4b-6d49-4554-ba06-f705161a8017', '{"action":"token_refreshed","actor_id":"9a3857ba-fcd8-47a1-a80a-e32ccbd0bee9","actor_username":"a220214016@unison.mx","actor_via_sso":false,"log_type":"token"}', '2024-02-16 21:48:41.560501-07', ''),
	('00000000-0000-0000-0000-000000000000', 'b56b6873-e970-4881-9abe-6766789675e5', '{"action":"token_revoked","actor_id":"9a3857ba-fcd8-47a1-a80a-e32ccbd0bee9","actor_username":"a220214016@unison.mx","actor_via_sso":false,"log_type":"token"}', '2024-02-16 21:48:41.561145-07', ''),
	('00000000-0000-0000-0000-000000000000', 'ecde2f05-3137-47a5-a17f-656900b2ef55', '{"action":"token_refreshed","actor_id":"9a3857ba-fcd8-47a1-a80a-e32ccbd0bee9","actor_username":"a220214016@unison.mx","actor_via_sso":false,"log_type":"token"}', '2024-02-16 22:47:07.410608-07', ''),
	('00000000-0000-0000-0000-000000000000', 'de9bf265-8561-443a-ab99-3e2cf4372f69', '{"action":"token_revoked","actor_id":"9a3857ba-fcd8-47a1-a80a-e32ccbd0bee9","actor_username":"a220214016@unison.mx","actor_via_sso":false,"log_type":"token"}', '2024-02-16 22:47:07.411261-07', ''),
	('00000000-0000-0000-0000-000000000000', '5e7aaefc-20b4-4180-bddd-d46223d04989', '{"action":"token_refreshed","actor_id":"9a3857ba-fcd8-47a1-a80a-e32ccbd0bee9","actor_username":"a220214016@unison.mx","actor_via_sso":false,"log_type":"token"}', '2024-02-16 23:45:30.649246-07', ''),
	('00000000-0000-0000-0000-000000000000', 'de19ca71-ccbe-47a5-bcf3-d0979c2effbf', '{"action":"token_revoked","actor_id":"9a3857ba-fcd8-47a1-a80a-e32ccbd0bee9","actor_username":"a220214016@unison.mx","actor_via_sso":false,"log_type":"token"}', '2024-02-16 23:45:30.650058-07', ''),
	('00000000-0000-0000-0000-000000000000', '26c2ec90-f3b6-4f0a-9aa5-9c5633d6781a', '{"action":"user_confirmation_requested","actor_id":"afb3caae-a422-4ff4-a208-d375189a1cd6","actor_username":"andrea@gmail.com","actor_via_sso":false,"log_type":"user","traits":{"provider":"email"}}', '2024-02-17 01:42:43.962061-07', ''),
	('00000000-0000-0000-0000-000000000000', '9fdda9bf-51c8-4e7a-b40a-c46764e0c85b', '{"action":"user_confirmation_requested","actor_id":"02804ea9-c8d2-45f0-bc1c-eb3c59a0f34d","actor_username":"figiyal129@rohoza.com","actor_via_sso":false,"log_type":"user","traits":{"provider":"email"}}', '2024-02-17 01:44:22.088438-07', ''),
	('00000000-0000-0000-0000-000000000000', 'cb4152dc-3833-42c7-976b-56a6a18c7d51', '{"action":"user_confirmation_requested","actor_id":"4a05f22c-a7bc-4b0f-9028-00f389e6a6f7","actor_username":"andreadh01@gmail.com","actor_via_sso":false,"log_type":"user","traits":{"provider":"email"}}', '2024-02-17 01:46:02.871485-07', ''),
	('00000000-0000-0000-0000-000000000000', '966939e8-2df5-4763-bde2-23bbf6cd8c13', '{"action":"user_signedup","actor_id":"4a05f22c-a7bc-4b0f-9028-00f389e6a6f7","actor_username":"andreadh01@gmail.com","actor_via_sso":false,"log_type":"team"}', '2024-02-17 01:46:20.470873-07', ''),
	('00000000-0000-0000-0000-000000000000', '9601c105-619a-4df0-a70d-182632c53159', '{"action":"token_refreshed","actor_id":"4a05f22c-a7bc-4b0f-9028-00f389e6a6f7","actor_username":"andreadh01@gmail.com","actor_via_sso":false,"log_type":"token"}', '2024-02-17 02:44:43.174274-07', ''),
	('00000000-0000-0000-0000-000000000000', '56bf8937-cc54-4a26-bed7-1fcfd070d552', '{"action":"token_revoked","actor_id":"4a05f22c-a7bc-4b0f-9028-00f389e6a6f7","actor_username":"andreadh01@gmail.com","actor_via_sso":false,"log_type":"token"}', '2024-02-17 02:44:43.174892-07', ''),
	('00000000-0000-0000-0000-000000000000', 'd1a266f1-15c9-4f61-9d83-a60c23470e38', '{"action":"logout","actor_id":"4a05f22c-a7bc-4b0f-9028-00f389e6a6f7","actor_username":"andreadh01@gmail.com","actor_via_sso":false,"log_type":"account"}', '2024-02-17 03:21:45.417439-07', ''),
	('00000000-0000-0000-0000-000000000000', '1655f612-ee1a-497e-8fa8-f6c327bcd7bb', '{"action":"login","actor_id":"4a05f22c-a7bc-4b0f-9028-00f389e6a6f7","actor_username":"andreadh01@gmail.com","actor_via_sso":false,"log_type":"account","traits":{"provider":"email"}}', '2024-02-17 03:24:41.088678-07', ''),
	('00000000-0000-0000-0000-000000000000', '6a4caab0-5c03-4a0c-af4a-8e883bf16b87', '{"action":"logout","actor_id":"4a05f22c-a7bc-4b0f-9028-00f389e6a6f7","actor_username":"andreadh01@gmail.com","actor_via_sso":false,"log_type":"account"}', '2024-02-17 03:25:04.336663-07', ''),
	('00000000-0000-0000-0000-000000000000', '35e81600-bdb9-4516-b353-ede429b64a2a', '{"action":"login","actor_id":"4a05f22c-a7bc-4b0f-9028-00f389e6a6f7","actor_username":"andreadh01@gmail.com","actor_via_sso":false,"log_type":"account","traits":{"provider":"email"}}', '2024-02-17 03:27:52.178918-07', ''),
	('00000000-0000-0000-0000-000000000000', '5e46025e-4741-4788-a000-ec836eff85d5', '{"action":"logout","actor_id":"4a05f22c-a7bc-4b0f-9028-00f389e6a6f7","actor_username":"andreadh01@gmail.com","actor_via_sso":false,"log_type":"account"}', '2024-02-17 03:28:47.057086-07', ''),
	('00000000-0000-0000-0000-000000000000', 'af17b1a4-c4a7-404b-a5b1-e6e0f3631153', '{"action":"login","actor_id":"4a05f22c-a7bc-4b0f-9028-00f389e6a6f7","actor_username":"andreadh01@gmail.com","actor_via_sso":false,"log_type":"account","traits":{"provider":"email"}}', '2024-02-17 03:32:02.440737-07', ''),
	('00000000-0000-0000-0000-000000000000', '77eec75a-1acb-4320-a35d-7fefc6049ac1', '{"action":"logout","actor_id":"4a05f22c-a7bc-4b0f-9028-00f389e6a6f7","actor_username":"andreadh01@gmail.com","actor_via_sso":false,"log_type":"account"}', '2024-02-17 03:32:06.892784-07', ''),
	('00000000-0000-0000-0000-000000000000', '85ae5e03-8a8a-46a9-8bc9-0b152dd5b661', '{"action":"login","actor_id":"4a05f22c-a7bc-4b0f-9028-00f389e6a6f7","actor_username":"andreadh01@gmail.com","actor_via_sso":false,"log_type":"account","traits":{"provider":"email"}}', '2024-02-17 03:32:48.251616-07', ''),
	('00000000-0000-0000-0000-000000000000', '3971e4aa-9078-4120-9af0-532aecee27f2', '{"action":"login","actor_id":"4a05f22c-a7bc-4b0f-9028-00f389e6a6f7","actor_username":"andreadh01@gmail.com","actor_via_sso":false,"log_type":"account","traits":{"provider":"email"}}', '2024-02-17 03:32:48.910785-07', ''),
	('00000000-0000-0000-0000-000000000000', 'e3ba6f6e-f22e-475f-b09e-93b43415924a', '{"action":"login","actor_id":"4a05f22c-a7bc-4b0f-9028-00f389e6a6f7","actor_username":"andreadh01@gmail.com","actor_via_sso":false,"log_type":"account","traits":{"provider":"email"}}', '2024-02-17 03:39:37.452524-07', ''),
	('00000000-0000-0000-0000-000000000000', 'b0c0d5fe-ed34-443a-b24d-680faee6cde4', '{"action":"logout","actor_id":"4a05f22c-a7bc-4b0f-9028-00f389e6a6f7","actor_username":"andreadh01@gmail.com","actor_via_sso":false,"log_type":"account"}', '2024-02-17 03:39:44.232745-07', ''),
	('00000000-0000-0000-0000-000000000000', 'e530670c-12d7-469a-9e0b-a6b487433e17', '{"action":"token_refreshed","actor_id":"9a3857ba-fcd8-47a1-a80a-e32ccbd0bee9","actor_username":"a220214016@unison.mx","actor_via_sso":false,"log_type":"token"}', '2024-02-17 08:55:13.985807-07', ''),
	('00000000-0000-0000-0000-000000000000', '62d994e6-b8d4-4fda-b3e3-9ec26dbb75cf', '{"action":"token_revoked","actor_id":"9a3857ba-fcd8-47a1-a80a-e32ccbd0bee9","actor_username":"a220214016@unison.mx","actor_via_sso":false,"log_type":"token"}', '2024-02-17 08:55:13.986438-07', ''),
	('00000000-0000-0000-0000-000000000000', '3d75aa20-184e-4d19-b908-6d629d572d8a', '{"action":"logout","actor_id":"9a3857ba-fcd8-47a1-a80a-e32ccbd0bee9","actor_username":"a220214016@unison.mx","actor_via_sso":false,"log_type":"account"}', '2024-02-17 09:03:17.350697-07', ''),
	('00000000-0000-0000-0000-000000000000', '7dfd73b5-238e-41d8-991a-88a3d1fc326e', '{"action":"login","actor_id":"0e92145a-1df8-4d8f-96e7-a7620c87403c","actor_username":"luisdevv232@gmail.com","actor_via_sso":false,"log_type":"account","traits":{"provider":"email"}}', '2024-02-17 09:03:53.908381-07', ''),
	('00000000-0000-0000-0000-000000000000', '2a4c28d4-632a-485e-a105-878ad4a1745e', '{"action":"logout","actor_id":"0e92145a-1df8-4d8f-96e7-a7620c87403c","actor_username":"luisdevv232@gmail.com","actor_via_sso":false,"log_type":"account"}', '2024-02-17 09:06:15.760563-07', ''),
	('00000000-0000-0000-0000-000000000000', 'e082e81c-011f-43f1-90d3-3065c2f1fcf5', '{"action":"token_refreshed","actor_id":"acd1d671-68f3-4e94-ae01-fc0633509896","actor_username":"luisdevv232@gmail.com","actor_via_sso":false,"log_type":"token"}', '2024-03-30 17:53:14.93287-07', ''),
	('00000000-0000-0000-0000-000000000000', '01765a2d-3f0e-42fe-a0d2-14a3c0965115', '{"action":"token_revoked","actor_id":"acd1d671-68f3-4e94-ae01-fc0633509896","actor_username":"luisdevv232@gmail.com","actor_via_sso":false,"log_type":"token"}', '2024-03-30 17:53:14.941882-07', ''),
	('00000000-0000-0000-0000-000000000000', 'b3e693a7-174c-45a3-a94d-6ba2675c1d28', '{"action":"logout","actor_id":"acd1d671-68f3-4e94-ae01-fc0633509896","actor_username":"luisdevv232@gmail.com","actor_via_sso":false,"log_type":"account"}', '2024-03-30 18:04:33.916808-07', ''),
	('00000000-0000-0000-0000-000000000000', 'a0bdb53d-d05a-42be-89c3-b66047ed3cf3', '{"action":"user_confirmation_requested","actor_id":"55226b2b-9573-4bd6-85b3-dc0ae41d5416","actor_username":"prueba@gmaio.com","actor_via_sso":false,"log_type":"user","traits":{"provider":"email"}}', '2024-03-30 18:06:05.906852-07', ''),
	('00000000-0000-0000-0000-000000000000', '4a5edace-9e42-48a0-b698-b60dcc22142b', '{"action":"login","actor_id":"acd1d671-68f3-4e94-ae01-fc0633509896","actor_username":"luisdevv232@gmail.com","actor_via_sso":false,"log_type":"account","traits":{"provider":"email"}}', '2024-03-30 18:07:25.685775-07', ''),
	('00000000-0000-0000-0000-000000000000', 'c62197c6-7318-4add-907a-f1f1eac4efa9', '{"action":"user_deleted","actor_id":"00000000-0000-0000-0000-000000000000","actor_username":"service_role","actor_via_sso":false,"log_type":"team","traits":{"user_email":"luisdevv232@gmail.com","user_id":"0e92145a-1df8-4d8f-96e7-a7620c87403c","user_phone":""}}', '2024-02-17 09:22:16.651803-07', ''),
	('00000000-0000-0000-0000-000000000000', 'd87c2700-d605-44bc-99e4-063cf8bca075', '{"action":"user_confirmation_requested","actor_id":"f4dd0281-fd33-4da2-93f4-ba7174ee424e","actor_username":"luisdevv232@gmail.com","actor_via_sso":false,"log_type":"user","traits":{"provider":"email"}}', '2024-02-17 09:25:02.115331-07', ''),
	('00000000-0000-0000-0000-000000000000', '7c1c001e-6115-402a-98c1-4999d1202456', '{"action":"user_deleted","actor_id":"00000000-0000-0000-0000-000000000000","actor_username":"service_role","actor_via_sso":false,"log_type":"team","traits":{"user_email":"luisdevv232@gmail.com","user_id":"f4dd0281-fd33-4da2-93f4-ba7174ee424e","user_phone":""}}', '2024-02-17 09:26:06.251571-07', ''),
	('00000000-0000-0000-0000-000000000000', '54f69668-3713-4bcd-811b-5c8dd25df4e6', '{"action":"user_confirmation_requested","actor_id":"acd1d671-68f3-4e94-ae01-fc0633509896","actor_username":"luisdevv232@gmail.com","actor_via_sso":false,"log_type":"user","traits":{"provider":"email"}}', '2024-02-17 09:26:36.663583-07', ''),
	('00000000-0000-0000-0000-000000000000', 'd00e34d4-f960-405f-8a98-df91b4d054b2', '{"action":"user_signedup","actor_id":"acd1d671-68f3-4e94-ae01-fc0633509896","actor_username":"luisdevv232@gmail.com","actor_via_sso":false,"log_type":"team"}', '2024-02-17 09:27:41.249124-07', ''),
	('00000000-0000-0000-0000-000000000000', '61cd1eb7-e6d0-41ae-9f17-0111f1c359b4', '{"action":"logout","actor_id":"acd1d671-68f3-4e94-ae01-fc0633509896","actor_username":"luisdevv232@gmail.com","actor_via_sso":false,"log_type":"account"}', '2024-02-17 09:29:59.278152-07', ''),
	('00000000-0000-0000-0000-000000000000', 'dc6bb9e4-29d3-4f3d-b62d-3d5e970fa152', '{"action":"login","actor_id":"acd1d671-68f3-4e94-ae01-fc0633509896","actor_username":"luisdevv232@gmail.com","actor_via_sso":false,"log_type":"account","traits":{"provider":"email"}}', '2024-02-17 09:30:17.63698-07', ''),
	('00000000-0000-0000-0000-000000000000', 'e7798427-4b6a-479c-bbc1-dd0449d12331', '{"action":"logout","actor_id":"acd1d671-68f3-4e94-ae01-fc0633509896","actor_username":"luisdevv232@gmail.com","actor_via_sso":false,"log_type":"account"}', '2024-02-17 09:31:18.145677-07', ''),
	('00000000-0000-0000-0000-000000000000', '0ad6fabb-edf2-4384-8e22-3d431f73d32c', '{"action":"login","actor_id":"9a3857ba-fcd8-47a1-a80a-e32ccbd0bee9","actor_username":"a220214016@unison.mx","actor_via_sso":false,"log_type":"account","traits":{"provider":"email"}}', '2024-02-17 09:32:28.856233-07', ''),
	('00000000-0000-0000-0000-000000000000', '9063d051-e753-4cb2-9671-e1498835226c', '{"action":"login","actor_id":"8545bfd0-77ee-47a4-b1f7-17845d88bbbf","actor_username":"luisernestohernandez1@hotmail.com","actor_via_sso":false,"log_type":"account","traits":{"provider":"email"}}', '2024-02-17 13:11:34.250765-07', ''),
	('00000000-0000-0000-0000-000000000000', '4572900b-4b53-41d4-b95a-4536f4247f65', '{"action":"token_refreshed","actor_id":"9437bf93-7184-43d2-832f-c420b2e3ab02","actor_username":"harevalo1000@gmail.com","actor_via_sso":false,"log_type":"token"}', '2024-02-17 13:36:14.870385-07', ''),
	('00000000-0000-0000-0000-000000000000', '65a02524-314b-4276-b2c5-0480540064d4', '{"action":"token_revoked","actor_id":"9437bf93-7184-43d2-832f-c420b2e3ab02","actor_username":"harevalo1000@gmail.com","actor_via_sso":false,"log_type":"token"}', '2024-02-17 13:36:14.870965-07', ''),
	('00000000-0000-0000-0000-000000000000', '535711ee-5d13-48d1-af69-791a0d4a3043', '{"action":"logout","actor_id":"9437bf93-7184-43d2-832f-c420b2e3ab02","actor_username":"harevalo1000@gmail.com","actor_via_sso":false,"log_type":"account"}', '2024-02-17 13:37:06.368157-07', ''),
	('00000000-0000-0000-0000-000000000000', '422b87e4-b515-4f5f-b8a1-9f6666cc0f96', '{"action":"logout","actor_id":"acd1d671-68f3-4e94-ae01-fc0633509896","actor_username":"luisdevv232@gmail.com","actor_via_sso":false,"log_type":"account"}', '2024-03-30 19:03:11.815784-07', ''),
	('00000000-0000-0000-0000-000000000000', 'eaa4b0eb-49ff-45fd-b5b3-b7c14cf515d3', '{"action":"login","actor_id":"acd1d671-68f3-4e94-ae01-fc0633509896","actor_username":"luisdevv232@gmail.com","actor_via_sso":false,"log_type":"account","traits":{"provider":"email"}}', '2024-03-30 19:03:23.706017-07', ''),
	('00000000-0000-0000-0000-000000000000', '26692dbe-3026-4115-93a3-07a79818c255', '{"action":"logout","actor_id":"acd1d671-68f3-4e94-ae01-fc0633509896","actor_username":"luisdevv232@gmail.com","actor_via_sso":false,"log_type":"account"}', '2024-03-30 19:19:15.409915-07', ''),
	('00000000-0000-0000-0000-000000000000', '703bcb99-8b22-43ac-8e78-a35aaba1db6f', '{"action":"user_repeated_signup","actor_id":"9437bf93-7184-43d2-832f-c420b2e3ab02","actor_username":"harevalo1000@gmail.com","actor_via_sso":false,"log_type":"user","traits":{"provider":"email"}}', '2024-02-17 13:41:31.748505-07', ''),
	('00000000-0000-0000-0000-000000000000', 'f0d937e8-5604-494f-b99b-36b9263c220b', '{"action":"user_repeated_signup","actor_id":"9437bf93-7184-43d2-832f-c420b2e3ab02","actor_username":"harevalo1000@gmail.com","actor_via_sso":false,"log_type":"user","traits":{"provider":"email"}}', '2024-02-17 13:43:24.635368-07', ''),
	('00000000-0000-0000-0000-000000000000', '6505fc03-9b69-418b-ac9b-fdc3337c0754', '{"action":"login","actor_id":"acd1d671-68f3-4e94-ae01-fc0633509896","actor_username":"luisdevv232@gmail.com","actor_via_sso":false,"log_type":"account","traits":{"provider":"email"}}', '2024-03-30 19:29:05.444054-07', ''),
	('00000000-0000-0000-0000-000000000000', 'd02f4683-7ef5-4155-82a2-09973350b711', '{"action":"login","actor_id":"b6d38bb3-c954-415b-baf8-b91f322d2e6e","actor_username":"daeb2222@gmail.com","actor_via_sso":false,"log_type":"account","traits":{"provider":"email"}}', '2024-03-31 00:35:19.648194-07', ''),
	('00000000-0000-0000-0000-000000000000', 'f97e27c1-4c59-40cb-9fbd-93e1ef4cdebc', '{"action":"logout","actor_id":"b6d38bb3-c954-415b-baf8-b91f322d2e6e","actor_username":"daeb2222@gmail.com","actor_via_sso":false,"log_type":"account"}', '2024-03-31 00:35:44.750332-07', ''),
	('00000000-0000-0000-0000-000000000000', 'd4eba7ec-4193-4a5a-acd9-2e1a1761df52', '{"action":"user_repeated_signup","actor_id":"9437bf93-7184-43d2-832f-c420b2e3ab02","actor_username":"harevalo1000@gmail.com","actor_via_sso":false,"log_type":"user","traits":{"provider":"email"}}', '2024-02-17 13:50:40.429589-07', ''),
	('00000000-0000-0000-0000-000000000000', '619cd740-a9ee-4e27-841b-754bec50d182', '{"action":"token_refreshed","actor_id":"664a3c6b-66c6-4cbd-9a21-12e944f31991","actor_username":"jaredbarojas90@gmail.com","actor_via_sso":false,"log_type":"token"}', '2024-02-17 13:53:21.587526-07', ''),
	('00000000-0000-0000-0000-000000000000', 'b4d46083-11ed-43fe-a043-e5f6df14776c', '{"action":"token_revoked","actor_id":"664a3c6b-66c6-4cbd-9a21-12e944f31991","actor_username":"jaredbarojas90@gmail.com","actor_via_sso":false,"log_type":"token"}', '2024-02-17 13:53:21.58816-07', ''),
	('00000000-0000-0000-0000-000000000000', '6c3ff29e-adf3-402a-90b1-f385871d34c7', '{"action":"logout","actor_id":"664a3c6b-66c6-4cbd-9a21-12e944f31991","actor_username":"jaredbarojas90@gmail.com","actor_via_sso":false,"log_type":"account"}', '2024-02-17 13:53:37.833477-07', ''),
	('00000000-0000-0000-0000-000000000000', '557a35f5-54bb-4050-b254-c0431eba3efe', '{"action":"user_deleted","actor_id":"00000000-0000-0000-0000-000000000000","actor_username":"service_role","actor_via_sso":false,"log_type":"team","traits":{"user_email":"jaredbarojas90@gmail.com","user_id":"664a3c6b-66c6-4cbd-9a21-12e944f31991","user_phone":""}}', '2024-02-17 13:54:11.966946-07', ''),
	('00000000-0000-0000-0000-000000000000', '031f5d68-a020-4a46-87a1-79ff118b1e2d', '{"action":"login","actor_id":"b6d38bb3-c954-415b-baf8-b91f322d2e6e","actor_username":"daeb2222@gmail.com","actor_via_sso":false,"log_type":"account","traits":{"provider":"email"}}', '2024-03-31 00:35:57.883466-07', ''),
	('00000000-0000-0000-0000-000000000000', 'fdd5e77f-68e5-4aa8-82eb-75b2562d1b3e', '{"action":"logout","actor_id":"b6d38bb3-c954-415b-baf8-b91f322d2e6e","actor_username":"daeb2222@gmail.com","actor_via_sso":false,"log_type":"account"}', '2024-03-31 00:59:32.508602-07', ''),
	('00000000-0000-0000-0000-000000000000', '03a2ba3c-eef3-48e5-9f61-eb1b2a50821f', '{"action":"login","actor_id":"b6d38bb3-c954-415b-baf8-b91f322d2e6e","actor_username":"daeb2222@gmail.com","actor_via_sso":false,"log_type":"account","traits":{"provider":"email"}}', '2024-03-31 01:01:12.750289-07', ''),
	('00000000-0000-0000-0000-000000000000', 'c7054b3c-f199-4434-be38-ed062de19473', '{"action":"logout","actor_id":"b6d38bb3-c954-415b-baf8-b91f322d2e6e","actor_username":"daeb2222@gmail.com","actor_via_sso":false,"log_type":"account"}', '2024-03-31 01:14:09.557291-07', ''),
	('00000000-0000-0000-0000-000000000000', '0b7f8bb7-67af-4a86-9fbd-87f96749aaa1', '{"action":"token_refreshed","actor_id":"9a3857ba-fcd8-47a1-a80a-e32ccbd0bee9","actor_username":"a220214016@unison.mx","actor_via_sso":false,"log_type":"token"}', '2024-02-17 14:15:30.128917-07', ''),
	('00000000-0000-0000-0000-000000000000', 'f228a6e2-9195-438e-9dca-5dc038ad5aaa', '{"action":"token_revoked","actor_id":"9a3857ba-fcd8-47a1-a80a-e32ccbd0bee9","actor_username":"a220214016@unison.mx","actor_via_sso":false,"log_type":"token"}', '2024-02-17 14:15:30.13054-07', ''),
	('00000000-0000-0000-0000-000000000000', 'b550db4f-dba5-4cc5-a6a0-bc571bd2a7f0', '{"action":"logout","actor_id":"9a3857ba-fcd8-47a1-a80a-e32ccbd0bee9","actor_username":"a220214016@unison.mx","actor_via_sso":false,"log_type":"account"}', '2024-02-17 14:15:42.608905-07', ''),
	('00000000-0000-0000-0000-000000000000', 'dd32422b-68d2-4cc8-afd8-d93052aa27b5', '{"action":"login","actor_id":"b6d38bb3-c954-415b-baf8-b91f322d2e6e","actor_username":"daeb2222@gmail.com","actor_via_sso":false,"log_type":"account","traits":{"provider":"email"}}', '2024-03-31 01:14:32.361986-07', ''),
	('00000000-0000-0000-0000-000000000000', 'db0e844c-4ba4-4ed2-b112-efd3c2428d14', '{"action":"login","actor_id":"acd1d671-68f3-4e94-ae01-fc0633509896","actor_username":"luisdevv232@gmail.com","actor_via_sso":false,"log_type":"account","traits":{"provider":"email"}}', '2024-02-17 14:17:20.053524-07', ''),
	('00000000-0000-0000-0000-000000000000', 'b6a1b416-173a-4988-bd0d-9d16f6072207', '{"action":"token_refreshed","actor_id":"b6d38bb3-c954-415b-baf8-b91f322d2e6e","actor_username":"daeb2222@gmail.com","actor_via_sso":false,"log_type":"token"}', '2024-03-31 02:12:39.297497-07', ''),
	('00000000-0000-0000-0000-000000000000', 'a0726162-e211-4961-bfc1-2cbbbfc85cbf', '{"action":"token_revoked","actor_id":"b6d38bb3-c954-415b-baf8-b91f322d2e6e","actor_username":"daeb2222@gmail.com","actor_via_sso":false,"log_type":"token"}', '2024-03-31 02:12:39.298089-07', ''),
	('00000000-0000-0000-0000-000000000000', '66c680bc-00f0-4a3a-bfc2-cff62eaf79b0', '{"action":"token_refreshed","actor_id":"b6d38bb3-c954-415b-baf8-b91f322d2e6e","actor_username":"daeb2222@gmail.com","actor_via_sso":false,"log_type":"token"}', '2024-03-31 03:11:06.415065-07', ''),
	('00000000-0000-0000-0000-000000000000', '5e13813c-9aff-4b7a-821f-11fe47b5be92', '{"action":"logout","actor_id":"acd1d671-68f3-4e94-ae01-fc0633509896","actor_username":"luisdevv232@gmail.com","actor_via_sso":false,"log_type":"account"}', '2024-02-17 14:29:21.093121-07', ''),
	('00000000-0000-0000-0000-000000000000', '72e68ff9-a39f-4304-bdf2-8020877e88fd', '{"action":"token_revoked","actor_id":"b6d38bb3-c954-415b-baf8-b91f322d2e6e","actor_username":"daeb2222@gmail.com","actor_via_sso":false,"log_type":"token"}', '2024-03-31 03:11:06.415642-07', ''),
	('00000000-0000-0000-0000-000000000000', 'c6b30652-a3d6-4789-90e8-76e59abfdf18', '{"action":"token_refreshed","actor_id":"b6d38bb3-c954-415b-baf8-b91f322d2e6e","actor_username":"daeb2222@gmail.com","actor_via_sso":false,"log_type":"token"}', '2024-03-31 04:09:23.69913-07', ''),
	('00000000-0000-0000-0000-000000000000', 'ec016220-1c39-45ad-ac39-cbcd28072df5', '{"action":"token_revoked","actor_id":"b6d38bb3-c954-415b-baf8-b91f322d2e6e","actor_username":"daeb2222@gmail.com","actor_via_sso":false,"log_type":"token"}', '2024-03-31 04:09:23.699714-07', ''),
	('00000000-0000-0000-0000-000000000000', '93622697-7fc1-4417-84d8-3c4489b55e4b', '{"action":"logout","actor_id":"b6d38bb3-c954-415b-baf8-b91f322d2e6e","actor_username":"daeb2222@gmail.com","actor_via_sso":false,"log_type":"account"}', '2024-03-31 04:20:18.776578-07', ''),
	('00000000-0000-0000-0000-000000000000', '03e73ef9-00e3-4b81-8767-2fa532fa9f95', '{"action":"user_confirmation_requested","actor_id":"36a42894-ff8b-4339-afc4-1ba31c3692e2","actor_username":"eqingsoftware12@gmail.com","actor_via_sso":false,"log_type":"user","traits":{"provider":"email"}}', '2024-02-17 14:48:28.070943-07', ''),
	('00000000-0000-0000-0000-000000000000', '0edef20e-0898-4b58-8d11-d3e9cf74d6fd', '{"action":"user_signedup","actor_id":"36a42894-ff8b-4339-afc4-1ba31c3692e2","actor_username":"eqingsoftware12@gmail.com","actor_via_sso":false,"log_type":"team"}', '2024-02-17 14:48:49.393185-07', ''),
	('00000000-0000-0000-0000-000000000000', '76eb3156-2792-4444-af10-93741b19726c', '{"action":"logout","actor_id":"36a42894-ff8b-4339-afc4-1ba31c3692e2","actor_username":"eqingsoftware12@gmail.com","actor_via_sso":false,"log_type":"account"}', '2024-02-17 14:51:06.562891-07', ''),
	('00000000-0000-0000-0000-000000000000', '5e704663-51cd-447b-80cb-5cd6e1f48e21', '{"action":"user_confirmation_requested","actor_id":"2961f497-101d-4dc4-92a5-998499d0d6a9","actor_username":"resostenidobusiness@gmail.com","actor_via_sso":false,"log_type":"user","traits":{"provider":"email"}}', '2024-02-17 14:51:23.144835-07', ''),
	('00000000-0000-0000-0000-000000000000', 'c4ec967e-9251-45e8-a659-216d8f429b2d', '{"action":"user_signedup","actor_id":"2961f497-101d-4dc4-92a5-998499d0d6a9","actor_username":"resostenidobusiness@gmail.com","actor_via_sso":false,"log_type":"team"}', '2024-02-17 14:52:48.216203-07', ''),
	('00000000-0000-0000-0000-000000000000', '59c70189-8409-48d0-a0c2-f538442e0525', '{"action":"logout","actor_id":"2961f497-101d-4dc4-92a5-998499d0d6a9","actor_username":"resostenidobusiness@gmail.com","actor_via_sso":false,"log_type":"account"}', '2024-02-17 14:55:16.56436-07', ''),
	('00000000-0000-0000-0000-000000000000', 'd2d6b110-6fa1-4bc8-9fe1-83273ce6605e', '{"action":"login","actor_id":"acd1d671-68f3-4e94-ae01-fc0633509896","actor_username":"luisdevv232@gmail.com","actor_via_sso":false,"log_type":"account","traits":{"provider":"email"}}', '2024-02-17 14:59:14.731281-07', ''),
	('00000000-0000-0000-0000-000000000000', '35f1a3b4-0054-41ee-a308-0700bf20499c', '{"action":"login","actor_id":"4a05f22c-a7bc-4b0f-9028-00f389e6a6f7","actor_username":"andreadh01@gmail.com","actor_via_sso":false,"log_type":"account","traits":{"provider":"email"}}', '2024-02-17 15:53:50.992964-07', ''),
	('00000000-0000-0000-0000-000000000000', '67a2956e-4431-415d-87ea-8cf1c9147885', '{"action":"logout","actor_id":"4a05f22c-a7bc-4b0f-9028-00f389e6a6f7","actor_username":"andreadh01@gmail.com","actor_via_sso":false,"log_type":"account"}', '2024-02-17 15:55:23.301987-07', ''),
	('00000000-0000-0000-0000-000000000000', '6eb73f6e-2f65-46fc-a566-48e0029b03bb', '{"action":"login","actor_id":"4a05f22c-a7bc-4b0f-9028-00f389e6a6f7","actor_username":"andreadh01@gmail.com","actor_via_sso":false,"log_type":"account","traits":{"provider":"email"}}', '2024-02-17 15:58:48.19342-07', ''),
	('00000000-0000-0000-0000-000000000000', '8fed66a6-4803-4f1c-91f2-3b281e62fbd3', '{"action":"user_confirmation_requested","actor_id":"e1961a5e-2e2b-467d-a00f-171ffc2b5e55","actor_username":"jaredbarojas90@gmail.com","actor_via_sso":false,"log_type":"user","traits":{"provider":"email"}}', '2024-02-17 16:09:42.184699-07', ''),
	('00000000-0000-0000-0000-000000000000', 'd7b58d5d-a488-4553-9d09-d2f409caa762', '{"action":"user_deleted","actor_id":"00000000-0000-0000-0000-000000000000","actor_username":"service_role","actor_via_sso":false,"log_type":"team","traits":{"user_email":"jaredbarojas90@gmail.com","user_id":"e1961a5e-2e2b-467d-a00f-171ffc2b5e55","user_phone":""}}', '2024-02-17 16:11:24.850281-07', ''),
	('00000000-0000-0000-0000-000000000000', '51f44a20-e713-405d-9134-fd0547e21558', '{"action":"user_confirmation_requested","actor_id":"998849f3-c3a9-40f9-9e17-cbe610c16cbc","actor_username":"jaredbarojas90@gmail.com","actor_via_sso":false,"log_type":"user","traits":{"provider":"email"}}', '2024-02-17 16:12:24.507876-07', ''),
	('00000000-0000-0000-0000-000000000000', 'dd027613-817b-4efe-9316-b11a370249dc', '{"action":"login","actor_id":"b6d38bb3-c954-415b-baf8-b91f322d2e6e","actor_username":"daeb2222@gmail.com","actor_via_sso":false,"log_type":"account","traits":{"provider":"email"}}', '2024-03-31 04:20:33.78185-07', ''),
	('00000000-0000-0000-0000-000000000000', '56936167-b7eb-4a35-908a-778aa91f0f4b', '{"action":"logout","actor_id":"b6d38bb3-c954-415b-baf8-b91f322d2e6e","actor_username":"daeb2222@gmail.com","actor_via_sso":false,"log_type":"account"}', '2024-03-31 04:26:59.512073-07', ''),
	('00000000-0000-0000-0000-000000000000', '49b83331-7434-4ed6-8b49-732066c9c14f', '{"action":"user_deleted","actor_id":"00000000-0000-0000-0000-000000000000","actor_username":"service_role","actor_via_sso":false,"log_type":"team","traits":{"user_email":"jaredbarojas90@gmail.com","user_id":"998849f3-c3a9-40f9-9e17-cbe610c16cbc","user_phone":""}}', '2024-02-17 16:15:33.086379-07', ''),
	('00000000-0000-0000-0000-000000000000', '9e63ef91-acfb-4de2-bd2d-a266c9bbce48', '{"action":"user_confirmation_requested","actor_id":"b5c9cc81-1d0f-4b2d-b16b-5a11d2e14672","actor_username":"jaredbarojas90@gmail.com","actor_via_sso":false,"log_type":"user","traits":{"provider":"email"}}', '2024-02-17 16:15:59.7724-07', ''),
	('00000000-0000-0000-0000-000000000000', 'b2dc8df9-80a7-4e9d-81cf-d9e9e0a9a4b1', '{"action":"logout","actor_id":"4a05f22c-a7bc-4b0f-9028-00f389e6a6f7","actor_username":"andreadh01@gmail.com","actor_via_sso":false,"log_type":"account"}', '2024-02-17 16:33:27.545079-07', ''),
	('00000000-0000-0000-0000-000000000000', 'd6b089e1-5327-4420-82a7-edc2688848c8', '{"action":"login","actor_id":"4a05f22c-a7bc-4b0f-9028-00f389e6a6f7","actor_username":"andreadh01@gmail.com","actor_via_sso":false,"log_type":"account","traits":{"provider":"email"}}', '2024-02-17 16:33:33.220321-07', ''),
	('00000000-0000-0000-0000-000000000000', 'cfbaaf4b-c1cd-438c-8973-527a592bacb4', '{"action":"user_confirmation_requested","actor_id":"b5c9cc81-1d0f-4b2d-b16b-5a11d2e14672","actor_username":"jaredbarojas90@gmail.com","actor_via_sso":false,"log_type":"user","traits":{"provider":"email"}}', '2024-02-17 16:35:38.639264-07', ''),
	('00000000-0000-0000-0000-000000000000', 'c8ae8069-b3bf-4bb6-a0cc-e89998417db0', '{"action":"user_confirmation_requested","actor_id":"b5c9cc81-1d0f-4b2d-b16b-5a11d2e14672","actor_username":"jaredbarojas90@gmail.com","actor_via_sso":false,"log_type":"user","traits":{"provider":"email"}}', '2024-02-17 16:35:44.548284-07', ''),
	('00000000-0000-0000-0000-000000000000', 'aa35e567-2158-4c73-9194-94292c7c9a41', '{"action":"user_confirmation_requested","actor_id":"b5c9cc81-1d0f-4b2d-b16b-5a11d2e14672","actor_username":"jaredbarojas90@gmail.com","actor_via_sso":false,"log_type":"user","traits":{"provider":"email"}}', '2024-02-17 16:35:48.174618-07', ''),
	('00000000-0000-0000-0000-000000000000', '53757b3f-1435-4e2e-9e6d-503a3bf4a1f7', '{"action":"user_deleted","actor_id":"00000000-0000-0000-0000-000000000000","actor_username":"service_role","actor_via_sso":false,"log_type":"team","traits":{"user_email":"jaredbarojas90@gmail.com","user_id":"b5c9cc81-1d0f-4b2d-b16b-5a11d2e14672","user_phone":""}}', '2024-02-17 16:37:01.634201-07', ''),
	('00000000-0000-0000-0000-000000000000', '0fea2595-4686-42db-ae3d-f9359ad9cf71', '{"action":"user_confirmation_requested","actor_id":"cab0c268-01cf-4142-bb5a-d402c8c45c5b","actor_username":"jaredbarojas90@gmail.com","actor_via_sso":false,"log_type":"user","traits":{"provider":"email"}}', '2024-02-17 16:37:04.793887-07', ''),
	('00000000-0000-0000-0000-000000000000', '926ff3cd-f9e1-473a-a1e6-2bf64fec8fe7', '{"action":"user_confirmation_requested","actor_id":"cab0c268-01cf-4142-bb5a-d402c8c45c5b","actor_username":"jaredbarojas90@gmail.com","actor_via_sso":false,"log_type":"user","traits":{"provider":"email"}}', '2024-02-17 16:40:52.619789-07', ''),
	('00000000-0000-0000-0000-000000000000', '1411a8b0-b495-4d72-bb51-b230948f1c93', '{"action":"user_signedup","actor_id":"cab0c268-01cf-4142-bb5a-d402c8c45c5b","actor_username":"jaredbarojas90@gmail.com","actor_via_sso":false,"log_type":"team"}', '2024-02-17 16:41:56.422772-07', ''),
	('00000000-0000-0000-0000-000000000000', 'b8b4aa15-8fc4-42f4-9695-d28cb4830623', '{"action":"user_deleted","actor_id":"00000000-0000-0000-0000-000000000000","actor_username":"service_role","actor_via_sso":false,"log_type":"team","traits":{"user_email":"jaredbarojas91@gmail.com","user_id":"2a409e51-ad04-4bc3-9421-e34263f6dba5","user_phone":""}}', '2024-02-17 16:44:15.11019-07', ''),
	('00000000-0000-0000-0000-000000000000', '6c83ea32-548d-4277-81ba-5d4350c0b5ab', '{"action":"user_deleted","actor_id":"00000000-0000-0000-0000-000000000000","actor_username":"service_role","actor_via_sso":false,"log_type":"team","traits":{"user_email":"jaredbarojas92@gmail.com","user_id":"225ee210-94e1-4e4f-b550-e31bef484c20","user_phone":""}}', '2024-02-17 16:44:20.792928-07', ''),
	('00000000-0000-0000-0000-000000000000', '78deb208-8f3e-4cb5-8846-1e015fd43b30', '{"action":"user_deleted","actor_id":"00000000-0000-0000-0000-000000000000","actor_username":"service_role","actor_via_sso":false,"log_type":"team","traits":{"user_email":"jaredbarojas96@gmail.com","user_id":"0a81bf5c-cc78-4e11-b734-62d0668be558","user_phone":""}}', '2024-02-17 16:44:30.912518-07', ''),
	('00000000-0000-0000-0000-000000000000', 'e7674c7c-720c-43c0-b162-45361d33648b', '{"action":"user_deleted","actor_id":"00000000-0000-0000-0000-000000000000","actor_username":"service_role","actor_via_sso":false,"log_type":"team","traits":{"user_email":"jred@gamilm.com","user_id":"820ede11-a020-4ea5-9ca4-e52d5f00fa75","user_phone":""}}', '2024-02-17 16:44:35.307704-07', ''),
	('00000000-0000-0000-0000-000000000000', '3d250260-1af9-415d-99ec-c1ef1f3f2df9', '{"action":"user_repeated_signup","actor_id":"cab0c268-01cf-4142-bb5a-d402c8c45c5b","actor_username":"jaredbarojas90@gmail.com","actor_via_sso":false,"log_type":"user","traits":{"provider":"email"}}', '2024-02-17 16:45:51.056009-07', ''),
	('00000000-0000-0000-0000-000000000000', '49299db8-be40-4c50-b0aa-b3225322c1c4', '{"action":"user_repeated_signup","actor_id":"cab0c268-01cf-4142-bb5a-d402c8c45c5b","actor_username":"jaredbarojas90@gmail.com","actor_via_sso":false,"log_type":"user","traits":{"provider":"email"}}', '2024-02-17 16:47:17.790249-07', ''),
	('00000000-0000-0000-0000-000000000000', '31cdc915-38ea-4447-b9b6-df3435cad687', '{"action":"user_repeated_signup","actor_id":"cab0c268-01cf-4142-bb5a-d402c8c45c5b","actor_username":"jaredbarojas90@gmail.com","actor_via_sso":false,"log_type":"user","traits":{"provider":"email"}}', '2024-02-17 16:47:32.01734-07', ''),
	('00000000-0000-0000-0000-000000000000', '79332615-138c-4ade-a8f3-8af4db6f23a3', '{"action":"user_deleted","actor_id":"00000000-0000-0000-0000-000000000000","actor_username":"service_role","actor_via_sso":false,"log_type":"team","traits":{"user_email":"jaredbarojas90@gmail.com","user_id":"cab0c268-01cf-4142-bb5a-d402c8c45c5b","user_phone":""}}', '2024-02-17 16:47:47.047349-07', ''),
	('00000000-0000-0000-0000-000000000000', '1628695a-833a-4836-b644-bc532cde4996', '{"action":"user_confirmation_requested","actor_id":"05b2b560-df22-4d67-9804-48136160d72b","actor_username":"jaredbarojas90@gmail.com","actor_via_sso":false,"log_type":"user","traits":{"provider":"email"}}', '2024-02-17 16:48:15.997894-07', ''),
	('00000000-0000-0000-0000-000000000000', 'c3d5376f-8c9a-4d8c-9695-6a9aabf63115', '{"action":"user_signedup","actor_id":"05b2b560-df22-4d67-9804-48136160d72b","actor_username":"jaredbarojas90@gmail.com","actor_via_sso":false,"log_type":"team"}', '2024-02-17 16:48:46.547857-07', ''),
	('00000000-0000-0000-0000-000000000000', '6bfd3e66-1904-4477-b226-8bfc4f4928ef', '{"action":"logout","actor_id":"05b2b560-df22-4d67-9804-48136160d72b","actor_username":"jaredbarojas90@gmail.com","actor_via_sso":false,"log_type":"account"}', '2024-02-17 16:49:51.265373-07', ''),
	('00000000-0000-0000-0000-000000000000', 'f5f55311-47a7-495d-bbdf-b55de793f0b5', '{"action":"user_deleted","actor_id":"00000000-0000-0000-0000-000000000000","actor_username":"service_role","actor_via_sso":false,"log_type":"team","traits":{"user_email":"jaredbarojas90@gmail.com","user_id":"05b2b560-df22-4d67-9804-48136160d72b","user_phone":""}}', '2024-02-17 16:51:14.625834-07', ''),
	('00000000-0000-0000-0000-000000000000', '8dcef001-0c84-4a32-914b-bc6a9945bd8b', '{"action":"user_confirmation_requested","actor_id":"7b2f02ef-cb4a-4ef0-b9c1-0557818fd61d","actor_username":"jaredbarojas90@gmail.com","actor_via_sso":false,"log_type":"user","traits":{"provider":"email"}}', '2024-02-17 16:51:18.642565-07', ''),
	('00000000-0000-0000-0000-000000000000', '10ac7241-3396-476e-b4a5-c379b049e039', '{"action":"user_confirmation_requested","actor_id":"06d6fe74-d185-4dda-bf92-f83d9f6db3f1","actor_username":"davidnunez635@gmail.com","actor_via_sso":false,"log_type":"user","traits":{"provider":"email"}}', '2024-02-17 16:55:35.91185-07', ''),
	('00000000-0000-0000-0000-000000000000', 'b2e54f3c-6399-436d-bb9f-dd1bd2cf4a15', '{"action":"user_signedup","actor_id":"06d6fe74-d185-4dda-bf92-f83d9f6db3f1","actor_username":"davidnunez635@gmail.com","actor_via_sso":false,"log_type":"team"}', '2024-02-17 16:56:01.519303-07', ''),
	('00000000-0000-0000-0000-000000000000', 'c24eb51d-b401-47d5-af45-e5cfed82801b', '{"action":"logout","actor_id":"06d6fe74-d185-4dda-bf92-f83d9f6db3f1","actor_username":"davidnunez635@gmail.com","actor_via_sso":false,"log_type":"account"}', '2024-02-17 17:00:20.83133-07', ''),
	('00000000-0000-0000-0000-000000000000', '26c07830-9e75-49cd-b76d-5bf1b60aa891', '{"action":"login","actor_id":"06d6fe74-d185-4dda-bf92-f83d9f6db3f1","actor_username":"davidnunez635@gmail.com","actor_via_sso":false,"log_type":"account","traits":{"provider":"email"}}', '2024-02-17 17:00:34.68799-07', ''),
	('00000000-0000-0000-0000-000000000000', '42fdfa5d-535f-4cb8-b11b-06149f0d24c6', '{"action":"logout","actor_id":"06d6fe74-d185-4dda-bf92-f83d9f6db3f1","actor_username":"davidnunez635@gmail.com","actor_via_sso":false,"log_type":"account"}', '2024-02-17 17:00:39.419053-07', ''),
	('00000000-0000-0000-0000-000000000000', 'a1987b8f-d513-4962-8db7-d5ceb0cce194', '{"action":"user_deleted","actor_id":"00000000-0000-0000-0000-000000000000","actor_username":"service_role","actor_via_sso":false,"log_type":"team","traits":{"user_email":"jaredbarojas90@gmail.com","user_id":"7b2f02ef-cb4a-4ef0-b9c1-0557818fd61d","user_phone":""}}', '2024-02-17 17:14:27.770099-07', ''),
	('00000000-0000-0000-0000-000000000000', 'ff172378-3dae-4954-9b98-fda6eed48c78', '{"action":"login","actor_id":"b6d38bb3-c954-415b-baf8-b91f322d2e6e","actor_username":"daeb2222@gmail.com","actor_via_sso":false,"log_type":"account","traits":{"provider":"email"}}', '2024-03-31 04:27:14.83577-07', ''),
	('00000000-0000-0000-0000-000000000000', 'a6070e8b-dfcc-4517-b272-691f26699e84', '{"action":"token_refreshed","actor_id":"b6d38bb3-c954-415b-baf8-b91f322d2e6e","actor_username":"daeb2222@gmail.com","actor_via_sso":false,"log_type":"token"}', '2024-03-31 05:25:26.231842-07', ''),
	('00000000-0000-0000-0000-000000000000', 'f4fe8a0a-2275-4a66-bb24-43aeef1e6580', '{"action":"token_refreshed","actor_id":"acd1d671-68f3-4e94-ae01-fc0633509896","actor_username":"luisdevv232@gmail.com","actor_via_sso":false,"log_type":"token"}', '2024-02-17 17:28:38.603982-07', ''),
	('00000000-0000-0000-0000-000000000000', '07f2d8d0-4d44-4af1-b869-2b14364814b3', '{"action":"token_revoked","actor_id":"acd1d671-68f3-4e94-ae01-fc0633509896","actor_username":"luisdevv232@gmail.com","actor_via_sso":false,"log_type":"token"}', '2024-02-17 17:28:38.605092-07', ''),
	('00000000-0000-0000-0000-000000000000', 'ad44cd5e-9536-4c63-820e-c16cccb5293c', '{"action":"token_refreshed","actor_id":"4a05f22c-a7bc-4b0f-9028-00f389e6a6f7","actor_username":"andreadh01@gmail.com","actor_via_sso":false,"log_type":"token"}', '2024-02-17 17:31:45.842179-07', ''),
	('00000000-0000-0000-0000-000000000000', '20533b6b-bc71-4b4c-b6a7-33a7f69c44fe', '{"action":"token_revoked","actor_id":"4a05f22c-a7bc-4b0f-9028-00f389e6a6f7","actor_username":"andreadh01@gmail.com","actor_via_sso":false,"log_type":"token"}', '2024-02-17 17:31:45.843486-07', ''),
	('00000000-0000-0000-0000-000000000000', 'f4fd6cb9-c39f-4aca-ab02-339f1a4b0460', '{"action":"logout","actor_id":"acd1d671-68f3-4e94-ae01-fc0633509896","actor_username":"luisdevv232@gmail.com","actor_via_sso":false,"log_type":"account"}', '2024-02-17 17:35:02.601061-07', ''),
	('00000000-0000-0000-0000-000000000000', 'e33583cf-7b69-4684-bb90-8748292e8f83', '{"action":"token_revoked","actor_id":"b6d38bb3-c954-415b-baf8-b91f322d2e6e","actor_username":"daeb2222@gmail.com","actor_via_sso":false,"log_type":"token"}', '2024-03-31 05:25:26.232418-07', ''),
	('00000000-0000-0000-0000-000000000000', '1b537f1f-a828-4ff3-92f7-7a6cb6afc830', '{"action":"token_refreshed","actor_id":"8545bfd0-77ee-47a4-b1f7-17845d88bbbf","actor_username":"luisernestohernandez1@hotmail.com","actor_via_sso":false,"log_type":"token"}', '2024-02-17 17:39:04.870733-07', ''),
	('00000000-0000-0000-0000-000000000000', 'd8c33e52-eac5-4538-93a5-7aa37455ced2', '{"action":"token_revoked","actor_id":"8545bfd0-77ee-47a4-b1f7-17845d88bbbf","actor_username":"luisernestohernandez1@hotmail.com","actor_via_sso":false,"log_type":"token"}', '2024-02-17 17:39:04.871349-07', ''),
	('00000000-0000-0000-0000-000000000000', '9f4c606c-d1b4-449b-b007-08d03e1f823d', '{"action":"logout","actor_id":"8545bfd0-77ee-47a4-b1f7-17845d88bbbf","actor_username":"luisernestohernandez1@hotmail.com","actor_via_sso":false,"log_type":"account"}', '2024-02-17 17:42:36.095944-07', ''),
	('00000000-0000-0000-0000-000000000000', 'c15506f4-7ca4-456e-80fb-e28946e5af43', '{"action":"user_confirmation_requested","actor_id":"55592903-75fc-4f11-8ca9-b69c853acf6b","actor_username":"a220213915@unison.mx","actor_via_sso":false,"log_type":"user","traits":{"provider":"email"}}', '2024-02-17 17:43:27.594954-07', ''),
	('00000000-0000-0000-0000-000000000000', '9cc7828c-5413-426b-af58-5d38649026db', '{"action":"user_signedup","actor_id":"55592903-75fc-4f11-8ca9-b69c853acf6b","actor_username":"a220213915@unison.mx","actor_via_sso":false,"log_type":"team"}', '2024-02-17 17:43:59.046554-07', ''),
	('00000000-0000-0000-0000-000000000000', '3a1aa184-cce0-4cbd-807d-4ad5af16261f', '{"action":"user_confirmation_requested","actor_id":"f986983e-1373-4018-85b3-d36844ca5d23","actor_username":"jaredbarojas90@gmail.com","actor_via_sso":false,"log_type":"user","traits":{"provider":"email"}}', '2024-02-17 17:45:14.614858-07', ''),
	('00000000-0000-0000-0000-000000000000', 'feba6ce4-22b4-4368-9ae6-b62de0f0a005', '{"action":"user_confirmation_requested","actor_id":"cec72efd-7174-4423-be0b-8fc5075419de","actor_username":"luisosuna1034@gmail.com","actor_via_sso":false,"log_type":"user","traits":{"provider":"email"}}', '2024-02-17 17:47:26.099761-07', ''),
	('00000000-0000-0000-0000-000000000000', '84526d1f-2714-46bf-9ea5-d928ee906249', '{"action":"user_signedup","actor_id":"cec72efd-7174-4423-be0b-8fc5075419de","actor_username":"luisosuna1034@gmail.com","actor_via_sso":false,"log_type":"team"}', '2024-02-17 17:47:37.94756-07', ''),
	('00000000-0000-0000-0000-000000000000', '7219a89b-7bb5-4e0b-8984-90f2b2aa8995', '{"action":"user_deleted","actor_id":"00000000-0000-0000-0000-000000000000","actor_username":"service_role","actor_via_sso":false,"log_type":"team","traits":{"user_email":"jaredbarojas90@gmail.com","user_id":"f986983e-1373-4018-85b3-d36844ca5d23","user_phone":""}}', '2024-02-17 17:51:32.10917-07', ''),
	('00000000-0000-0000-0000-000000000000', '12dc8f02-a032-45fc-9ab2-a27ec17a8244', '{"action":"logout","actor_id":"55592903-75fc-4f11-8ca9-b69c853acf6b","actor_username":"a220213915@unison.mx","actor_via_sso":false,"log_type":"account"}', '2024-02-17 17:53:50.347979-07', ''),
	('00000000-0000-0000-0000-000000000000', 'fdb2f0b9-b64a-487f-b7bf-26817db60116', '{"action":"user_confirmation_requested","actor_id":"72ab43c5-8ff0-4e07-a782-8c9bb37cef52","actor_username":"jaredbarojas90@gmail.com","actor_via_sso":false,"log_type":"user","traits":{"provider":"email"}}', '2024-02-17 17:54:57.473786-07', ''),
	('00000000-0000-0000-0000-000000000000', '00e069c1-e273-48c7-94a3-94beb143e12c', '{"action":"user_deleted","actor_id":"00000000-0000-0000-0000-000000000000","actor_username":"service_role","actor_via_sso":false,"log_type":"team","traits":{"user_email":"jaredbarojas90@gmail.com","user_id":"72ab43c5-8ff0-4e07-a782-8c9bb37cef52","user_phone":""}}', '2024-02-17 17:57:48.999905-07', ''),
	('00000000-0000-0000-0000-000000000000', '95d8a1bf-96c5-4f02-8f9e-cf2a1875d710', '{"action":"user_confirmation_requested","actor_id":"661da4f8-2121-4b4b-a251-b5f871cc57cd","actor_username":"jaredbarojas90@gmail.com","actor_via_sso":false,"log_type":"user","traits":{"provider":"email"}}', '2024-02-17 17:57:51.534736-07', ''),
	('00000000-0000-0000-0000-000000000000', '8157fb39-646d-47b4-8efe-705caa8424cd', '{"action":"user_signedup","actor_id":"661da4f8-2121-4b4b-a251-b5f871cc57cd","actor_username":"jaredbarojas90@gmail.com","actor_via_sso":false,"log_type":"team"}', '2024-02-17 17:58:02.650181-07', ''),
	('00000000-0000-0000-0000-000000000000', 'ac0230e8-3363-4c8a-8cbc-9c9bc9227d65', '{"action":"login","actor_id":"06d6fe74-d185-4dda-bf92-f83d9f6db3f1","actor_username":"davidnunez635@gmail.com","actor_via_sso":false,"log_type":"account","traits":{"provider":"email"}}', '2024-02-17 17:59:33.254204-07', ''),
	('00000000-0000-0000-0000-000000000000', '9f84da87-8b47-40f4-9672-51178e851373', '{"action":"login","actor_id":"8545bfd0-77ee-47a4-b1f7-17845d88bbbf","actor_username":"luisernestohernandez1@hotmail.com","actor_via_sso":false,"log_type":"account","traits":{"provider":"email"}}', '2024-02-17 18:00:43.200857-07', ''),
	('00000000-0000-0000-0000-000000000000', 'a4936278-9297-4995-819c-708c4d9d3dff', '{"action":"login","actor_id":"5179c14f-68c2-448f-816b-35fa310c4a2a","actor_username":"daeb2222@gmail.com","actor_via_sso":false,"log_type":"account","traits":{"provider":"email"}}', '2024-02-17 18:03:14.209535-07', ''),
	('00000000-0000-0000-0000-000000000000', 'e368c70f-46d9-44f9-829c-c50fbf11c392', '{"action":"logout","actor_id":"5179c14f-68c2-448f-816b-35fa310c4a2a","actor_username":"daeb2222@gmail.com","actor_via_sso":false,"log_type":"account"}', '2024-02-17 18:04:14.720629-07', ''),
	('00000000-0000-0000-0000-000000000000', 'd039e13f-261c-45f1-90c7-1816b0dea52e', '{"action":"user_deleted","actor_id":"00000000-0000-0000-0000-000000000000","actor_username":"service_role","actor_via_sso":false,"log_type":"team","traits":{"user_email":"daeb2222@gmail.com","user_id":"5179c14f-68c2-448f-816b-35fa310c4a2a","user_phone":""}}', '2024-02-17 18:05:28.553813-07', ''),
	('00000000-0000-0000-0000-000000000000', '7314a81e-5cb3-49c3-9e68-267f88b5fa18', '{"action":"user_confirmation_requested","actor_id":"b6d38bb3-c954-415b-baf8-b91f322d2e6e","actor_username":"daeb2222@gmail.com","actor_via_sso":false,"log_type":"user","traits":{"provider":"email"}}', '2024-02-17 18:08:53.717617-07', ''),
	('00000000-0000-0000-0000-000000000000', '769f3191-3942-4fb3-8d2b-dcde0c883be1', '{"action":"user_signedup","actor_id":"b6d38bb3-c954-415b-baf8-b91f322d2e6e","actor_username":"daeb2222@gmail.com","actor_via_sso":false,"log_type":"team"}', '2024-02-17 18:10:37.952241-07', ''),
	('00000000-0000-0000-0000-000000000000', '23a2d78b-1783-4d31-b6d6-fbc240f483d8', '{"action":"logout","actor_id":"b6d38bb3-c954-415b-baf8-b91f322d2e6e","actor_username":"daeb2222@gmail.com","actor_via_sso":false,"log_type":"account"}', '2024-02-17 18:14:51.817399-07', ''),
	('00000000-0000-0000-0000-000000000000', '9cab7a52-981c-454b-a5a3-7e5de5cd8b88', '{"action":"user_deleted","actor_id":"00000000-0000-0000-0000-000000000000","actor_username":"service_role","actor_via_sso":false,"log_type":"team","traits":{"user_email":"jaredbarojas90@gmail.com","user_id":"661da4f8-2121-4b4b-a251-b5f871cc57cd","user_phone":""}}', '2024-02-17 18:17:12.840042-07', ''),
	('00000000-0000-0000-0000-000000000000', 'f394dc4f-22e0-4308-a866-514bc37bcd9a', '{"action":"user_confirmation_requested","actor_id":"d93109c8-ebba-42b0-bfef-c685b6c502fe","actor_username":"jaredbarojas90@gmail.com","actor_via_sso":false,"log_type":"user","traits":{"provider":"email"}}', '2024-02-17 18:17:45.187663-07', ''),
	('00000000-0000-0000-0000-000000000000', '949c374c-cf67-4021-bdbc-e6aa61f71630', '{"action":"user_signedup","actor_id":"d93109c8-ebba-42b0-bfef-c685b6c502fe","actor_username":"jaredbarojas90@gmail.com","actor_via_sso":false,"log_type":"team"}', '2024-02-17 18:18:06.463595-07', ''),
	('00000000-0000-0000-0000-000000000000', '9d159e67-2e12-40d4-a162-6b9b4be2f84d', '{"action":"logout","actor_id":"4a05f22c-a7bc-4b0f-9028-00f389e6a6f7","actor_username":"andreadh01@gmail.com","actor_via_sso":false,"log_type":"account"}', '2024-02-17 18:18:35.912511-07', ''),
	('00000000-0000-0000-0000-000000000000', '9a534201-8cda-4365-87c4-ea05cffd70d8', '{"action":"logout","actor_id":"8545bfd0-77ee-47a4-b1f7-17845d88bbbf","actor_username":"luisernestohernandez1@hotmail.com","actor_via_sso":false,"log_type":"account"}', '2024-02-17 18:18:39.185121-07', ''),
	('00000000-0000-0000-0000-000000000000', 'bd215bce-eb96-4c80-98ce-6cde59ea8fde', '{"action":"login","actor_id":"b6d38bb3-c954-415b-baf8-b91f322d2e6e","actor_username":"daeb2222@gmail.com","actor_via_sso":false,"log_type":"account","traits":{"provider":"email"}}', '2024-02-17 18:19:01.200132-07', ''),
	('00000000-0000-0000-0000-000000000000', 'fb9442ad-c977-41dc-a4f6-6382e4f3b584', '{"action":"login","actor_id":"b6d38bb3-c954-415b-baf8-b91f322d2e6e","actor_username":"daeb2222@gmail.com","actor_via_sso":false,"log_type":"account","traits":{"provider":"email"}}', '2024-02-17 18:19:02.487506-07', ''),
	('00000000-0000-0000-0000-000000000000', 'aa87fbd7-d74b-46c8-8de4-5242c9675d4b', '{"action":"logout","actor_id":"d93109c8-ebba-42b0-bfef-c685b6c502fe","actor_username":"jaredbarojas90@gmail.com","actor_via_sso":false,"log_type":"account"}', '2024-02-17 18:19:29.84952-07', ''),
	('00000000-0000-0000-0000-000000000000', '17d0c23c-a0b3-4dcc-8ef1-a91d8a8a8d1b', '{"action":"login","actor_id":"b6d38bb3-c954-415b-baf8-b91f322d2e6e","actor_username":"daeb2222@gmail.com","actor_via_sso":false,"log_type":"account","traits":{"provider":"email"}}', '2024-02-17 18:20:29.576277-07', ''),
	('00000000-0000-0000-0000-000000000000', '84db49b0-3dcd-4811-b92b-01b121fcd7ca', '{"action":"logout","actor_id":"b6d38bb3-c954-415b-baf8-b91f322d2e6e","actor_username":"daeb2222@gmail.com","actor_via_sso":false,"log_type":"account"}', '2024-02-17 18:24:03.755494-07', ''),
	('00000000-0000-0000-0000-000000000000', 'a9f2edc6-e2ff-4068-9e83-d42a34c222d9', '{"action":"login","actor_id":"d93109c8-ebba-42b0-bfef-c685b6c502fe","actor_username":"jaredbarojas90@gmail.com","actor_via_sso":false,"log_type":"account","traits":{"provider":"email"}}', '2024-02-17 18:24:16.540916-07', ''),
	('00000000-0000-0000-0000-000000000000', 'a1fed3b5-9fc1-4f0d-b5bf-794698eb01a2', '{"action":"logout","actor_id":"d93109c8-ebba-42b0-bfef-c685b6c502fe","actor_username":"jaredbarojas90@gmail.com","actor_via_sso":false,"log_type":"account"}', '2024-02-17 18:25:10.813549-07', ''),
	('00000000-0000-0000-0000-000000000000', 'f51158f9-26df-4833-99f2-8236e5585eac', '{"action":"login","actor_id":"d93109c8-ebba-42b0-bfef-c685b6c502fe","actor_username":"jaredbarojas90@gmail.com","actor_via_sso":false,"log_type":"account","traits":{"provider":"email"}}', '2024-02-17 18:25:21.283467-07', ''),
	('00000000-0000-0000-0000-000000000000', '96b09da1-a602-4005-8cac-ed3085291e2b', '{"action":"logout","actor_id":"06d6fe74-d185-4dda-bf92-f83d9f6db3f1","actor_username":"davidnunez635@gmail.com","actor_via_sso":false,"log_type":"account"}', '2024-02-17 18:26:05.250782-07', ''),
	('00000000-0000-0000-0000-000000000000', 'f28ef8f3-0ead-4d62-aa94-340f8d6222e6', '{"action":"login","actor_id":"06d6fe74-d185-4dda-bf92-f83d9f6db3f1","actor_username":"davidnunez635@gmail.com","actor_via_sso":false,"log_type":"account","traits":{"provider":"email"}}', '2024-02-17 18:26:14.539661-07', ''),
	('00000000-0000-0000-0000-000000000000', '027e80f9-3841-4cab-ad7b-5e3c0529a0ec', '{"action":"logout","actor_id":"d93109c8-ebba-42b0-bfef-c685b6c502fe","actor_username":"jaredbarojas90@gmail.com","actor_via_sso":false,"log_type":"account"}', '2024-02-17 18:38:14.461546-07', ''),
	('00000000-0000-0000-0000-000000000000', '3df0ccd3-ce65-4b34-bad8-51b9f7b2916a', '{"action":"login","actor_id":"d93109c8-ebba-42b0-bfef-c685b6c502fe","actor_username":"jaredbarojas90@gmail.com","actor_via_sso":false,"log_type":"account","traits":{"provider":"email"}}', '2024-02-17 18:39:19.170107-07', ''),
	('00000000-0000-0000-0000-000000000000', '30645c7f-59a4-4a94-9beb-351b52bb399f', '{"action":"login","actor_id":"b6d38bb3-c954-415b-baf8-b91f322d2e6e","actor_username":"daeb2222@gmail.com","actor_via_sso":false,"log_type":"account","traits":{"provider":"email"}}', '2024-02-17 18:45:03.266657-07', ''),
	('00000000-0000-0000-0000-000000000000', '15ae0554-c9b1-430f-8474-0984b5ec1232', '{"action":"logout","actor_id":"b6d38bb3-c954-415b-baf8-b91f322d2e6e","actor_username":"daeb2222@gmail.com","actor_via_sso":false,"log_type":"account"}', '2024-02-17 18:46:22.042154-07', ''),
	('00000000-0000-0000-0000-000000000000', '899e803a-5e56-498e-bb81-dbc249916991', '{"action":"login","actor_id":"b6d38bb3-c954-415b-baf8-b91f322d2e6e","actor_username":"daeb2222@gmail.com","actor_via_sso":false,"log_type":"account","traits":{"provider":"email"}}', '2024-02-17 18:47:10.861402-07', ''),
	('00000000-0000-0000-0000-000000000000', '11c6d111-6ac7-48db-ab77-a916a7976dde', '{"action":"logout","actor_id":"d93109c8-ebba-42b0-bfef-c685b6c502fe","actor_username":"jaredbarojas90@gmail.com","actor_via_sso":false,"log_type":"account"}', '2024-02-17 18:51:41.709714-07', ''),
	('00000000-0000-0000-0000-000000000000', 'a421d141-b965-4b4d-af29-0adfb826fcf4', '{"action":"user_deleted","actor_id":"00000000-0000-0000-0000-000000000000","actor_username":"service_role","actor_via_sso":false,"log_type":"team","traits":{"user_email":"jaredbarojas90@gmail.com","user_id":"d93109c8-ebba-42b0-bfef-c685b6c502fe","user_phone":""}}', '2024-02-17 18:52:05.845155-07', ''),
	('00000000-0000-0000-0000-000000000000', '8a015309-94a9-462d-9834-9e0f2ff0ad5a', '{"action":"user_confirmation_requested","actor_id":"7ed3827f-705e-4055-8c63-5bef229e2c1d","actor_username":"jaredbarojas90@gmail.com","actor_via_sso":false,"log_type":"user","traits":{"provider":"email"}}', '2024-02-17 18:52:23.29652-07', ''),
	('00000000-0000-0000-0000-000000000000', '905c3ec0-eb6c-40f5-921d-b63f827b9a20', '{"action":"user_signedup","actor_id":"7ed3827f-705e-4055-8c63-5bef229e2c1d","actor_username":"jaredbarojas90@gmail.com","actor_via_sso":false,"log_type":"team"}', '2024-02-17 18:52:39.883412-07', ''),
	('00000000-0000-0000-0000-000000000000', '1c1c8c4b-8521-444f-92c1-b86be4320d98', '{"action":"token_refreshed","actor_id":"cec72efd-7174-4423-be0b-8fc5075419de","actor_username":"luisosuna1034@gmail.com","actor_via_sso":false,"log_type":"token"}', '2024-02-17 18:53:25.935444-07', ''),
	('00000000-0000-0000-0000-000000000000', '10461673-76bc-429f-b337-32083216b114', '{"action":"token_revoked","actor_id":"cec72efd-7174-4423-be0b-8fc5075419de","actor_username":"luisosuna1034@gmail.com","actor_via_sso":false,"log_type":"token"}', '2024-02-17 18:53:25.9361-07', ''),
	('00000000-0000-0000-0000-000000000000', '4370ab18-3294-4c4e-a02b-ef1f4211bdc2', '{"action":"token_refreshed","actor_id":"06d6fe74-d185-4dda-bf92-f83d9f6db3f1","actor_username":"davidnunez635@gmail.com","actor_via_sso":false,"log_type":"token"}', '2024-02-17 19:47:26.19148-07', ''),
	('00000000-0000-0000-0000-000000000000', '190407f1-4ae1-483e-b012-f96554a00112', '{"action":"token_revoked","actor_id":"06d6fe74-d185-4dda-bf92-f83d9f6db3f1","actor_username":"davidnunez635@gmail.com","actor_via_sso":false,"log_type":"token"}', '2024-02-17 19:47:26.19202-07', ''),
	('00000000-0000-0000-0000-000000000000', 'f636eef0-cc21-40f7-ba59-bec15316afa2', '{"action":"logout","actor_id":"06d6fe74-d185-4dda-bf92-f83d9f6db3f1","actor_username":"davidnunez635@gmail.com","actor_via_sso":false,"log_type":"account"}', '2024-02-17 19:47:35.164866-07', ''),
	('00000000-0000-0000-0000-000000000000', 'c0b68b4e-9dac-4d64-b5fc-fada0f127414', '{"action":"user_confirmation_requested","actor_id":"70697050-79f1-4db2-96cf-3432da782fe7","actor_username":"dobledany13@gmail.com","actor_via_sso":false,"log_type":"user","traits":{"provider":"email"}}', '2024-02-17 21:00:25.066189-07', ''),
	('00000000-0000-0000-0000-000000000000', '8a3b262c-ce1e-4728-9596-75d35494077c', '{"action":"user_signedup","actor_id":"70697050-79f1-4db2-96cf-3432da782fe7","actor_username":"dobledany13@gmail.com","actor_via_sso":false,"log_type":"team"}', '2024-02-17 21:00:51.999872-07', ''),
	('00000000-0000-0000-0000-000000000000', 'fca1f561-3acd-44b1-8faf-0bf8998edc4f', '{"action":"logout","actor_id":"70697050-79f1-4db2-96cf-3432da782fe7","actor_username":"dobledany13@gmail.com","actor_via_sso":false,"log_type":"account"}', '2024-02-17 21:06:46.314497-07', ''),
	('00000000-0000-0000-0000-000000000000', 'ac308602-2619-4d76-a267-c0b154f122a4', '{"action":"login","actor_id":"70697050-79f1-4db2-96cf-3432da782fe7","actor_username":"dobledany13@gmail.com","actor_via_sso":false,"log_type":"account","traits":{"provider":"email"}}', '2024-02-17 21:13:06.86619-07', ''),
	('00000000-0000-0000-0000-000000000000', 'c3d009da-f870-4a9c-be9f-a84d469331fe', '{"action":"token_refreshed","actor_id":"b6d38bb3-c954-415b-baf8-b91f322d2e6e","actor_username":"daeb2222@gmail.com","actor_via_sso":false,"log_type":"token"}', '2024-02-17 21:14:03.392449-07', ''),
	('00000000-0000-0000-0000-000000000000', '7af204a4-1132-4702-95c4-786020d2fd22', '{"action":"token_revoked","actor_id":"b6d38bb3-c954-415b-baf8-b91f322d2e6e","actor_username":"daeb2222@gmail.com","actor_via_sso":false,"log_type":"token"}', '2024-02-17 21:14:03.392983-07', ''),
	('00000000-0000-0000-0000-000000000000', 'a684a7ec-6c02-4e57-b76c-da086530ab30', '{"action":"logout","actor_id":"b6d38bb3-c954-415b-baf8-b91f322d2e6e","actor_username":"daeb2222@gmail.com","actor_via_sso":false,"log_type":"account"}', '2024-02-17 21:14:11.225981-07', ''),
	('00000000-0000-0000-0000-000000000000', '3afdd83f-6996-4a2e-a82a-89a05dee059b', '{"action":"token_refreshed","actor_id":"cec72efd-7174-4423-be0b-8fc5075419de","actor_username":"luisosuna1034@gmail.com","actor_via_sso":false,"log_type":"token"}', '2024-02-17 21:24:43.331089-07', ''),
	('00000000-0000-0000-0000-000000000000', '4401c3c9-469d-42ce-bfd7-5c67eabdaa76', '{"action":"token_revoked","actor_id":"cec72efd-7174-4423-be0b-8fc5075419de","actor_username":"luisosuna1034@gmail.com","actor_via_sso":false,"log_type":"token"}', '2024-02-17 21:24:43.331724-07', ''),
	('00000000-0000-0000-0000-000000000000', '36fa7bed-438c-4482-b681-8322980ce2d2', '{"action":"logout","actor_id":"cec72efd-7174-4423-be0b-8fc5075419de","actor_username":"luisosuna1034@gmail.com","actor_via_sso":false,"log_type":"account"}', '2024-02-17 21:25:04.451965-07', ''),
	('00000000-0000-0000-0000-000000000000', '7b074b52-5019-41d0-9adf-3b712d3709b4', '{"action":"logout","actor_id":"70697050-79f1-4db2-96cf-3432da782fe7","actor_username":"dobledany13@gmail.com","actor_via_sso":false,"log_type":"account"}', '2024-02-17 21:30:26.432639-07', ''),
	('00000000-0000-0000-0000-000000000000', 'b02ac8fc-4ab2-4c26-bfd9-f5da165f5251', '{"action":"user_recovery_requested","actor_id":"70697050-79f1-4db2-96cf-3432da782fe7","actor_username":"dobledany13@gmail.com","actor_via_sso":false,"log_type":"user"}', '2024-02-17 21:30:38.637678-07', ''),
	('00000000-0000-0000-0000-000000000000', 'ec9b5aff-6504-4083-a390-01d8ffedf1ba', '{"action":"login","actor_id":"70697050-79f1-4db2-96cf-3432da782fe7","actor_username":"dobledany13@gmail.com","actor_via_sso":false,"log_type":"account"}', '2024-02-17 21:30:58.067167-07', ''),
	('00000000-0000-0000-0000-000000000000', '00df1cd0-4953-4174-8533-aefa4235e6dc', '{"action":"user_recovery_requested","actor_id":"70697050-79f1-4db2-96cf-3432da782fe7","actor_username":"dobledany13@gmail.com","actor_via_sso":false,"log_type":"user"}', '2024-02-17 21:31:39.509964-07', ''),
	('00000000-0000-0000-0000-000000000000', '17b90893-4db9-4c90-943c-96040ada3ab8', '{"action":"login","actor_id":"70697050-79f1-4db2-96cf-3432da782fe7","actor_username":"dobledany13@gmail.com","actor_via_sso":false,"log_type":"account"}', '2024-02-17 21:31:52.293224-07', ''),
	('00000000-0000-0000-0000-000000000000', '3c635ebb-a2fc-4675-989e-b6444dc0d48f', '{"action":"user_updated_password","actor_id":"70697050-79f1-4db2-96cf-3432da782fe7","actor_username":"dobledany13@gmail.com","actor_via_sso":false,"log_type":"user"}', '2024-02-17 21:32:11.222773-07', ''),
	('00000000-0000-0000-0000-000000000000', '66cfae79-e742-49d9-84d8-e4de2a75a260', '{"action":"user_modified","actor_id":"70697050-79f1-4db2-96cf-3432da782fe7","actor_username":"dobledany13@gmail.com","actor_via_sso":false,"log_type":"user"}', '2024-02-17 21:32:11.223344-07', ''),
	('00000000-0000-0000-0000-000000000000', 'adcd0192-1777-4454-a214-1fa7a072c046', '{"action":"login","actor_id":"70697050-79f1-4db2-96cf-3432da782fe7","actor_username":"dobledany13@gmail.com","actor_via_sso":false,"log_type":"account","traits":{"provider":"email"}}', '2024-02-17 21:32:30.486533-07', ''),
	('00000000-0000-0000-0000-000000000000', '057af40d-6927-44a3-93a4-a939336e724f', '{"action":"login","actor_id":"8545bfd0-77ee-47a4-b1f7-17845d88bbbf","actor_username":"luisernestohernandez1@hotmail.com","actor_via_sso":false,"log_type":"account","traits":{"provider":"email"}}', '2024-02-17 21:42:43.144643-07', ''),
	('00000000-0000-0000-0000-000000000000', '26f7c25f-90ae-4c71-be38-0b915a9b525e', '{"action":"logout","actor_id":"70697050-79f1-4db2-96cf-3432da782fe7","actor_username":"dobledany13@gmail.com","actor_via_sso":false,"log_type":"account"}', '2024-02-17 21:44:05.471193-07', ''),
	('00000000-0000-0000-0000-000000000000', '10c3fae7-e8e0-490e-90a8-f437f546d15b', '{"action":"user_recovery_requested","actor_id":"70697050-79f1-4db2-96cf-3432da782fe7","actor_username":"dobledany13@gmail.com","actor_via_sso":false,"log_type":"user"}', '2024-02-17 21:44:40.884572-07', ''),
	('00000000-0000-0000-0000-000000000000', '4ab1d1ac-058c-431c-8aef-a62a8d9b141f', '{"action":"login","actor_id":"70697050-79f1-4db2-96cf-3432da782fe7","actor_username":"dobledany13@gmail.com","actor_via_sso":false,"log_type":"account"}', '2024-02-17 21:45:05.514717-07', ''),
	('00000000-0000-0000-0000-000000000000', 'b60b72f1-bae3-466b-b4e2-fbed3bf95157', '{"action":"user_confirmation_requested","actor_id":"da97de6f-73ff-4335-88da-2cd0b67a3433","actor_username":"karla13goldstar@gmail.com","actor_via_sso":false,"log_type":"user","traits":{"provider":"email"}}', '2024-02-17 21:45:13.205047-07', ''),
	('00000000-0000-0000-0000-000000000000', '0257172a-1212-4c36-b271-e44f4e71d888', '{"action":"user_updated_password","actor_id":"70697050-79f1-4db2-96cf-3432da782fe7","actor_username":"dobledany13@gmail.com","actor_via_sso":false,"log_type":"user"}', '2024-02-17 21:45:20.351243-07', ''),
	('00000000-0000-0000-0000-000000000000', 'b23a12e2-7b78-4f61-b616-2bfd010c21e2', '{"action":"user_modified","actor_id":"70697050-79f1-4db2-96cf-3432da782fe7","actor_username":"dobledany13@gmail.com","actor_via_sso":false,"log_type":"user"}', '2024-02-17 21:45:20.351789-07', ''),
	('00000000-0000-0000-0000-000000000000', '6725c3b8-0e9c-403e-9887-b2d52a0d2db5', '{"action":"login","actor_id":"70697050-79f1-4db2-96cf-3432da782fe7","actor_username":"dobledany13@gmail.com","actor_via_sso":false,"log_type":"account","traits":{"provider":"email"}}', '2024-02-17 21:45:29.647656-07', ''),
	('00000000-0000-0000-0000-000000000000', '4e6e4ccd-461f-4392-accc-e0626e4e29ec', '{"action":"user_signedup","actor_id":"da97de6f-73ff-4335-88da-2cd0b67a3433","actor_username":"karla13goldstar@gmail.com","actor_via_sso":false,"log_type":"team"}', '2024-02-17 21:45:52.728432-07', ''),
	('00000000-0000-0000-0000-000000000000', '1a67f649-0be8-4eef-8bb4-2b8cdac41e89', '{"action":"user_confirmation_requested","actor_id":"6712184a-73b8-4541-add0-db439070c061","actor_username":"lisaaghnic07@gmail.com","actor_via_sso":false,"log_type":"user","traits":{"provider":"email"}}', '2024-02-18 10:33:03.042097-07', ''),
	('00000000-0000-0000-0000-000000000000', '02824e7b-08c8-4b5d-a013-b709a03772b7', '{"action":"user_signedup","actor_id":"6712184a-73b8-4541-add0-db439070c061","actor_username":"lisaaghnic07@gmail.com","actor_via_sso":false,"log_type":"team"}', '2024-02-18 10:34:27.366422-07', ''),
	('00000000-0000-0000-0000-000000000000', 'd866d142-4c6d-4bf3-9e6b-431d5ad2a5d2', '{"action":"user_confirmation_requested","actor_id":"c1d198f0-8e90-4b44-b03a-277a436d784d","actor_username":"arturoestrada.gyro@gmail.com","actor_via_sso":false,"log_type":"user","traits":{"provider":"email"}}', '2024-02-18 12:08:48.591885-07', ''),
	('00000000-0000-0000-0000-000000000000', 'bedfbdc7-d9a1-4007-82a6-bd185ebd8db2', '{"action":"user_signedup","actor_id":"c1d198f0-8e90-4b44-b03a-277a436d784d","actor_username":"arturoestrada.gyro@gmail.com","actor_via_sso":false,"log_type":"team"}', '2024-02-18 12:11:35.488501-07', ''),
	('00000000-0000-0000-0000-000000000000', '6503a06a-0517-4de4-a281-8eee09d3eba5', '{"action":"logout","actor_id":"c1d198f0-8e90-4b44-b03a-277a436d784d","actor_username":"arturoestrada.gyro@gmail.com","actor_via_sso":false,"log_type":"account"}', '2024-02-18 12:14:24.243327-07', ''),
	('00000000-0000-0000-0000-000000000000', 'f987738d-af02-44c9-9545-1c5d0826851d', '{"action":"login","actor_id":"4a05f22c-a7bc-4b0f-9028-00f389e6a6f7","actor_username":"andreadh01@gmail.com","actor_via_sso":false,"log_type":"account","traits":{"provider":"email"}}', '2024-02-18 12:18:19.856278-07', ''),
	('00000000-0000-0000-0000-000000000000', '99f8988d-6d3a-4210-96ea-f29dba84978d', '{"action":"login","actor_id":"4a05f22c-a7bc-4b0f-9028-00f389e6a6f7","actor_username":"andreadh01@gmail.com","actor_via_sso":false,"log_type":"account","traits":{"provider":"email"}}', '2024-02-18 12:24:01.124673-07', ''),
	('00000000-0000-0000-0000-000000000000', 'a00e17d1-4eba-48b5-9f53-1daedce2748c', '{"action":"user_confirmation_requested","actor_id":"aabf1223-2b84-4950-9933-7aacd9d86901","actor_username":"kkjkkk9@hotmail.com","actor_via_sso":false,"log_type":"user","traits":{"provider":"email"}}', '2024-02-18 12:30:19.012831-07', ''),
	('00000000-0000-0000-0000-000000000000', 'c7dd3067-ab6d-4adb-8bcb-90ed3ab084a4', '{"action":"user_confirmation_requested","actor_id":"aabf1223-2b84-4950-9933-7aacd9d86901","actor_username":"kkjkkk9@hotmail.com","actor_via_sso":false,"log_type":"user","traits":{"provider":"email"}}', '2024-02-18 12:39:56.632594-07', ''),
	('00000000-0000-0000-0000-000000000000', '17c837ba-daf4-4dc2-8066-631cef4d7598', '{"action":"user_confirmation_requested","actor_id":"9b35935f-ba81-4876-a989-a463308d35e6","actor_username":"kkkkk@gmail.com","actor_via_sso":false,"log_type":"user","traits":{"provider":"email"}}', '2024-02-18 12:49:10.786643-07', ''),
	('00000000-0000-0000-0000-000000000000', '186ecb96-65b6-4da5-9c42-07716706078c', '{"action":"login","actor_id":"c1d198f0-8e90-4b44-b03a-277a436d784d","actor_username":"arturoestrada.gyro@gmail.com","actor_via_sso":false,"log_type":"account","traits":{"provider":"email"}}', '2024-02-18 12:53:19.83839-07', ''),
	('00000000-0000-0000-0000-000000000000', '0c2b12f1-a5ef-429b-b212-9ad52586b9d8', '{"action":"token_refreshed","actor_id":"70697050-79f1-4db2-96cf-3432da782fe7","actor_username":"dobledany13@gmail.com","actor_via_sso":false,"log_type":"token"}', '2024-02-18 13:02:47.807652-07', ''),
	('00000000-0000-0000-0000-000000000000', '90b759af-bc8b-4663-8886-802fa1f1588f', '{"action":"token_revoked","actor_id":"70697050-79f1-4db2-96cf-3432da782fe7","actor_username":"dobledany13@gmail.com","actor_via_sso":false,"log_type":"token"}', '2024-02-18 13:02:47.808195-07', ''),
	('00000000-0000-0000-0000-000000000000', 'a983cc43-a0f0-4642-a397-a8d4ab74b884', '{"action":"logout","actor_id":"70697050-79f1-4db2-96cf-3432da782fe7","actor_username":"dobledany13@gmail.com","actor_via_sso":false,"log_type":"account"}', '2024-02-18 13:02:57.784586-07', ''),
	('00000000-0000-0000-0000-000000000000', 'f7cb00e0-abec-4fb2-a6be-0cbda4cbce21', '{"action":"user_recovery_requested","actor_id":"70697050-79f1-4db2-96cf-3432da782fe7","actor_username":"dobledany13@gmail.com","actor_via_sso":false,"log_type":"user"}', '2024-02-18 13:03:33.79025-07', ''),
	('00000000-0000-0000-0000-000000000000', 'a7953bde-8514-46be-b518-210c43704d94', '{"action":"login","actor_id":"70697050-79f1-4db2-96cf-3432da782fe7","actor_username":"dobledany13@gmail.com","actor_via_sso":false,"log_type":"account"}', '2024-02-18 13:04:27.438608-07', ''),
	('00000000-0000-0000-0000-000000000000', '3a2a3d59-c019-4eaf-8008-f255524880a6', '{"action":"user_updated_password","actor_id":"70697050-79f1-4db2-96cf-3432da782fe7","actor_username":"dobledany13@gmail.com","actor_via_sso":false,"log_type":"user"}', '2024-02-18 13:05:16.143543-07', ''),
	('00000000-0000-0000-0000-000000000000', '9cb2ec78-f316-4f73-9ba6-d1355802d646', '{"action":"user_modified","actor_id":"70697050-79f1-4db2-96cf-3432da782fe7","actor_username":"dobledany13@gmail.com","actor_via_sso":false,"log_type":"user"}', '2024-02-18 13:05:16.144067-07', ''),
	('00000000-0000-0000-0000-000000000000', 'c66d8ed3-e5bc-4e09-bb83-e5af972aabbc', '{"action":"logout","actor_id":"c1d198f0-8e90-4b44-b03a-277a436d784d","actor_username":"arturoestrada.gyro@gmail.com","actor_via_sso":false,"log_type":"account"}', '2024-02-18 13:07:47.512672-07', ''),
	('00000000-0000-0000-0000-000000000000', '4ab17317-8713-49cd-b965-f49e2a8d6913', '{"action":"user_confirmation_requested","actor_id":"0296a7ef-9b7e-45b4-9686-fd60e50aa956","actor_username":"texika3543@fkcod.com","actor_via_sso":false,"log_type":"user","traits":{"provider":"email"}}', '2024-02-18 13:08:39.915506-07', ''),
	('00000000-0000-0000-0000-000000000000', '911cb1a0-68e6-4d9a-bf4c-addf853635a7', '{"action":"user_confirmation_requested","actor_id":"2f53f080-a602-410d-b40b-d4728a7879b8","actor_username":"luis_estradar89@hotmail.com","actor_via_sso":false,"log_type":"user","traits":{"provider":"email"}}', '2024-02-18 13:11:29.529531-07', ''),
	('00000000-0000-0000-0000-000000000000', '9d11e561-a8e4-4acc-8fa1-584ce59b2920', '{"action":"user_signedup","actor_id":"2f53f080-a602-410d-b40b-d4728a7879b8","actor_username":"luis_estradar89@hotmail.com","actor_via_sso":false,"log_type":"team"}', '2024-02-18 13:12:22.139434-07', ''),
	('00000000-0000-0000-0000-000000000000', '21ba8549-9f59-45cf-a84c-225d5c555ab5', '{"action":"token_refreshed","actor_id":"4a05f22c-a7bc-4b0f-9028-00f389e6a6f7","actor_username":"andreadh01@gmail.com","actor_via_sso":false,"log_type":"token"}', '2024-02-18 13:16:36.437801-07', ''),
	('00000000-0000-0000-0000-000000000000', 'bf52ccd1-2a07-407d-8c0b-99f9093adecd', '{"action":"token_revoked","actor_id":"4a05f22c-a7bc-4b0f-9028-00f389e6a6f7","actor_username":"andreadh01@gmail.com","actor_via_sso":false,"log_type":"token"}', '2024-02-18 13:16:36.438371-07', ''),
	('00000000-0000-0000-0000-000000000000', '341d8e9b-41ce-4cd9-b84d-014c5cb5c3ab', '{"action":"token_refreshed","actor_id":"4a05f22c-a7bc-4b0f-9028-00f389e6a6f7","actor_username":"andreadh01@gmail.com","actor_via_sso":false,"log_type":"token"}', '2024-02-18 13:22:28.55298-07', ''),
	('00000000-0000-0000-0000-000000000000', 'c751910e-c797-4ff9-9613-d144a8e0bd93', '{"action":"token_revoked","actor_id":"4a05f22c-a7bc-4b0f-9028-00f389e6a6f7","actor_username":"andreadh01@gmail.com","actor_via_sso":false,"log_type":"token"}', '2024-02-18 13:22:28.55355-07', ''),
	('00000000-0000-0000-0000-000000000000', '9107f0ec-4599-45e8-b804-df18e09a1d23', '{"action":"login","actor_id":"70697050-79f1-4db2-96cf-3432da782fe7","actor_username":"dobledany13@gmail.com","actor_via_sso":false,"log_type":"account","traits":{"provider":"email"}}', '2024-02-18 13:28:08.606391-07', ''),
	('00000000-0000-0000-0000-000000000000', 'fd4736d4-be4f-400a-9e29-e1fddfc6b83e', '{"action":"login","actor_id":"4a05f22c-a7bc-4b0f-9028-00f389e6a6f7","actor_username":"andreadh01@gmail.com","actor_via_sso":false,"log_type":"account","traits":{"provider":"email"}}', '2024-02-18 13:32:40.125196-07', ''),
	('00000000-0000-0000-0000-000000000000', 'cab5b79c-0d49-4f70-8ed6-aae5602079eb', '{"action":"token_refreshed","actor_id":"4a05f22c-a7bc-4b0f-9028-00f389e6a6f7","actor_username":"andreadh01@gmail.com","actor_via_sso":false,"log_type":"token"}', '2024-02-18 14:20:29.402629-07', ''),
	('00000000-0000-0000-0000-000000000000', 'c6d4dc33-aa1a-4823-aab5-0e4b9af9a80f', '{"action":"token_revoked","actor_id":"4a05f22c-a7bc-4b0f-9028-00f389e6a6f7","actor_username":"andreadh01@gmail.com","actor_via_sso":false,"log_type":"token"}', '2024-02-18 14:20:29.403167-07', ''),
	('00000000-0000-0000-0000-000000000000', '5b12a52b-5e8b-4768-8905-646d89eea045', '{"action":"login","actor_id":"06d6fe74-d185-4dda-bf92-f83d9f6db3f1","actor_username":"davidnunez635@gmail.com","actor_via_sso":false,"log_type":"account","traits":{"provider":"email"}}', '2024-02-18 14:25:08.095521-07', ''),
	('00000000-0000-0000-0000-000000000000', 'f34e928e-8c1c-4cad-83ce-68b683d16bd1', '{"action":"token_refreshed","actor_id":"6712184a-73b8-4541-add0-db439070c061","actor_username":"lisaaghnic07@gmail.com","actor_via_sso":false,"log_type":"token"}', '2024-02-18 14:35:29.439835-07', ''),
	('00000000-0000-0000-0000-000000000000', 'dd6cc5fd-2069-49f0-9673-dc74ed463894', '{"action":"token_revoked","actor_id":"6712184a-73b8-4541-add0-db439070c061","actor_username":"lisaaghnic07@gmail.com","actor_via_sso":false,"log_type":"token"}', '2024-02-18 14:35:29.440383-07', ''),
	('00000000-0000-0000-0000-000000000000', '1dd57036-61e5-4d16-8432-39433b217c11', '{"action":"token_refreshed","actor_id":"7ed3827f-705e-4055-8c63-5bef229e2c1d","actor_username":"jaredbarojas90@gmail.com","actor_via_sso":false,"log_type":"token"}', '2024-02-18 15:07:44.832344-07', ''),
	('00000000-0000-0000-0000-000000000000', '8845425e-e1e8-4259-80b5-40e5f7fc1e4a', '{"action":"token_revoked","actor_id":"7ed3827f-705e-4055-8c63-5bef229e2c1d","actor_username":"jaredbarojas90@gmail.com","actor_via_sso":false,"log_type":"token"}', '2024-02-18 15:07:44.832992-07', ''),
	('00000000-0000-0000-0000-000000000000', '9b410902-c520-4027-bab4-4a716ec9feb0', '{"action":"logout","actor_id":"7ed3827f-705e-4055-8c63-5bef229e2c1d","actor_username":"jaredbarojas90@gmail.com","actor_via_sso":false,"log_type":"account"}', '2024-02-18 15:08:01.446344-07', ''),
	('00000000-0000-0000-0000-000000000000', '161d6f8e-83b3-4bde-8ffb-786c30c7e1ec', '{"action":"logout","actor_id":"6712184a-73b8-4541-add0-db439070c061","actor_username":"lisaaghnic07@gmail.com","actor_via_sso":false,"log_type":"account"}', '2024-02-18 20:57:54.198335-07', ''),
	('00000000-0000-0000-0000-000000000000', '17439ccc-b127-4b2b-8a80-5413ab6ee954', '{"action":"user_deleted","actor_id":"00000000-0000-0000-0000-000000000000","actor_username":"service_role","actor_via_sso":false,"log_type":"team","traits":{"user_email":"jaredbarojas90@gmail.com","user_id":"7ed3827f-705e-4055-8c63-5bef229e2c1d","user_phone":""}}', '2024-02-18 15:08:31.174885-07', ''),
	('00000000-0000-0000-0000-000000000000', 'c5ad43c8-bbbf-4114-9543-dde015808d8c', '{"action":"user_confirmation_requested","actor_id":"c343907c-26a5-4918-a044-cdb5cef79c91","actor_username":"jaredbarojas90@gmail.com","actor_via_sso":false,"log_type":"user","traits":{"provider":"email"}}', '2024-02-18 15:08:49.932358-07', ''),
	('00000000-0000-0000-0000-000000000000', 'e6ae4552-90b2-48b8-9885-a9307c6be3b9', '{"action":"user_signedup","actor_id":"c343907c-26a5-4918-a044-cdb5cef79c91","actor_username":"jaredbarojas90@gmail.com","actor_via_sso":false,"log_type":"team"}', '2024-02-18 15:09:08.619069-07', ''),
	('00000000-0000-0000-0000-000000000000', 'fcb55ee7-d3ae-47f9-bd47-3b12c634be2b', '{"action":"token_refreshed","actor_id":"70697050-79f1-4db2-96cf-3432da782fe7","actor_username":"dobledany13@gmail.com","actor_via_sso":false,"log_type":"token"}', '2024-02-18 15:14:31.757793-07', ''),
	('00000000-0000-0000-0000-000000000000', 'e7dd4908-f91f-4bba-a1d9-726e912c83cf', '{"action":"token_revoked","actor_id":"70697050-79f1-4db2-96cf-3432da782fe7","actor_username":"dobledany13@gmail.com","actor_via_sso":false,"log_type":"token"}', '2024-02-18 15:14:31.758379-07', ''),
	('00000000-0000-0000-0000-000000000000', '9424e55a-8916-4792-ba64-f5b93b1510e2', '{"action":"logout","actor_id":"c343907c-26a5-4918-a044-cdb5cef79c91","actor_username":"jaredbarojas90@gmail.com","actor_via_sso":false,"log_type":"account"}', '2024-02-18 15:20:13.421187-07', ''),
	('00000000-0000-0000-0000-000000000000', 'dda73f3d-e613-42cf-bfca-eeaa2ce5da67', '{"action":"user_deleted","actor_id":"00000000-0000-0000-0000-000000000000","actor_username":"service_role","actor_via_sso":false,"log_type":"team","traits":{"user_email":"jaredbarojas90@gmail.com","user_id":"c343907c-26a5-4918-a044-cdb5cef79c91","user_phone":""}}', '2024-02-18 15:20:23.862595-07', ''),
	('00000000-0000-0000-0000-000000000000', '40d2663c-1bf6-4757-b78f-1e357086e9c9', '{"action":"user_confirmation_requested","actor_id":"fc0faf49-6ef3-4cf2-9127-f44ac208f519","actor_username":"jaredbarojas90@gmail.com","actor_via_sso":false,"log_type":"user","traits":{"provider":"email"}}', '2024-02-18 15:20:40.839714-07', ''),
	('00000000-0000-0000-0000-000000000000', '62fcc41f-9abb-4677-9ee9-6f3dbe243525', '{"action":"user_signedup","actor_id":"fc0faf49-6ef3-4cf2-9127-f44ac208f519","actor_username":"jaredbarojas90@gmail.com","actor_via_sso":false,"log_type":"team"}', '2024-02-18 15:20:50.199354-07', ''),
	('00000000-0000-0000-0000-000000000000', '47eaf4af-a846-45fd-8f58-dddb53ec8455', '{"action":"logout","actor_id":"fc0faf49-6ef3-4cf2-9127-f44ac208f519","actor_username":"jaredbarojas90@gmail.com","actor_via_sso":false,"log_type":"account"}', '2024-02-18 15:30:49.061319-07', ''),
	('00000000-0000-0000-0000-000000000000', 'a38e713d-cc9d-4190-86ff-14c2cf960f1e', '{"action":"user_deleted","actor_id":"00000000-0000-0000-0000-000000000000","actor_username":"service_role","actor_via_sso":false,"log_type":"team","traits":{"user_email":"jaredbarojas90@gmail.com","user_id":"fc0faf49-6ef3-4cf2-9127-f44ac208f519","user_phone":""}}', '2024-02-18 15:31:13.553745-07', ''),
	('00000000-0000-0000-0000-000000000000', 'c2a9d448-69e3-47d9-9fc3-b452d3fd91b0', '{"action":"user_confirmation_requested","actor_id":"24018560-fd1d-455a-910a-338b274484b6","actor_username":"jaredbarojas90@gmail.com","actor_via_sso":false,"log_type":"user","traits":{"provider":"email"}}', '2024-02-18 15:31:32.256859-07', ''),
	('00000000-0000-0000-0000-000000000000', '090788d1-0619-481c-a816-195c7f097ac7', '{"action":"user_signedup","actor_id":"24018560-fd1d-455a-910a-338b274484b6","actor_username":"jaredbarojas90@gmail.com","actor_via_sso":false,"log_type":"team"}', '2024-02-18 15:31:46.837153-07', ''),
	('00000000-0000-0000-0000-000000000000', '405e7849-878d-4884-9d4e-06427f785ca1', '{"action":"logout","actor_id":"24018560-fd1d-455a-910a-338b274484b6","actor_username":"jaredbarojas90@gmail.com","actor_via_sso":false,"log_type":"account"}', '2024-02-18 15:36:39.385879-07', ''),
	('00000000-0000-0000-0000-000000000000', '319d499d-f62e-4adc-a54e-e2cabb0fdbf8', '{"action":"user_deleted","actor_id":"00000000-0000-0000-0000-000000000000","actor_username":"service_role","actor_via_sso":false,"log_type":"team","traits":{"user_email":"jaredbarojas90@gmail.com","user_id":"24018560-fd1d-455a-910a-338b274484b6","user_phone":""}}', '2024-02-18 15:36:50.934721-07', ''),
	('00000000-0000-0000-0000-000000000000', '7a614069-ec87-48d5-87a1-24834daba446', '{"action":"user_confirmation_requested","actor_id":"a4c51363-b17f-4ff5-8a86-c1f0a8829c98","actor_username":"jaredbarojas90@gmail.com","actor_via_sso":false,"log_type":"user","traits":{"provider":"email"}}', '2024-02-18 15:37:13.740698-07', ''),
	('00000000-0000-0000-0000-000000000000', '9b70e3e8-c06d-46cb-b113-8685ab307aa2', '{"action":"user_signedup","actor_id":"a4c51363-b17f-4ff5-8a86-c1f0a8829c98","actor_username":"jaredbarojas90@gmail.com","actor_via_sso":false,"log_type":"team"}', '2024-02-18 15:37:27.651871-07', ''),
	('00000000-0000-0000-0000-000000000000', '0947c569-1f48-43a5-a33a-2f7725fb6530', '{"action":"login","actor_id":"4a05f22c-a7bc-4b0f-9028-00f389e6a6f7","actor_username":"andreadh01@gmail.com","actor_via_sso":false,"log_type":"account","traits":{"provider":"email"}}', '2024-02-18 15:59:04.393613-07', ''),
	('00000000-0000-0000-0000-000000000000', '06606daa-24d1-4ce8-891e-4d93aadb5955', '{"action":"token_refreshed","actor_id":"4a05f22c-a7bc-4b0f-9028-00f389e6a6f7","actor_username":"andreadh01@gmail.com","actor_via_sso":false,"log_type":"token"}', '2024-02-18 16:22:35.342345-07', ''),
	('00000000-0000-0000-0000-000000000000', '5062cbd4-3b70-4a9c-9047-4ae40b734bb2', '{"action":"token_revoked","actor_id":"4a05f22c-a7bc-4b0f-9028-00f389e6a6f7","actor_username":"andreadh01@gmail.com","actor_via_sso":false,"log_type":"token"}', '2024-02-18 16:22:35.342916-07', ''),
	('00000000-0000-0000-0000-000000000000', '185a36de-5f84-4545-97aa-235f3a508b42', '{"action":"token_refreshed","actor_id":"4a05f22c-a7bc-4b0f-9028-00f389e6a6f7","actor_username":"andreadh01@gmail.com","actor_via_sso":false,"log_type":"token"}', '2024-02-18 16:24:07.733049-07', ''),
	('00000000-0000-0000-0000-000000000000', 'c9956bf0-6acb-49c5-8e41-2db237b42f64', '{"action":"token_refreshed","actor_id":"4a05f22c-a7bc-4b0f-9028-00f389e6a6f7","actor_username":"andreadh01@gmail.com","actor_via_sso":false,"log_type":"token"}', '2024-02-18 18:06:36.182798-07', ''),
	('00000000-0000-0000-0000-000000000000', 'd2d7ba3d-1cc2-43ae-a925-400804972c41', '{"action":"token_revoked","actor_id":"4a05f22c-a7bc-4b0f-9028-00f389e6a6f7","actor_username":"andreadh01@gmail.com","actor_via_sso":false,"log_type":"token"}', '2024-02-18 18:06:36.183351-07', ''),
	('00000000-0000-0000-0000-000000000000', 'd5dff898-b0ac-43a4-8b90-4ce6881c983d', '{"action":"token_refreshed","actor_id":"6712184a-73b8-4541-add0-db439070c061","actor_username":"lisaaghnic07@gmail.com","actor_via_sso":false,"log_type":"token"}', '2024-02-18 18:13:12.456794-07', ''),
	('00000000-0000-0000-0000-000000000000', 'b76c27ec-c03a-4818-8bc9-5bba5eaf7d18', '{"action":"token_revoked","actor_id":"6712184a-73b8-4541-add0-db439070c061","actor_username":"lisaaghnic07@gmail.com","actor_via_sso":false,"log_type":"token"}', '2024-02-18 18:13:12.457327-07', ''),
	('00000000-0000-0000-0000-000000000000', 'e4ea87de-7021-4fa0-bae9-ea94e5be78a5', '{"action":"token_refreshed","actor_id":"4a05f22c-a7bc-4b0f-9028-00f389e6a6f7","actor_username":"andreadh01@gmail.com","actor_via_sso":false,"log_type":"token"}', '2024-02-18 19:04:55.37813-07', ''),
	('00000000-0000-0000-0000-000000000000', '2cf0f34c-0733-4ab2-b662-7f63c3e4c514', '{"action":"token_revoked","actor_id":"4a05f22c-a7bc-4b0f-9028-00f389e6a6f7","actor_username":"andreadh01@gmail.com","actor_via_sso":false,"log_type":"token"}', '2024-02-18 19:04:55.3787-07', ''),
	('00000000-0000-0000-0000-000000000000', 'a6b00382-e437-4ddb-b1a1-00095855affe', '{"action":"token_refreshed","actor_id":"06d6fe74-d185-4dda-bf92-f83d9f6db3f1","actor_username":"davidnunez635@gmail.com","actor_via_sso":false,"log_type":"token"}', '2024-02-18 19:14:07.050405-07', ''),
	('00000000-0000-0000-0000-000000000000', '5a7f83e5-07da-4005-b3ba-8b3d4a01a9c5', '{"action":"token_revoked","actor_id":"06d6fe74-d185-4dda-bf92-f83d9f6db3f1","actor_username":"davidnunez635@gmail.com","actor_via_sso":false,"log_type":"token"}', '2024-02-18 19:14:07.050945-07', ''),
	('00000000-0000-0000-0000-000000000000', '1e2726b2-a336-4b29-9419-03e5a27ae4ae', '{"action":"token_refreshed","actor_id":"6712184a-73b8-4541-add0-db439070c061","actor_username":"lisaaghnic07@gmail.com","actor_via_sso":false,"log_type":"token"}', '2024-02-18 20:57:49.180775-07', ''),
	('00000000-0000-0000-0000-000000000000', 'c8200780-7a8d-438e-b220-30a1b7dc6a9f', '{"action":"token_revoked","actor_id":"6712184a-73b8-4541-add0-db439070c061","actor_username":"lisaaghnic07@gmail.com","actor_via_sso":false,"log_type":"token"}', '2024-02-18 20:57:49.181347-07', ''),
	('00000000-0000-0000-0000-000000000000', '24cf9ed5-a543-49cc-80ef-9802c49f8fb0', '{"action":"login","actor_id":"6712184a-73b8-4541-add0-db439070c061","actor_username":"lisaaghnic07@gmail.com","actor_via_sso":false,"log_type":"account","traits":{"provider":"email"}}', '2024-02-18 20:58:18.478347-07', ''),
	('00000000-0000-0000-0000-000000000000', '498b40e8-f47b-4c37-aae2-312c632ddfab', '{"action":"user_deleted","actor_id":"00000000-0000-0000-0000-000000000000","actor_username":"service_role","actor_via_sso":false,"log_type":"team","traits":{"user_email":"jaredbarojas90@gmail.com","user_id":"a4c51363-b17f-4ff5-8a86-c1f0a8829c98","user_phone":""}}', '2024-02-18 21:02:19.18209-07', ''),
	('00000000-0000-0000-0000-000000000000', '50001a4c-4280-4828-a0c2-ac01962c54fb', '{"action":"user_confirmation_requested","actor_id":"e6fc595d-2e1f-4cd1-8d9f-72783645aac4","actor_username":"jaredbarojas90@gmail.com","actor_via_sso":false,"log_type":"user","traits":{"provider":"email"}}', '2024-02-18 21:04:38.661788-07', ''),
	('00000000-0000-0000-0000-000000000000', 'e95810fb-c819-45d6-b3d9-ed0f74904ea4', '{"action":"user_signedup","actor_id":"e6fc595d-2e1f-4cd1-8d9f-72783645aac4","actor_username":"jaredbarojas90@gmail.com","actor_via_sso":false,"log_type":"team"}', '2024-02-18 21:04:58.781455-07', ''),
	('00000000-0000-0000-0000-000000000000', '3fb1e502-e24d-48ff-96c2-46ef38f8fe8b', '{"action":"logout","actor_id":"6712184a-73b8-4541-add0-db439070c061","actor_username":"lisaaghnic07@gmail.com","actor_via_sso":false,"log_type":"account"}', '2024-02-18 21:17:26.234124-07', ''),
	('00000000-0000-0000-0000-000000000000', '54e7fb28-6e2b-428a-a989-0a5dd7554e6e', '{"action":"login","actor_id":"6712184a-73b8-4541-add0-db439070c061","actor_username":"lisaaghnic07@gmail.com","actor_via_sso":false,"log_type":"account","traits":{"provider":"email"}}', '2024-02-18 21:18:23.908489-07', ''),
	('00000000-0000-0000-0000-000000000000', 'ac4c2961-a5a2-46c6-a612-0b8a92034218', '{"action":"token_refreshed","actor_id":"06d6fe74-d185-4dda-bf92-f83d9f6db3f1","actor_username":"davidnunez635@gmail.com","actor_via_sso":false,"log_type":"token"}', '2024-02-19 09:22:24.062851-07', ''),
	('00000000-0000-0000-0000-000000000000', '60b90b7b-f1ad-4720-9452-5860f87a4ab8', '{"action":"token_revoked","actor_id":"06d6fe74-d185-4dda-bf92-f83d9f6db3f1","actor_username":"davidnunez635@gmail.com","actor_via_sso":false,"log_type":"token"}', '2024-02-19 09:22:24.063516-07', ''),
	('00000000-0000-0000-0000-000000000000', '6e60ee67-ebdb-4b39-b607-1d8231fefbbe', '{"action":"logout","actor_id":"06d6fe74-d185-4dda-bf92-f83d9f6db3f1","actor_username":"davidnunez635@gmail.com","actor_via_sso":false,"log_type":"account"}', '2024-02-19 09:22:42.56985-07', ''),
	('00000000-0000-0000-0000-000000000000', '111752b5-11e5-49e2-853a-a916ad96c3ab', '{"action":"login","actor_id":"06d6fe74-d185-4dda-bf92-f83d9f6db3f1","actor_username":"davidnunez635@gmail.com","actor_via_sso":false,"log_type":"account","traits":{"provider":"email"}}', '2024-02-19 09:22:51.721443-07', ''),
	('00000000-0000-0000-0000-000000000000', 'df06f813-0f56-4c25-8c91-a16c346e8bf7', '{"action":"user_confirmation_requested","actor_id":"d1ba8c84-7ce1-42f2-9f16-efa109d4d508","actor_username":"andresantelo89@gmail.com","actor_via_sso":false,"log_type":"user","traits":{"provider":"email"}}', '2024-02-19 09:25:40.724548-07', ''),
	('00000000-0000-0000-0000-000000000000', '930d19c4-0d77-4806-986f-e15169cf7dc4', '{"action":"user_signedup","actor_id":"d1ba8c84-7ce1-42f2-9f16-efa109d4d508","actor_username":"andresantelo89@gmail.com","actor_via_sso":false,"log_type":"team"}', '2024-02-19 09:25:54.273961-07', ''),
	('00000000-0000-0000-0000-000000000000', '66ee977e-f4c5-4bbe-a80e-b75cffaea1c2', '{"action":"token_refreshed","actor_id":"70697050-79f1-4db2-96cf-3432da782fe7","actor_username":"dobledany13@gmail.com","actor_via_sso":false,"log_type":"token"}', '2024-02-19 10:28:59.83153-07', ''),
	('00000000-0000-0000-0000-000000000000', 'd822a0d7-103c-4b92-8198-8ebf5a6ddad0', '{"action":"token_revoked","actor_id":"70697050-79f1-4db2-96cf-3432da782fe7","actor_username":"dobledany13@gmail.com","actor_via_sso":false,"log_type":"token"}', '2024-02-19 10:28:59.832097-07', ''),
	('00000000-0000-0000-0000-000000000000', '778719e2-96d7-459a-991e-692de30e6783', '{"action":"login","actor_id":"06d6fe74-d185-4dda-bf92-f83d9f6db3f1","actor_username":"davidnunez635@gmail.com","actor_via_sso":false,"log_type":"account","traits":{"provider":"email"}}', '2024-02-19 11:24:43.538556-07', ''),
	('00000000-0000-0000-0000-000000000000', '133a6329-9dd0-4764-950c-4b633e23121a', '{"action":"user_confirmation_requested","actor_id":"c820cd07-b8fe-4613-b125-775d442b309f","actor_username":"joseluis.ochoa@unison.mx","actor_via_sso":false,"log_type":"user","traits":{"provider":"email"}}', '2024-02-19 13:34:35.397706-07', ''),
	('00000000-0000-0000-0000-000000000000', 'd7ea7d65-1ac4-459e-864c-7aa92cc0a645', '{"action":"user_signedup","actor_id":"c820cd07-b8fe-4613-b125-775d442b309f","actor_username":"joseluis.ochoa@unison.mx","actor_via_sso":false,"log_type":"team"}', '2024-02-19 13:34:53.896602-07', ''),
	('00000000-0000-0000-0000-000000000000', '41331ac5-3f2f-4979-ab17-593d6569e64b', '{"action":"login","actor_id":"acd1d671-68f3-4e94-ae01-fc0633509896","actor_username":"luisdevv232@gmail.com","actor_via_sso":false,"log_type":"account","traits":{"provider":"email"}}', '2024-02-19 13:44:10.062507-07', ''),
	('00000000-0000-0000-0000-000000000000', 'cee40c29-b488-4d76-8d21-2e027718e319', '{"action":"login","actor_id":"acd1d671-68f3-4e94-ae01-fc0633509896","actor_username":"luisdevv232@gmail.com","actor_via_sso":false,"log_type":"account","traits":{"provider":"email"}}', '2024-02-19 13:44:10.203285-07', ''),
	('00000000-0000-0000-0000-000000000000', '0bae1df6-4d6c-4cef-9d80-dbc211a7b614', '{"action":"login","actor_id":"06d6fe74-d185-4dda-bf92-f83d9f6db3f1","actor_username":"davidnunez635@gmail.com","actor_via_sso":false,"log_type":"account","traits":{"provider":"email"}}', '2024-02-19 19:05:25.513533-07', ''),
	('00000000-0000-0000-0000-000000000000', '9d9cf786-e397-4cd7-9dfa-d53ebaaa5494', '{"action":"login","actor_id":"06d6fe74-d185-4dda-bf92-f83d9f6db3f1","actor_username":"davidnunez635@gmail.com","actor_via_sso":false,"log_type":"account","traits":{"provider":"email"}}', '2024-02-19 19:13:20.706015-07', ''),
	('00000000-0000-0000-0000-000000000000', 'ee5e1159-f054-4dfe-bf18-4fa33265c128', '{"action":"logout","actor_id":"06d6fe74-d185-4dda-bf92-f83d9f6db3f1","actor_username":"davidnunez635@gmail.com","actor_via_sso":false,"log_type":"account"}', '2024-02-19 19:51:50.618384-07', ''),
	('00000000-0000-0000-0000-000000000000', 'b55cf52f-1d28-4ebd-808d-65db350c9d05', '{"action":"login","actor_id":"06d6fe74-d185-4dda-bf92-f83d9f6db3f1","actor_username":"davidnunez635@gmail.com","actor_via_sso":false,"log_type":"account","traits":{"provider":"email"}}', '2024-02-19 20:15:33.653829-07', ''),
	('00000000-0000-0000-0000-000000000000', '16b65bec-6a11-4242-9e11-3abf4485493f', '{"action":"login","actor_id":"acd1d671-68f3-4e94-ae01-fc0633509896","actor_username":"luisdevv232@gmail.com","actor_via_sso":false,"log_type":"account","traits":{"provider":"email"}}', '2024-02-19 20:22:59.621634-07', ''),
	('00000000-0000-0000-0000-000000000000', '1bec865c-1cda-4bad-bd3e-c2b0a1f2b097', '{"action":"login","actor_id":"70697050-79f1-4db2-96cf-3432da782fe7","actor_username":"dobledany13@gmail.com","actor_via_sso":false,"log_type":"account","traits":{"provider":"email"}}', '2024-02-19 20:26:52.438278-07', ''),
	('00000000-0000-0000-0000-000000000000', '2ea2fc3c-be52-4684-b87b-bd6f1949200e', '{"action":"token_refreshed","actor_id":"70697050-79f1-4db2-96cf-3432da782fe7","actor_username":"dobledany13@gmail.com","actor_via_sso":false,"log_type":"token"}', '2024-02-20 10:19:01.254431-07', ''),
	('00000000-0000-0000-0000-000000000000', 'e86ab3aa-2b94-4b7a-9a12-41fee8c7a8af', '{"action":"token_revoked","actor_id":"70697050-79f1-4db2-96cf-3432da782fe7","actor_username":"dobledany13@gmail.com","actor_via_sso":false,"log_type":"token"}', '2024-02-20 10:19:01.255264-07', ''),
	('00000000-0000-0000-0000-000000000000', '5b4245df-6bd2-45d4-804d-d203c5f735dc', '{"action":"token_refreshed","actor_id":"70697050-79f1-4db2-96cf-3432da782fe7","actor_username":"dobledany13@gmail.com","actor_via_sso":false,"log_type":"token"}', '2024-02-20 11:38:13.719966-07', ''),
	('00000000-0000-0000-0000-000000000000', 'c14f3a5c-367e-4773-9023-d68819a091ce', '{"action":"token_revoked","actor_id":"70697050-79f1-4db2-96cf-3432da782fe7","actor_username":"dobledany13@gmail.com","actor_via_sso":false,"log_type":"token"}', '2024-02-20 11:38:13.722876-07', ''),
	('00000000-0000-0000-0000-000000000000', 'c00b7668-44f6-48a2-a0d6-4b7d998c32c9', '{"action":"token_refreshed","actor_id":"70697050-79f1-4db2-96cf-3432da782fe7","actor_username":"dobledany13@gmail.com","actor_via_sso":false,"log_type":"token"}', '2024-02-22 13:31:27.481154-07', ''),
	('00000000-0000-0000-0000-000000000000', 'e5e9d319-ec96-4b7a-9ba4-a6ecf9caa1bf', '{"action":"token_revoked","actor_id":"70697050-79f1-4db2-96cf-3432da782fe7","actor_username":"dobledany13@gmail.com","actor_via_sso":false,"log_type":"token"}', '2024-02-22 13:31:27.482033-07', ''),
	('00000000-0000-0000-0000-000000000000', '79fe342f-2fcb-4c7b-aa64-5158b596d2c6', '{"action":"token_refreshed","actor_id":"70697050-79f1-4db2-96cf-3432da782fe7","actor_username":"dobledany13@gmail.com","actor_via_sso":false,"log_type":"token"}', '2024-02-23 13:19:13.332547-07', ''),
	('00000000-0000-0000-0000-000000000000', 'fbe4eee5-80a2-40d7-ba94-534bfd0b4ec7', '{"action":"token_revoked","actor_id":"70697050-79f1-4db2-96cf-3432da782fe7","actor_username":"dobledany13@gmail.com","actor_via_sso":false,"log_type":"token"}', '2024-02-23 13:19:13.333839-07', ''),
	('00000000-0000-0000-0000-000000000000', '7d6b0578-3e87-431b-9d48-952643a1ce23', '{"action":"login","actor_id":"d3cf5372-8388-48f2-b9e8-5e94269ec671","actor_username":"karolina14badilla@gmail.com","actor_via_sso":false,"log_type":"account","traits":{"provider":"email"}}', '2024-02-26 23:49:09.748931-07', ''),
	('00000000-0000-0000-0000-000000000000', 'ebc4fba6-6f04-4e2b-b93a-8f6eb09f7dcc', '{"action":"token_refreshed","actor_id":"d3cf5372-8388-48f2-b9e8-5e94269ec671","actor_username":"karolina14badilla@gmail.com","actor_via_sso":false,"log_type":"token"}', '2024-02-27 17:41:55.799186-07', ''),
	('00000000-0000-0000-0000-000000000000', 'e717e255-540d-4c0a-92f1-68b5549dc6eb', '{"action":"token_revoked","actor_id":"d3cf5372-8388-48f2-b9e8-5e94269ec671","actor_username":"karolina14badilla@gmail.com","actor_via_sso":false,"log_type":"token"}', '2024-02-27 17:41:55.799754-07', ''),
	('00000000-0000-0000-0000-000000000000', '9a4d5160-f95b-47fe-94a3-47847db549da', '{"action":"token_refreshed","actor_id":"d3cf5372-8388-48f2-b9e8-5e94269ec671","actor_username":"karolina14badilla@gmail.com","actor_via_sso":false,"log_type":"token"}', '2024-02-27 19:40:22.787465-07', ''),
	('00000000-0000-0000-0000-000000000000', '3ca25338-7d6a-4eeb-9501-ce5f554097ea', '{"action":"token_revoked","actor_id":"d3cf5372-8388-48f2-b9e8-5e94269ec671","actor_username":"karolina14badilla@gmail.com","actor_via_sso":false,"log_type":"token"}', '2024-02-27 19:40:22.788043-07', ''),
	('00000000-0000-0000-0000-000000000000', 'd34bd0af-c20b-496b-936a-be60db7b3fb0', '{"action":"token_refreshed","actor_id":"d3cf5372-8388-48f2-b9e8-5e94269ec671","actor_username":"karolina14badilla@gmail.com","actor_via_sso":false,"log_type":"token"}', '2024-02-27 20:54:02.783844-07', ''),
	('00000000-0000-0000-0000-000000000000', 'c0222217-f59d-430b-ab1b-bf68de5cfb7f', '{"action":"token_revoked","actor_id":"d3cf5372-8388-48f2-b9e8-5e94269ec671","actor_username":"karolina14badilla@gmail.com","actor_via_sso":false,"log_type":"token"}', '2024-02-27 20:54:02.784409-07', ''),
	('00000000-0000-0000-0000-000000000000', '19782cd3-e3bd-4bb4-813e-da11ec89025d', '{"action":"login","actor_id":"acd1d671-68f3-4e94-ae01-fc0633509896","actor_username":"luisdevv232@gmail.com","actor_via_sso":false,"log_type":"account","traits":{"provider":"email"}}', '2024-02-29 10:15:31.022088-07', ''),
	('00000000-0000-0000-0000-000000000000', '7873969a-aa29-4613-b4ab-4052dce72308', '{"action":"token_refreshed","actor_id":"acd1d671-68f3-4e94-ae01-fc0633509896","actor_username":"luisdevv232@gmail.com","actor_via_sso":false,"log_type":"token"}', '2024-02-29 15:30:09.5001-07', ''),
	('00000000-0000-0000-0000-000000000000', 'b2240925-da2d-401b-9702-0ff78ed51109', '{"action":"token_revoked","actor_id":"acd1d671-68f3-4e94-ae01-fc0633509896","actor_username":"luisdevv232@gmail.com","actor_via_sso":false,"log_type":"token"}', '2024-02-29 15:30:09.50074-07', ''),
	('00000000-0000-0000-0000-000000000000', '7ffe3fb8-8c91-4350-a17e-6fa84fecb5b7', '{"action":"token_refreshed","actor_id":"acd1d671-68f3-4e94-ae01-fc0633509896","actor_username":"luisdevv232@gmail.com","actor_via_sso":false,"log_type":"token"}', '2024-02-29 16:28:33.551483-07', ''),
	('00000000-0000-0000-0000-000000000000', 'c2696df1-660f-4fdf-97d7-2a948f8a74cf', '{"action":"token_revoked","actor_id":"acd1d671-68f3-4e94-ae01-fc0633509896","actor_username":"luisdevv232@gmail.com","actor_via_sso":false,"log_type":"token"}', '2024-02-29 16:28:33.552048-07', ''),
	('00000000-0000-0000-0000-000000000000', 'ba6c9285-45e0-4976-9982-ba1282fdc290', '{"action":"token_refreshed","actor_id":"4a05f22c-a7bc-4b0f-9028-00f389e6a6f7","actor_username":"andreadh01@gmail.com","actor_via_sso":false,"log_type":"token"}', '2024-03-01 17:58:19.577156-07', ''),
	('00000000-0000-0000-0000-000000000000', '8432150d-8e9c-40c9-9865-a7f326359317', '{"action":"token_revoked","actor_id":"4a05f22c-a7bc-4b0f-9028-00f389e6a6f7","actor_username":"andreadh01@gmail.com","actor_via_sso":false,"log_type":"token"}', '2024-03-01 17:58:19.577748-07', ''),
	('00000000-0000-0000-0000-000000000000', 'febadc03-9a7f-426d-a714-d0cd9089ebb6', '{"action":"token_refreshed","actor_id":"4a05f22c-a7bc-4b0f-9028-00f389e6a6f7","actor_username":"andreadh01@gmail.com","actor_via_sso":false,"log_type":"token"}', '2024-03-01 18:56:38.012621-07', ''),
	('00000000-0000-0000-0000-000000000000', 'bc5a941b-ba00-4130-b69f-bce4f710d264', '{"action":"token_revoked","actor_id":"4a05f22c-a7bc-4b0f-9028-00f389e6a6f7","actor_username":"andreadh01@gmail.com","actor_via_sso":false,"log_type":"token"}', '2024-03-01 18:56:38.013214-07', ''),
	('00000000-0000-0000-0000-000000000000', '0e1b9544-15c8-449b-bf2e-7651c01478a4', '{"action":"login","actor_id":"acd1d671-68f3-4e94-ae01-fc0633509896","actor_username":"luisdevv232@gmail.com","actor_via_sso":false,"log_type":"account","traits":{"provider":"email"}}', '2024-03-01 23:01:16.537545-07', ''),
	('00000000-0000-0000-0000-000000000000', '6db80fca-0f5a-4ea4-9dcf-d870611cfed0', '{"action":"user_recovery_requested","actor_id":"45f4da3e-5b02-4c6e-9d3c-876831872686","actor_username":"yisusmaster1218@gmail.com","actor_via_sso":false,"log_type":"user"}', '2024-03-02 13:48:51.88909-07', ''),
	('00000000-0000-0000-0000-000000000000', '09255355-8830-4dd2-bbc0-ceb9da2d2fce', '{"action":"user_signedup","actor_id":"45f4da3e-5b02-4c6e-9d3c-876831872686","actor_username":"yisusmaster1218@gmail.com","actor_via_sso":false,"log_type":"team"}', '2024-03-02 13:49:15.405381-07', ''),
	('00000000-0000-0000-0000-000000000000', '6a414a57-27f6-43f5-816d-d59594e727eb', '{"action":"user_updated_password","actor_id":"45f4da3e-5b02-4c6e-9d3c-876831872686","actor_username":"yisusmaster1218@gmail.com","actor_via_sso":false,"log_type":"user"}', '2024-03-02 13:49:37.398701-07', ''),
	('00000000-0000-0000-0000-000000000000', '4819c094-382f-4b13-b594-c5886c3621d5', '{"action":"user_modified","actor_id":"45f4da3e-5b02-4c6e-9d3c-876831872686","actor_username":"yisusmaster1218@gmail.com","actor_via_sso":false,"log_type":"user"}', '2024-03-02 13:49:37.399283-07', ''),
	('00000000-0000-0000-0000-000000000000', 'a0f78a2e-6ced-4d22-b95c-bc3fd211414b', '{"action":"login","actor_id":"45f4da3e-5b02-4c6e-9d3c-876831872686","actor_username":"yisusmaster1218@gmail.com","actor_via_sso":false,"log_type":"account","traits":{"provider":"email"}}', '2024-03-02 13:49:57.298594-07', ''),
	('00000000-0000-0000-0000-000000000000', '73a62a73-f874-446a-8741-16d3525d7087', '{"action":"token_refreshed","actor_id":"4a05f22c-a7bc-4b0f-9028-00f389e6a6f7","actor_username":"andreadh01@gmail.com","actor_via_sso":false,"log_type":"token"}', '2024-03-02 14:48:32.292321-07', ''),
	('00000000-0000-0000-0000-000000000000', '6bec0e85-397c-4fe2-9668-14339a32d903', '{"action":"token_revoked","actor_id":"4a05f22c-a7bc-4b0f-9028-00f389e6a6f7","actor_username":"andreadh01@gmail.com","actor_via_sso":false,"log_type":"token"}', '2024-03-02 14:48:32.29293-07', ''),
	('00000000-0000-0000-0000-000000000000', 'ab41091f-a9c4-4b56-8503-fd1835977141', '{"action":"token_refreshed","actor_id":"45f4da3e-5b02-4c6e-9d3c-876831872686","actor_username":"yisusmaster1218@gmail.com","actor_via_sso":false,"log_type":"token"}', '2024-03-02 14:54:15.97884-07', ''),
	('00000000-0000-0000-0000-000000000000', '51b30bc9-3bc4-4c23-a172-23194cff584e', '{"action":"token_revoked","actor_id":"45f4da3e-5b02-4c6e-9d3c-876831872686","actor_username":"yisusmaster1218@gmail.com","actor_via_sso":false,"log_type":"token"}', '2024-03-02 14:54:15.979403-07', ''),
	('00000000-0000-0000-0000-000000000000', 'ed4c6ac7-5fc1-4084-82d0-49c51040336c', '{"action":"token_refreshed","actor_id":"4a05f22c-a7bc-4b0f-9028-00f389e6a6f7","actor_username":"andreadh01@gmail.com","actor_via_sso":false,"log_type":"token"}', '2024-03-02 15:46:45.762206-07', ''),
	('00000000-0000-0000-0000-000000000000', '30b1b884-7c2b-4310-89b5-a5d8415f04ed', '{"action":"token_revoked","actor_id":"4a05f22c-a7bc-4b0f-9028-00f389e6a6f7","actor_username":"andreadh01@gmail.com","actor_via_sso":false,"log_type":"token"}', '2024-03-02 15:46:45.762788-07', ''),
	('00000000-0000-0000-0000-000000000000', '0cb2a886-7ca1-4876-bf46-a4fc84f57f42', '{"action":"token_refreshed","actor_id":"4a05f22c-a7bc-4b0f-9028-00f389e6a6f7","actor_username":"andreadh01@gmail.com","actor_via_sso":false,"log_type":"token"}', '2024-03-02 16:44:49.910647-07', ''),
	('00000000-0000-0000-0000-000000000000', '454be5b3-5db8-4dfe-896d-e86adcb90c48', '{"action":"token_revoked","actor_id":"4a05f22c-a7bc-4b0f-9028-00f389e6a6f7","actor_username":"andreadh01@gmail.com","actor_via_sso":false,"log_type":"token"}', '2024-03-02 16:44:49.911938-07', ''),
	('00000000-0000-0000-0000-000000000000', 'dbc2d016-3434-46e3-89c5-785ea0505ffc', '{"action":"login","actor_id":"e6fc595d-2e1f-4cd1-8d9f-72783645aac4","actor_username":"jaredbarojas90@gmail.com","actor_via_sso":false,"log_type":"account","traits":{"provider":"email"}}', '2024-03-02 18:37:17.770567-07', ''),
	('00000000-0000-0000-0000-000000000000', 'f8165518-ea85-441e-847e-8059a75529fa', '{"action":"login","actor_id":"b6d38bb3-c954-415b-baf8-b91f322d2e6e","actor_username":"daeb2222@gmail.com","actor_via_sso":false,"log_type":"account","traits":{"provider":"email"}}', '2024-03-02 19:00:24.205282-07', ''),
	('00000000-0000-0000-0000-000000000000', '9c0039c0-457f-469f-8de2-ed972cba4daf', '{"action":"token_refreshed","actor_id":"e6fc595d-2e1f-4cd1-8d9f-72783645aac4","actor_username":"jaredbarojas90@gmail.com","actor_via_sso":false,"log_type":"token"}', '2024-03-02 19:35:19.017303-07', ''),
	('00000000-0000-0000-0000-000000000000', '9d321741-ba48-4cb7-9822-84208024e3f3', '{"action":"token_revoked","actor_id":"e6fc595d-2e1f-4cd1-8d9f-72783645aac4","actor_username":"jaredbarojas90@gmail.com","actor_via_sso":false,"log_type":"token"}', '2024-03-02 19:35:19.019357-07', ''),
	('00000000-0000-0000-0000-000000000000', 'edfb8c6c-4603-403f-98c9-a49d365671fb', '{"action":"token_refreshed","actor_id":"b6d38bb3-c954-415b-baf8-b91f322d2e6e","actor_username":"daeb2222@gmail.com","actor_via_sso":false,"log_type":"token"}', '2024-03-02 19:58:49.069401-07', ''),
	('00000000-0000-0000-0000-000000000000', '383ff308-03e8-4e28-977d-827da1d028a0', '{"action":"token_revoked","actor_id":"b6d38bb3-c954-415b-baf8-b91f322d2e6e","actor_username":"daeb2222@gmail.com","actor_via_sso":false,"log_type":"token"}', '2024-03-02 19:58:49.070019-07', ''),
	('00000000-0000-0000-0000-000000000000', 'a656d929-7aaa-4879-aa36-adef63d2d856', '{"action":"token_refreshed","actor_id":"e6fc595d-2e1f-4cd1-8d9f-72783645aac4","actor_username":"jaredbarojas90@gmail.com","actor_via_sso":false,"log_type":"token"}', '2024-03-02 20:33:36.821892-07', ''),
	('00000000-0000-0000-0000-000000000000', '9bf8140f-feb6-4910-872c-b52dd67fa7ae', '{"action":"token_revoked","actor_id":"e6fc595d-2e1f-4cd1-8d9f-72783645aac4","actor_username":"jaredbarojas90@gmail.com","actor_via_sso":false,"log_type":"token"}', '2024-03-02 20:33:36.822445-07', ''),
	('00000000-0000-0000-0000-000000000000', 'd7d719aa-5e74-43b5-9f41-166eece5848b', '{"action":"token_refreshed","actor_id":"b6d38bb3-c954-415b-baf8-b91f322d2e6e","actor_username":"daeb2222@gmail.com","actor_via_sso":false,"log_type":"token"}', '2024-03-02 20:57:17.45455-07', ''),
	('00000000-0000-0000-0000-000000000000', '19bf5bb4-d715-4f6a-a3f3-5beadae6a41e', '{"action":"token_revoked","actor_id":"b6d38bb3-c954-415b-baf8-b91f322d2e6e","actor_username":"daeb2222@gmail.com","actor_via_sso":false,"log_type":"token"}', '2024-03-02 20:57:17.455115-07', ''),
	('00000000-0000-0000-0000-000000000000', 'fbad7825-7915-4a54-a3ca-f5fff072ee56', '{"action":"token_refreshed","actor_id":"e6fc595d-2e1f-4cd1-8d9f-72783645aac4","actor_username":"jaredbarojas90@gmail.com","actor_via_sso":false,"log_type":"token"}', '2024-03-02 21:33:42.374002-07', ''),
	('00000000-0000-0000-0000-000000000000', 'ca4bc9c1-cbf1-4c75-b2dc-71831a7d5938', '{"action":"token_revoked","actor_id":"e6fc595d-2e1f-4cd1-8d9f-72783645aac4","actor_username":"jaredbarojas90@gmail.com","actor_via_sso":false,"log_type":"token"}', '2024-03-02 21:33:42.37456-07', ''),
	('00000000-0000-0000-0000-000000000000', 'c77d1805-2bdb-4b7a-87c4-b6136ad7c649', '{"action":"token_refreshed","actor_id":"b6d38bb3-c954-415b-baf8-b91f322d2e6e","actor_username":"daeb2222@gmail.com","actor_via_sso":false,"log_type":"token"}', '2024-03-02 21:55:37.081563-07', ''),
	('00000000-0000-0000-0000-000000000000', 'f1cb7a28-c72e-4558-975b-b1581fa285f7', '{"action":"token_revoked","actor_id":"b6d38bb3-c954-415b-baf8-b91f322d2e6e","actor_username":"daeb2222@gmail.com","actor_via_sso":false,"log_type":"token"}', '2024-03-02 21:55:37.08212-07', ''),
	('00000000-0000-0000-0000-000000000000', '1919a6bd-fc57-4b1f-9366-397256832ef2', '{"action":"token_refreshed","actor_id":"e6fc595d-2e1f-4cd1-8d9f-72783645aac4","actor_username":"jaredbarojas90@gmail.com","actor_via_sso":false,"log_type":"token"}', '2024-03-02 22:31:49.786839-07', ''),
	('00000000-0000-0000-0000-000000000000', 'd47d5832-5513-446d-9b73-205ab8464037', '{"action":"token_revoked","actor_id":"e6fc595d-2e1f-4cd1-8d9f-72783645aac4","actor_username":"jaredbarojas90@gmail.com","actor_via_sso":false,"log_type":"token"}', '2024-03-02 22:31:49.787395-07', ''),
	('00000000-0000-0000-0000-000000000000', 'd6159b7a-e063-4899-809d-f9919abb1552', '{"action":"token_refreshed","actor_id":"b6d38bb3-c954-415b-baf8-b91f322d2e6e","actor_username":"daeb2222@gmail.com","actor_via_sso":false,"log_type":"token"}', '2024-03-02 22:53:49.049773-07', ''),
	('00000000-0000-0000-0000-000000000000', '4c7abdd3-eeee-4087-bd47-7c0d8ab78e74', '{"action":"token_revoked","actor_id":"b6d38bb3-c954-415b-baf8-b91f322d2e6e","actor_username":"daeb2222@gmail.com","actor_via_sso":false,"log_type":"token"}', '2024-03-02 22:53:49.050328-07', ''),
	('00000000-0000-0000-0000-000000000000', '4049f323-918b-4fa5-b2d1-3c7097a8b8c0', '{"action":"token_refreshed","actor_id":"b6d38bb3-c954-415b-baf8-b91f322d2e6e","actor_username":"daeb2222@gmail.com","actor_via_sso":false,"log_type":"token"}', '2024-03-03 00:27:34.209046-07', ''),
	('00000000-0000-0000-0000-000000000000', '5a3a882b-ff16-42e5-9090-805f8d72d8b3', '{"action":"token_revoked","actor_id":"b6d38bb3-c954-415b-baf8-b91f322d2e6e","actor_username":"daeb2222@gmail.com","actor_via_sso":false,"log_type":"token"}', '2024-03-03 00:27:34.209729-07', ''),
	('00000000-0000-0000-0000-000000000000', '8503bed3-fe81-4cb5-885b-e118ff59c002', '{"action":"token_refreshed","actor_id":"b6d38bb3-c954-415b-baf8-b91f322d2e6e","actor_username":"daeb2222@gmail.com","actor_via_sso":false,"log_type":"token"}', '2024-03-03 03:19:38.415891-07', ''),
	('00000000-0000-0000-0000-000000000000', 'e650e515-7484-441d-866b-10175c510229', '{"action":"token_revoked","actor_id":"b6d38bb3-c954-415b-baf8-b91f322d2e6e","actor_username":"daeb2222@gmail.com","actor_via_sso":false,"log_type":"token"}', '2024-03-03 03:19:38.416464-07', ''),
	('00000000-0000-0000-0000-000000000000', 'cd8be6e3-f394-4f43-b11e-071ba60341f9', '{"action":"token_refreshed","actor_id":"b6d38bb3-c954-415b-baf8-b91f322d2e6e","actor_username":"daeb2222@gmail.com","actor_via_sso":false,"log_type":"token"}', '2024-03-03 04:17:50.64857-07', ''),
	('00000000-0000-0000-0000-000000000000', 'ccef8fba-ff83-405f-b583-892d817c6d8a', '{"action":"token_revoked","actor_id":"b6d38bb3-c954-415b-baf8-b91f322d2e6e","actor_username":"daeb2222@gmail.com","actor_via_sso":false,"log_type":"token"}', '2024-03-03 04:17:50.649132-07', ''),
	('00000000-0000-0000-0000-000000000000', '34ede698-c3b4-4775-addb-259dda5ec7d8', '{"action":"token_refreshed","actor_id":"b6d38bb3-c954-415b-baf8-b91f322d2e6e","actor_username":"daeb2222@gmail.com","actor_via_sso":false,"log_type":"token"}', '2024-03-03 05:16:09.776772-07', ''),
	('00000000-0000-0000-0000-000000000000', '2705d518-4c20-48bd-8bfb-82af13162ecd', '{"action":"token_revoked","actor_id":"b6d38bb3-c954-415b-baf8-b91f322d2e6e","actor_username":"daeb2222@gmail.com","actor_via_sso":false,"log_type":"token"}', '2024-03-03 05:16:09.777354-07', ''),
	('00000000-0000-0000-0000-000000000000', '50f50af2-513e-495a-a60c-37fc8eaf0e34', '{"action":"token_refreshed","actor_id":"acd1d671-68f3-4e94-ae01-fc0633509896","actor_username":"luisdevv232@gmail.com","actor_via_sso":false,"log_type":"token"}', '2024-03-03 13:12:50.772055-07', ''),
	('00000000-0000-0000-0000-000000000000', '715954b7-eaeb-4235-9b1a-483c927282ff', '{"action":"token_revoked","actor_id":"acd1d671-68f3-4e94-ae01-fc0633509896","actor_username":"luisdevv232@gmail.com","actor_via_sso":false,"log_type":"token"}', '2024-03-03 13:12:50.7726-07', ''),
	('00000000-0000-0000-0000-000000000000', '9689a0ce-6904-44b2-bc64-afcc6662c3d3', '{"action":"token_refreshed","actor_id":"acd1d671-68f3-4e94-ae01-fc0633509896","actor_username":"luisdevv232@gmail.com","actor_via_sso":false,"log_type":"token"}', '2024-03-03 14:11:12.491366-07', ''),
	('00000000-0000-0000-0000-000000000000', 'a9ca71ce-5950-46c0-9bda-5d960ed1667e', '{"action":"token_revoked","actor_id":"acd1d671-68f3-4e94-ae01-fc0633509896","actor_username":"luisdevv232@gmail.com","actor_via_sso":false,"log_type":"token"}', '2024-03-03 14:11:12.491982-07', ''),
	('00000000-0000-0000-0000-000000000000', '9cb5c545-f092-4016-ac2c-2c79faa1fab9', '{"action":"token_refreshed","actor_id":"e6fc595d-2e1f-4cd1-8d9f-72783645aac4","actor_username":"jaredbarojas90@gmail.com","actor_via_sso":false,"log_type":"token"}', '2024-03-03 14:19:17.706881-07', ''),
	('00000000-0000-0000-0000-000000000000', '85609178-b7fb-4fba-a38c-18ba2ea30744', '{"action":"token_revoked","actor_id":"e6fc595d-2e1f-4cd1-8d9f-72783645aac4","actor_username":"jaredbarojas90@gmail.com","actor_via_sso":false,"log_type":"token"}', '2024-03-03 14:19:17.707453-07', ''),
	('00000000-0000-0000-0000-000000000000', 'e6912ec1-ae3e-4dd0-8fb2-1666e23145f7', '{"action":"token_refreshed","actor_id":"b6d38bb3-c954-415b-baf8-b91f322d2e6e","actor_username":"daeb2222@gmail.com","actor_via_sso":false,"log_type":"token"}', '2024-03-03 14:34:27.143364-07', ''),
	('00000000-0000-0000-0000-000000000000', '584363f0-4bce-4296-8783-e6b19597eee2', '{"action":"token_revoked","actor_id":"b6d38bb3-c954-415b-baf8-b91f322d2e6e","actor_username":"daeb2222@gmail.com","actor_via_sso":false,"log_type":"token"}', '2024-03-03 14:34:27.143946-07', ''),
	('00000000-0000-0000-0000-000000000000', 'ef790724-c0e8-40af-b500-1a02786be38e', '{"action":"token_refreshed","actor_id":"4a05f22c-a7bc-4b0f-9028-00f389e6a6f7","actor_username":"andreadh01@gmail.com","actor_via_sso":false,"log_type":"token"}', '2024-03-03 14:42:02.541912-07', ''),
	('00000000-0000-0000-0000-000000000000', '86adb310-ddc7-4bc1-b905-a8018c0f31fe', '{"action":"token_revoked","actor_id":"4a05f22c-a7bc-4b0f-9028-00f389e6a6f7","actor_username":"andreadh01@gmail.com","actor_via_sso":false,"log_type":"token"}', '2024-03-03 14:42:02.542537-07', ''),
	('00000000-0000-0000-0000-000000000000', '5c40357d-3aa7-4183-9873-052478260dce', '{"action":"token_refreshed","actor_id":"acd1d671-68f3-4e94-ae01-fc0633509896","actor_username":"luisdevv232@gmail.com","actor_via_sso":false,"log_type":"token"}', '2024-03-03 15:09:28.351172-07', ''),
	('00000000-0000-0000-0000-000000000000', '494ca731-5cc1-4f60-88a2-fd3f66772d09', '{"action":"token_revoked","actor_id":"acd1d671-68f3-4e94-ae01-fc0633509896","actor_username":"luisdevv232@gmail.com","actor_via_sso":false,"log_type":"token"}', '2024-03-03 15:09:28.351752-07', ''),
	('00000000-0000-0000-0000-000000000000', '902966fc-9063-4c32-9685-4c20070cc85a', '{"action":"token_refreshed","actor_id":"e6fc595d-2e1f-4cd1-8d9f-72783645aac4","actor_username":"jaredbarojas90@gmail.com","actor_via_sso":false,"log_type":"token"}', '2024-03-03 15:17:36.386121-07', ''),
	('00000000-0000-0000-0000-000000000000', 'f818f9c5-27dd-47e5-b822-caaa2a3191f2', '{"action":"token_revoked","actor_id":"e6fc595d-2e1f-4cd1-8d9f-72783645aac4","actor_username":"jaredbarojas90@gmail.com","actor_via_sso":false,"log_type":"token"}', '2024-03-03 15:17:36.387834-07', ''),
	('00000000-0000-0000-0000-000000000000', 'fc099f81-4763-46e1-8c99-1c9db6e1244f', '{"action":"token_refreshed","actor_id":"b6d38bb3-c954-415b-baf8-b91f322d2e6e","actor_username":"daeb2222@gmail.com","actor_via_sso":false,"log_type":"token"}', '2024-03-03 15:32:54.361162-07', ''),
	('00000000-0000-0000-0000-000000000000', '0e48a593-092a-480b-89fe-c369f72b6f28', '{"action":"token_revoked","actor_id":"b6d38bb3-c954-415b-baf8-b91f322d2e6e","actor_username":"daeb2222@gmail.com","actor_via_sso":false,"log_type":"token"}', '2024-03-03 15:32:54.36175-07', ''),
	('00000000-0000-0000-0000-000000000000', '2945b46f-9b35-4030-93df-ef17ff01db3b', '{"action":"token_refreshed","actor_id":"4a05f22c-a7bc-4b0f-9028-00f389e6a6f7","actor_username":"andreadh01@gmail.com","actor_via_sso":false,"log_type":"token"}', '2024-03-03 15:40:06.279919-07', ''),
	('00000000-0000-0000-0000-000000000000', 'e3f0ca0e-d52c-46d6-9b02-9bf6fee37f24', '{"action":"token_revoked","actor_id":"4a05f22c-a7bc-4b0f-9028-00f389e6a6f7","actor_username":"andreadh01@gmail.com","actor_via_sso":false,"log_type":"token"}', '2024-03-03 15:40:06.280495-07', ''),
	('00000000-0000-0000-0000-000000000000', '14610785-6381-48fc-a4ca-fe2297c7cd18', '{"action":"logout","actor_id":"e6fc595d-2e1f-4cd1-8d9f-72783645aac4","actor_username":"jaredbarojas90@gmail.com","actor_via_sso":false,"log_type":"account"}', '2024-03-03 15:54:03.926463-07', ''),
	('00000000-0000-0000-0000-000000000000', '7c6fff36-aecc-4c5d-a466-90d87a2af26d', '{"action":"login","actor_id":"b6d38bb3-c954-415b-baf8-b91f322d2e6e","actor_username":"daeb2222@gmail.com","actor_via_sso":false,"log_type":"account","traits":{"provider":"email"}}', '2024-03-03 15:54:47.860126-07', ''),
	('00000000-0000-0000-0000-000000000000', 'f8c5f392-5ceb-43cb-8b92-b89f01c58b5d', '{"action":"token_refreshed","actor_id":"45f4da3e-5b02-4c6e-9d3c-876831872686","actor_username":"yisusmaster1218@gmail.com","actor_via_sso":false,"log_type":"token"}', '2024-03-03 16:03:00.908698-07', ''),
	('00000000-0000-0000-0000-000000000000', '4fd49e03-3c55-47d2-949c-e95ede1ceb86', '{"action":"token_revoked","actor_id":"45f4da3e-5b02-4c6e-9d3c-876831872686","actor_username":"yisusmaster1218@gmail.com","actor_via_sso":false,"log_type":"token"}', '2024-03-03 16:03:00.909305-07', ''),
	('00000000-0000-0000-0000-000000000000', '11206b8a-3012-4176-a03b-6c9ccf791892', '{"action":"login","actor_id":"45f4da3e-5b02-4c6e-9d3c-876831872686","actor_username":"yisusmaster1218@gmail.com","actor_via_sso":false,"log_type":"account","traits":{"provider":"email"}}', '2024-03-03 16:03:20.148533-07', ''),
	('00000000-0000-0000-0000-000000000000', 'd7f45c45-558e-4a99-9391-1d0793dbb7c4', '{"action":"token_refreshed","actor_id":"acd1d671-68f3-4e94-ae01-fc0633509896","actor_username":"luisdevv232@gmail.com","actor_via_sso":false,"log_type":"token"}', '2024-03-03 16:07:53.187411-07', ''),
	('00000000-0000-0000-0000-000000000000', '9c49a7e5-ec14-49dd-9a58-be669866cae7', '{"action":"token_revoked","actor_id":"acd1d671-68f3-4e94-ae01-fc0633509896","actor_username":"luisdevv232@gmail.com","actor_via_sso":false,"log_type":"token"}', '2024-03-03 16:07:53.188033-07', ''),
	('00000000-0000-0000-0000-000000000000', '0b57bc3d-a5c2-4ca5-9d4c-c95aca535138', '{"action":"token_refreshed","actor_id":"4a05f22c-a7bc-4b0f-9028-00f389e6a6f7","actor_username":"andreadh01@gmail.com","actor_via_sso":false,"log_type":"token"}', '2024-03-03 16:39:41.921217-07', ''),
	('00000000-0000-0000-0000-000000000000', '0a64a819-f740-4b14-bb6d-05aa2d3c5d59', '{"action":"token_revoked","actor_id":"4a05f22c-a7bc-4b0f-9028-00f389e6a6f7","actor_username":"andreadh01@gmail.com","actor_via_sso":false,"log_type":"token"}', '2024-03-03 16:39:41.921812-07', ''),
	('00000000-0000-0000-0000-000000000000', 'a3083bec-f0ce-48c3-9e37-fbfd303385ed', '{"action":"token_refreshed","actor_id":"b6d38bb3-c954-415b-baf8-b91f322d2e6e","actor_username":"daeb2222@gmail.com","actor_via_sso":false,"log_type":"token"}', '2024-03-03 16:58:02.046679-07', ''),
	('00000000-0000-0000-0000-000000000000', '166f8da8-47bd-4567-accf-f369d0bec010', '{"action":"token_revoked","actor_id":"b6d38bb3-c954-415b-baf8-b91f322d2e6e","actor_username":"daeb2222@gmail.com","actor_via_sso":false,"log_type":"token"}', '2024-03-03 16:58:02.047223-07', ''),
	('00000000-0000-0000-0000-000000000000', '2127f5f9-5bb0-424f-b023-19ea3eaadd01', '{"action":"token_refreshed","actor_id":"b6d38bb3-c954-415b-baf8-b91f322d2e6e","actor_username":"daeb2222@gmail.com","actor_via_sso":false,"log_type":"token"}', '2024-03-03 16:58:59.87497-07', ''),
	('00000000-0000-0000-0000-000000000000', '1a87c3cf-135b-4a04-b016-a7d6dbfae0ee', '{"action":"token_revoked","actor_id":"b6d38bb3-c954-415b-baf8-b91f322d2e6e","actor_username":"daeb2222@gmail.com","actor_via_sso":false,"log_type":"token"}', '2024-03-03 16:58:59.875524-07', ''),
	('00000000-0000-0000-0000-000000000000', 'a2b78b42-575e-4ecb-8d77-6e9dc286aa8d', '{"action":"token_refreshed","actor_id":"acd1d671-68f3-4e94-ae01-fc0633509896","actor_username":"luisdevv232@gmail.com","actor_via_sso":false,"log_type":"token"}', '2024-03-03 17:06:17.763962-07', ''),
	('00000000-0000-0000-0000-000000000000', 'f0b10ed7-0089-4b45-b898-198d80198248', '{"action":"token_revoked","actor_id":"acd1d671-68f3-4e94-ae01-fc0633509896","actor_username":"luisdevv232@gmail.com","actor_via_sso":false,"log_type":"token"}', '2024-03-03 17:06:17.764557-07', ''),
	('00000000-0000-0000-0000-000000000000', 'f6ea1f3d-5780-4b53-8611-efaa9e7b34a7', '{"action":"logout","actor_id":"b6d38bb3-c954-415b-baf8-b91f322d2e6e","actor_username":"daeb2222@gmail.com","actor_via_sso":false,"log_type":"account"}', '2024-03-03 17:11:08.447848-07', ''),
	('00000000-0000-0000-0000-000000000000', '70f1f3b8-fad4-4129-98b4-3acee9912ddd', '{"action":"login","actor_id":"e6fc595d-2e1f-4cd1-8d9f-72783645aac4","actor_username":"jaredbarojas90@gmail.com","actor_via_sso":false,"log_type":"account","traits":{"provider":"email"}}', '2024-03-03 17:11:20.184804-07', ''),
	('00000000-0000-0000-0000-000000000000', 'd191f5f2-6524-4e30-9bbc-87ff93e6483a', '{"action":"logout","actor_id":"e6fc595d-2e1f-4cd1-8d9f-72783645aac4","actor_username":"jaredbarojas90@gmail.com","actor_via_sso":false,"log_type":"account"}', '2024-03-03 17:13:10.502506-07', ''),
	('00000000-0000-0000-0000-000000000000', 'cb181796-af74-422a-867f-59b1b1c8f14b', '{"action":"login","actor_id":"b6d38bb3-c954-415b-baf8-b91f322d2e6e","actor_username":"daeb2222@gmail.com","actor_via_sso":false,"log_type":"account","traits":{"provider":"email"}}', '2024-03-03 17:13:31.641381-07', ''),
	('00000000-0000-0000-0000-000000000000', 'd00a37b2-7c2b-4faa-9f22-2430d42d5930', '{"action":"logout","actor_id":"b6d38bb3-c954-415b-baf8-b91f322d2e6e","actor_username":"daeb2222@gmail.com","actor_via_sso":false,"log_type":"account"}', '2024-03-03 17:14:42.976249-07', ''),
	('00000000-0000-0000-0000-000000000000', 'c5cc799c-811c-4f4a-ae06-e22cd32a5774', '{"action":"login","actor_id":"e6fc595d-2e1f-4cd1-8d9f-72783645aac4","actor_username":"jaredbarojas90@gmail.com","actor_via_sso":false,"log_type":"account","traits":{"provider":"email"}}', '2024-03-03 17:14:51.583751-07', ''),
	('00000000-0000-0000-0000-000000000000', '1a8aad9b-ff6b-481e-a8ac-3deec8e38b5e', '{"action":"login","actor_id":"e6fc595d-2e1f-4cd1-8d9f-72783645aac4","actor_username":"jaredbarojas90@gmail.com","actor_via_sso":false,"log_type":"account","traits":{"provider":"email"}}', '2024-03-03 17:14:51.615947-07', ''),
	('00000000-0000-0000-0000-000000000000', '5f2f698d-a53d-4619-9ac0-1dba75c7bc46', '{"action":"logout","actor_id":"e6fc595d-2e1f-4cd1-8d9f-72783645aac4","actor_username":"jaredbarojas90@gmail.com","actor_via_sso":false,"log_type":"account"}', '2024-03-03 17:15:58.07356-07', ''),
	('00000000-0000-0000-0000-000000000000', '08e77e74-d285-4c52-b0da-d2d098fc4570', '{"action":"login","actor_id":"e6fc595d-2e1f-4cd1-8d9f-72783645aac4","actor_username":"jaredbarojas90@gmail.com","actor_via_sso":false,"log_type":"account","traits":{"provider":"email"}}', '2024-03-03 17:16:06.916481-07', ''),
	('00000000-0000-0000-0000-000000000000', '73cdf98f-f814-4c5c-9a87-13fe672f33cb', '{"action":"login","actor_id":"e6fc595d-2e1f-4cd1-8d9f-72783645aac4","actor_username":"jaredbarojas90@gmail.com","actor_via_sso":false,"log_type":"account","traits":{"provider":"email"}}', '2024-03-03 17:16:06.931263-07', ''),
	('00000000-0000-0000-0000-000000000000', '2952faa0-1c06-46c8-a3f1-0825711cba05', '{"action":"logout","actor_id":"e6fc595d-2e1f-4cd1-8d9f-72783645aac4","actor_username":"jaredbarojas90@gmail.com","actor_via_sso":false,"log_type":"account"}', '2024-03-03 17:16:30.421683-07', ''),
	('00000000-0000-0000-0000-000000000000', '46e6bbe2-1a65-4d97-a055-21f30ff2fb51', '{"action":"login","actor_id":"b6d38bb3-c954-415b-baf8-b91f322d2e6e","actor_username":"daeb2222@gmail.com","actor_via_sso":false,"log_type":"account","traits":{"provider":"email"}}', '2024-03-03 17:16:42.759172-07', ''),
	('00000000-0000-0000-0000-000000000000', 'd07bb090-e5d9-4cbb-b560-c82459bd002a', '{"action":"logout","actor_id":"b6d38bb3-c954-415b-baf8-b91f322d2e6e","actor_username":"daeb2222@gmail.com","actor_via_sso":false,"log_type":"account"}', '2024-03-03 17:18:52.923778-07', ''),
	('00000000-0000-0000-0000-000000000000', 'c0122c29-7ee1-4ca1-8165-1f28c387c669', '{"action":"login","actor_id":"b6d38bb3-c954-415b-baf8-b91f322d2e6e","actor_username":"daeb2222@gmail.com","actor_via_sso":false,"log_type":"account","traits":{"provider":"email"}}', '2024-03-03 17:21:44.777207-07', ''),
	('00000000-0000-0000-0000-000000000000', '8ce9da67-7857-4d36-8066-d2f3878b0e6a', '{"action":"login","actor_id":"b6d38bb3-c954-415b-baf8-b91f322d2e6e","actor_username":"daeb2222@gmail.com","actor_via_sso":false,"log_type":"account","traits":{"provider":"email"}}', '2024-03-03 17:21:44.835523-07', ''),
	('00000000-0000-0000-0000-000000000000', '803fd43b-fbe3-4bc9-b365-70b697a5e3b7', '{"action":"logout","actor_id":"b6d38bb3-c954-415b-baf8-b91f322d2e6e","actor_username":"daeb2222@gmail.com","actor_via_sso":false,"log_type":"account"}', '2024-03-03 17:22:19.52425-07', ''),
	('00000000-0000-0000-0000-000000000000', 'b6f11148-0a58-41a7-b2aa-cb3de45c156f', '{"action":"login","actor_id":"b6d38bb3-c954-415b-baf8-b91f322d2e6e","actor_username":"daeb2222@gmail.com","actor_via_sso":false,"log_type":"account","traits":{"provider":"email"}}', '2024-03-03 17:22:59.984725-07', ''),
	('00000000-0000-0000-0000-000000000000', 'f235d665-d3bc-410d-8700-31a8f4d71118', '{"action":"logout","actor_id":"b6d38bb3-c954-415b-baf8-b91f322d2e6e","actor_username":"daeb2222@gmail.com","actor_via_sso":false,"log_type":"account"}', '2024-03-03 17:30:05.951622-07', ''),
	('00000000-0000-0000-0000-000000000000', '1e9eef78-27b3-452f-a41c-979b508837c2', '{"action":"login","actor_id":"e6fc595d-2e1f-4cd1-8d9f-72783645aac4","actor_username":"jaredbarojas90@gmail.com","actor_via_sso":false,"log_type":"account","traits":{"provider":"email"}}', '2024-03-03 17:30:19.412757-07', ''),
	('00000000-0000-0000-0000-000000000000', '944431f4-ff4a-4886-8e47-2557d56f5fa2', '{"action":"login","actor_id":"e6fc595d-2e1f-4cd1-8d9f-72783645aac4","actor_username":"jaredbarojas90@gmail.com","actor_via_sso":false,"log_type":"account","traits":{"provider":"email"}}', '2024-03-03 17:30:19.421916-07', ''),
	('00000000-0000-0000-0000-000000000000', '9081366c-8bd0-4b6e-b9be-5070a2a6c408', '{"action":"logout","actor_id":"b6d38bb3-c954-415b-baf8-b91f322d2e6e","actor_username":"daeb2222@gmail.com","actor_via_sso":false,"log_type":"account"}', '2024-03-03 17:31:04.250415-07', ''),
	('00000000-0000-0000-0000-000000000000', 'fdd79c11-9a37-42fb-a526-c2037e729c7d', '{"action":"logout","actor_id":"e6fc595d-2e1f-4cd1-8d9f-72783645aac4","actor_username":"jaredbarojas90@gmail.com","actor_via_sso":false,"log_type":"account"}', '2024-03-03 17:31:04.391565-07', ''),
	('00000000-0000-0000-0000-000000000000', '678f81b6-b7a9-4cef-bae7-bf54e22977e1', '{"action":"login","actor_id":"b6d38bb3-c954-415b-baf8-b91f322d2e6e","actor_username":"daeb2222@gmail.com","actor_via_sso":false,"log_type":"account","traits":{"provider":"email"}}', '2024-03-03 17:31:14.370723-07', ''),
	('00000000-0000-0000-0000-000000000000', '14d9e32c-8c05-4f9f-9425-38f9176e45b7', '{"action":"login","actor_id":"b6d38bb3-c954-415b-baf8-b91f322d2e6e","actor_username":"daeb2222@gmail.com","actor_via_sso":false,"log_type":"account","traits":{"provider":"email"}}', '2024-03-03 17:31:21.056556-07', ''),
	('00000000-0000-0000-0000-000000000000', '47878099-907d-43d1-b5fb-6564694489d9', '{"action":"logout","actor_id":"b6d38bb3-c954-415b-baf8-b91f322d2e6e","actor_username":"daeb2222@gmail.com","actor_via_sso":false,"log_type":"account"}', '2024-03-03 17:36:18.089969-07', ''),
	('00000000-0000-0000-0000-000000000000', '04cbf90d-181f-4025-8a5e-781b744dfdb8', '{"action":"login","actor_id":"b6d38bb3-c954-415b-baf8-b91f322d2e6e","actor_username":"daeb2222@gmail.com","actor_via_sso":false,"log_type":"account","traits":{"provider":"email"}}', '2024-03-03 17:36:30.992418-07', ''),
	('00000000-0000-0000-0000-000000000000', 'ad955e0a-220b-422c-a3a3-91bad05ae04a', '{"action":"logout","actor_id":"b6d38bb3-c954-415b-baf8-b91f322d2e6e","actor_username":"daeb2222@gmail.com","actor_via_sso":false,"log_type":"account"}', '2024-03-03 17:36:45.059352-07', ''),
	('00000000-0000-0000-0000-000000000000', '08cc8483-cf2c-466a-aa78-98576def0558', '{"action":"login","actor_id":"b6d38bb3-c954-415b-baf8-b91f322d2e6e","actor_username":"daeb2222@gmail.com","actor_via_sso":false,"log_type":"account","traits":{"provider":"email"}}', '2024-03-03 17:36:58.326636-07', ''),
	('00000000-0000-0000-0000-000000000000', 'f00c3f2f-e2ed-483d-9e79-90c1acce37fa', '{"action":"logout","actor_id":"b6d38bb3-c954-415b-baf8-b91f322d2e6e","actor_username":"daeb2222@gmail.com","actor_via_sso":false,"log_type":"account"}', '2024-03-03 17:37:21.701544-07', ''),
	('00000000-0000-0000-0000-000000000000', '47206c38-ef1b-4a9d-9d80-5a503b2c99ed', '{"action":"login","actor_id":"b6d38bb3-c954-415b-baf8-b91f322d2e6e","actor_username":"daeb2222@gmail.com","actor_via_sso":false,"log_type":"account","traits":{"provider":"email"}}', '2024-03-03 17:37:42.53256-07', ''),
	('00000000-0000-0000-0000-000000000000', '413cb9e6-b91b-4621-a4a4-a7f230f97645', '{"action":"logout","actor_id":"b6d38bb3-c954-415b-baf8-b91f322d2e6e","actor_username":"daeb2222@gmail.com","actor_via_sso":false,"log_type":"account"}', '2024-03-03 17:38:10.643055-07', ''),
	('00000000-0000-0000-0000-000000000000', '5abbe348-ccc1-4315-8b08-f64ec2ccf579', '{"action":"login","actor_id":"b6d38bb3-c954-415b-baf8-b91f322d2e6e","actor_username":"daeb2222@gmail.com","actor_via_sso":false,"log_type":"account","traits":{"provider":"email"}}', '2024-03-03 17:38:15.061828-07', ''),
	('00000000-0000-0000-0000-000000000000', '6ffd8990-0b12-47f5-bc3d-ca8c947cdc1d', '{"action":"login","actor_id":"b6d38bb3-c954-415b-baf8-b91f322d2e6e","actor_username":"daeb2222@gmail.com","actor_via_sso":false,"log_type":"account","traits":{"provider":"email"}}', '2024-03-03 17:38:15.28445-07', ''),
	('00000000-0000-0000-0000-000000000000', '6ecfef5f-3760-4ad6-b145-ab66d902b19a', '{"action":"logout","actor_id":"b6d38bb3-c954-415b-baf8-b91f322d2e6e","actor_username":"daeb2222@gmail.com","actor_via_sso":false,"log_type":"account"}', '2024-03-03 17:38:16.67275-07', ''),
	('00000000-0000-0000-0000-000000000000', 'b43201b9-2100-467a-804b-3c94bb2b7fa3', '{"action":"login","actor_id":"b6d38bb3-c954-415b-baf8-b91f322d2e6e","actor_username":"daeb2222@gmail.com","actor_via_sso":false,"log_type":"account","traits":{"provider":"email"}}', '2024-03-03 17:38:26.925928-07', ''),
	('00000000-0000-0000-0000-000000000000', 'e74e2d07-a3e3-4e34-a22d-98b3a5926515', '{"action":"login","actor_id":"b6d38bb3-c954-415b-baf8-b91f322d2e6e","actor_username":"daeb2222@gmail.com","actor_via_sso":false,"log_type":"account","traits":{"provider":"email"}}', '2024-03-03 17:39:30.576849-07', ''),
	('00000000-0000-0000-0000-000000000000', 'd7652cd8-1bd2-4eeb-bf5b-6f2068f14632', '{"action":"logout","actor_id":"b6d38bb3-c954-415b-baf8-b91f322d2e6e","actor_username":"daeb2222@gmail.com","actor_via_sso":false,"log_type":"account"}', '2024-03-03 17:41:05.750725-07', ''),
	('00000000-0000-0000-0000-000000000000', 'e4f8de41-397c-40b1-84ce-198d552868ca', '{"action":"login","actor_id":"b6d38bb3-c954-415b-baf8-b91f322d2e6e","actor_username":"daeb2222@gmail.com","actor_via_sso":false,"log_type":"account","traits":{"provider":"email"}}', '2024-03-03 17:41:30.724477-07', ''),
	('00000000-0000-0000-0000-000000000000', '1d5298d8-e9f3-4734-9b4b-cb73ff48187a', '{"action":"logout","actor_id":"b6d38bb3-c954-415b-baf8-b91f322d2e6e","actor_username":"daeb2222@gmail.com","actor_via_sso":false,"log_type":"account"}', '2024-03-03 17:41:59.641268-07', ''),
	('00000000-0000-0000-0000-000000000000', 'cf4d1e38-a54c-4975-a1f6-b79e3800213d', '{"action":"login","actor_id":"b6d38bb3-c954-415b-baf8-b91f322d2e6e","actor_username":"daeb2222@gmail.com","actor_via_sso":false,"log_type":"account","traits":{"provider":"email"}}', '2024-03-03 17:42:12.331346-07', ''),
	('00000000-0000-0000-0000-000000000000', 'acf14515-f868-4bbb-b5ca-af393b4c2291', '{"action":"logout","actor_id":"b6d38bb3-c954-415b-baf8-b91f322d2e6e","actor_username":"daeb2222@gmail.com","actor_via_sso":false,"log_type":"account"}', '2024-03-03 17:42:57.334977-07', ''),
	('00000000-0000-0000-0000-000000000000', '9e6303ba-b2e0-4d62-9f0c-bb3c22844451', '{"action":"login","actor_id":"b6d38bb3-c954-415b-baf8-b91f322d2e6e","actor_username":"daeb2222@gmail.com","actor_via_sso":false,"log_type":"account","traits":{"provider":"email"}}', '2024-03-03 17:44:06.807774-07', ''),
	('00000000-0000-0000-0000-000000000000', 'faf9efbd-4e34-48b3-a756-cfcfe6058de3', '{"action":"logout","actor_id":"b6d38bb3-c954-415b-baf8-b91f322d2e6e","actor_username":"daeb2222@gmail.com","actor_via_sso":false,"log_type":"account"}', '2024-03-03 17:44:14.289048-07', ''),
	('00000000-0000-0000-0000-000000000000', '67a98055-eb75-4f1e-a384-68740bb8e542', '{"action":"login","actor_id":"b6d38bb3-c954-415b-baf8-b91f322d2e6e","actor_username":"daeb2222@gmail.com","actor_via_sso":false,"log_type":"account","traits":{"provider":"email"}}', '2024-03-03 17:44:25.541386-07', ''),
	('00000000-0000-0000-0000-000000000000', '61c6fc94-9fad-40b5-92f2-3d1ff677d9db', '{"action":"logout","actor_id":"b6d38bb3-c954-415b-baf8-b91f322d2e6e","actor_username":"daeb2222@gmail.com","actor_via_sso":false,"log_type":"account"}', '2024-03-03 17:46:00.319587-07', ''),
	('00000000-0000-0000-0000-000000000000', 'e4b62706-fb21-44a2-8aa5-39ae8677ebad', '{"action":"login","actor_id":"b6d38bb3-c954-415b-baf8-b91f322d2e6e","actor_username":"daeb2222@gmail.com","actor_via_sso":false,"log_type":"account","traits":{"provider":"email"}}', '2024-03-03 17:46:16.124699-07', ''),
	('00000000-0000-0000-0000-000000000000', 'd209936b-14ba-43b5-b1f8-2eb69a6873a1', '{"action":"logout","actor_id":"b6d38bb3-c954-415b-baf8-b91f322d2e6e","actor_username":"daeb2222@gmail.com","actor_via_sso":false,"log_type":"account"}', '2024-03-03 17:50:47.836459-07', ''),
	('00000000-0000-0000-0000-000000000000', '6ffaeb21-b3cd-4ada-9c1d-a2a5d534e30c', '{"action":"logout","actor_id":"acd1d671-68f3-4e94-ae01-fc0633509896","actor_username":"luisdevv232@gmail.com","actor_via_sso":false,"log_type":"account"}', '2024-03-03 17:50:49.095961-07', ''),
	('00000000-0000-0000-0000-000000000000', 'dfa5519b-7e3b-4c23-91a7-cc3f2fc099ec', '{"action":"login","actor_id":"acd1d671-68f3-4e94-ae01-fc0633509896","actor_username":"luisdevv232@gmail.com","actor_via_sso":false,"log_type":"account","traits":{"provider":"email"}}', '2024-03-03 17:50:57.583311-07', ''),
	('00000000-0000-0000-0000-000000000000', '4b4771e7-0379-45c6-8707-fa7f96866e38', '{"action":"login","actor_id":"b6d38bb3-c954-415b-baf8-b91f322d2e6e","actor_username":"daeb2222@gmail.com","actor_via_sso":false,"log_type":"account","traits":{"provider":"email"}}', '2024-03-03 17:51:02.467888-07', ''),
	('00000000-0000-0000-0000-000000000000', '8a75a530-6614-4592-85b2-df979f3c0bcd', '{"action":"logout","actor_id":"b6d38bb3-c954-415b-baf8-b91f322d2e6e","actor_username":"daeb2222@gmail.com","actor_via_sso":false,"log_type":"account"}', '2024-03-03 17:52:55.446578-07', ''),
	('00000000-0000-0000-0000-000000000000', 'acd1d8b7-a6b5-4d55-a97d-8ba5d5872828', '{"action":"login","actor_id":"e6fc595d-2e1f-4cd1-8d9f-72783645aac4","actor_username":"jaredbarojas90@gmail.com","actor_via_sso":false,"log_type":"account","traits":{"provider":"email"}}', '2024-03-03 17:53:05.503878-07', ''),
	('00000000-0000-0000-0000-000000000000', '9cb12ae4-a3f2-4d38-a5e5-2664c7b6237f', '{"action":"logout","actor_id":"b6d38bb3-c954-415b-baf8-b91f322d2e6e","actor_username":"daeb2222@gmail.com","actor_via_sso":false,"log_type":"account"}', '2024-03-03 18:12:35.731983-07', ''),
	('00000000-0000-0000-0000-000000000000', '34430cfb-4ac6-40bc-b381-714fffc4c9d2', '{"action":"login","actor_id":"e6fc595d-2e1f-4cd1-8d9f-72783645aac4","actor_username":"jaredbarojas90@gmail.com","actor_via_sso":false,"log_type":"account","traits":{"provider":"email"}}', '2024-03-03 18:12:51.506268-07', ''),
	('00000000-0000-0000-0000-000000000000', 'd5a5a7e8-8e6c-4f9c-93c5-77a484605c13', '{"action":"logout","actor_id":"e6fc595d-2e1f-4cd1-8d9f-72783645aac4","actor_username":"jaredbarojas90@gmail.com","actor_via_sso":false,"log_type":"account"}', '2024-03-03 18:21:32.987327-07', ''),
	('00000000-0000-0000-0000-000000000000', 'b97753ca-045e-4f9b-9856-d4dfa4448331', '{"action":"login","actor_id":"b6d38bb3-c954-415b-baf8-b91f322d2e6e","actor_username":"daeb2222@gmail.com","actor_via_sso":false,"log_type":"account","traits":{"provider":"email"}}', '2024-03-03 18:21:48.892213-07', ''),
	('00000000-0000-0000-0000-000000000000', '6a18f401-19a6-478f-ba67-0461823a1704', '{"action":"logout","actor_id":"e6fc595d-2e1f-4cd1-8d9f-72783645aac4","actor_username":"jaredbarojas90@gmail.com","actor_via_sso":false,"log_type":"account"}', '2024-03-03 18:23:13.113164-07', ''),
	('00000000-0000-0000-0000-000000000000', '84b01ffa-06ca-4237-815c-fe5c930078df', '{"action":"login","actor_id":"b6d38bb3-c954-415b-baf8-b91f322d2e6e","actor_username":"daeb2222@gmail.com","actor_via_sso":false,"log_type":"account","traits":{"provider":"email"}}', '2024-03-03 18:23:27.87341-07', ''),
	('00000000-0000-0000-0000-000000000000', '8deb0e78-7684-401e-9227-4d307bba6f45', '{"action":"logout","actor_id":"b6d38bb3-c954-415b-baf8-b91f322d2e6e","actor_username":"daeb2222@gmail.com","actor_via_sso":false,"log_type":"account"}', '2024-03-03 18:23:47.785379-07', ''),
	('00000000-0000-0000-0000-000000000000', 'f0f3cd04-4bdf-4969-b858-b23eee8e115a', '{"action":"login","actor_id":"e6fc595d-2e1f-4cd1-8d9f-72783645aac4","actor_username":"jaredbarojas90@gmail.com","actor_via_sso":false,"log_type":"account","traits":{"provider":"email"}}', '2024-03-03 18:23:58.261877-07', ''),
	('00000000-0000-0000-0000-000000000000', '9ca630f4-5a48-4b5a-a73b-6bcbec6f0bc0', '{"action":"logout","actor_id":"b6d38bb3-c954-415b-baf8-b91f322d2e6e","actor_username":"daeb2222@gmail.com","actor_via_sso":false,"log_type":"account"}', '2024-03-03 18:26:46.953824-07', ''),
	('00000000-0000-0000-0000-000000000000', '4819c4dd-6368-4523-8e8c-b54a844ddf82', '{"action":"login","actor_id":"e6fc595d-2e1f-4cd1-8d9f-72783645aac4","actor_username":"jaredbarojas90@gmail.com","actor_via_sso":false,"log_type":"account","traits":{"provider":"email"}}', '2024-03-03 18:26:57.122496-07', ''),
	('00000000-0000-0000-0000-000000000000', '489d4350-23cf-4a86-9821-6670962f4b28', '{"action":"logout","actor_id":"e6fc595d-2e1f-4cd1-8d9f-72783645aac4","actor_username":"jaredbarojas90@gmail.com","actor_via_sso":false,"log_type":"account"}', '2024-03-03 18:32:07.266414-07', ''),
	('00000000-0000-0000-0000-000000000000', '9b382857-2bb4-4244-810d-4d0c64a54820', '{"action":"login","actor_id":"b6d38bb3-c954-415b-baf8-b91f322d2e6e","actor_username":"daeb2222@gmail.com","actor_via_sso":false,"log_type":"account","traits":{"provider":"email"}}', '2024-03-03 18:32:18.111794-07', ''),
	('00000000-0000-0000-0000-000000000000', 'a742a323-a4f4-4843-a540-dc22936d6d4b', '{"action":"logout","actor_id":"e6fc595d-2e1f-4cd1-8d9f-72783645aac4","actor_username":"jaredbarojas90@gmail.com","actor_via_sso":false,"log_type":"account"}', '2024-03-03 18:41:11.262473-07', ''),
	('00000000-0000-0000-0000-000000000000', '3106e1ea-e7eb-4e28-a766-0b5ba11d63b2', '{"action":"login","actor_id":"b6d38bb3-c954-415b-baf8-b91f322d2e6e","actor_username":"daeb2222@gmail.com","actor_via_sso":false,"log_type":"account","traits":{"provider":"email"}}', '2024-03-03 18:41:30.176213-07', ''),
	('00000000-0000-0000-0000-000000000000', '5c5c3c4a-c24e-4fdd-95d5-52c04ce625f6', '{"action":"logout","actor_id":"b6d38bb3-c954-415b-baf8-b91f322d2e6e","actor_username":"daeb2222@gmail.com","actor_via_sso":false,"log_type":"account"}', '2024-03-03 18:52:40.942745-07', ''),
	('00000000-0000-0000-0000-000000000000', 'b9d1d104-4ad6-4c40-9274-47e0bdf3726e', '{"action":"login","actor_id":"b6d38bb3-c954-415b-baf8-b91f322d2e6e","actor_username":"daeb2222@gmail.com","actor_via_sso":false,"log_type":"account","traits":{"provider":"email"}}', '2024-03-03 18:52:49.757558-07', ''),
	('00000000-0000-0000-0000-000000000000', '92aedc50-763a-4737-b347-fb82a4d0fe30', '{"action":"logout","actor_id":"b6d38bb3-c954-415b-baf8-b91f322d2e6e","actor_username":"daeb2222@gmail.com","actor_via_sso":false,"log_type":"account"}', '2024-03-03 18:53:19.743527-07', ''),
	('00000000-0000-0000-0000-000000000000', 'd9d891e7-a7d0-4638-a248-4edd7f269608', '{"action":"login","actor_id":"e6fc595d-2e1f-4cd1-8d9f-72783645aac4","actor_username":"jaredbarojas90@gmail.com","actor_via_sso":false,"log_type":"account","traits":{"provider":"email"}}', '2024-03-03 18:53:28.055246-07', ''),
	('00000000-0000-0000-0000-000000000000', '87df2c74-bc22-49d2-bea6-a70b16b8f2aa', '{"action":"logout","actor_id":"e6fc595d-2e1f-4cd1-8d9f-72783645aac4","actor_username":"jaredbarojas90@gmail.com","actor_via_sso":false,"log_type":"account"}', '2024-03-03 18:54:04.63774-07', ''),
	('00000000-0000-0000-0000-000000000000', 'ce80657a-159b-405d-8512-f063aead6744', '{"action":"login","actor_id":"b6d38bb3-c954-415b-baf8-b91f322d2e6e","actor_username":"daeb2222@gmail.com","actor_via_sso":false,"log_type":"account","traits":{"provider":"email"}}', '2024-03-03 18:54:21.283309-07', ''),
	('00000000-0000-0000-0000-000000000000', '0da48b13-6a4d-4868-bb77-e3902a30a786', '{"action":"logout","actor_id":"b6d38bb3-c954-415b-baf8-b91f322d2e6e","actor_username":"daeb2222@gmail.com","actor_via_sso":false,"log_type":"account"}', '2024-03-03 19:15:21.839699-07', ''),
	('00000000-0000-0000-0000-000000000000', 'b8b2f94b-6649-4038-a960-02e2e6e4dcc1', '{"action":"login","actor_id":"e6fc595d-2e1f-4cd1-8d9f-72783645aac4","actor_username":"jaredbarojas90@gmail.com","actor_via_sso":false,"log_type":"account","traits":{"provider":"email"}}', '2024-03-03 19:15:33.222755-07', ''),
	('00000000-0000-0000-0000-000000000000', '27c35bc1-b68c-4f08-8522-fe9afedf8efc', '{"action":"logout","actor_id":"e6fc595d-2e1f-4cd1-8d9f-72783645aac4","actor_username":"jaredbarojas90@gmail.com","actor_via_sso":false,"log_type":"account"}', '2024-03-03 19:15:50.33524-07', ''),
	('00000000-0000-0000-0000-000000000000', 'b7797c28-4ef1-4652-b211-c384a7449d24', '{"action":"login","actor_id":"e6fc595d-2e1f-4cd1-8d9f-72783645aac4","actor_username":"jaredbarojas90@gmail.com","actor_via_sso":false,"log_type":"account","traits":{"provider":"email"}}', '2024-03-03 19:15:58.217834-07', ''),
	('00000000-0000-0000-0000-000000000000', '47b8189e-5d20-46ac-a9df-f3de146d294e', '{"action":"logout","actor_id":"e6fc595d-2e1f-4cd1-8d9f-72783645aac4","actor_username":"jaredbarojas90@gmail.com","actor_via_sso":false,"log_type":"account"}', '2024-03-03 19:16:10.603132-07', ''),
	('00000000-0000-0000-0000-000000000000', '5a5b1144-67dd-40fe-ae0e-8f4bfd66f03d', '{"action":"login","actor_id":"e6fc595d-2e1f-4cd1-8d9f-72783645aac4","actor_username":"jaredbarojas90@gmail.com","actor_via_sso":false,"log_type":"account","traits":{"provider":"email"}}', '2024-03-03 19:16:19.380551-07', ''),
	('00000000-0000-0000-0000-000000000000', '650c4980-a54d-4760-bb79-8dd53350a999', '{"action":"login","actor_id":"b6d38bb3-c954-415b-baf8-b91f322d2e6e","actor_username":"daeb2222@gmail.com","actor_via_sso":false,"log_type":"account","traits":{"provider":"email"}}', '2024-03-03 19:36:07.06504-07', ''),
	('00000000-0000-0000-0000-000000000000', '9f974e24-cc77-4237-bec5-14fd8b77584d', '{"action":"logout","actor_id":"e6fc595d-2e1f-4cd1-8d9f-72783645aac4","actor_username":"jaredbarojas90@gmail.com","actor_via_sso":false,"log_type":"account"}', '2024-03-03 19:36:50.240675-07', ''),
	('00000000-0000-0000-0000-000000000000', 'b5ed310b-9058-4c15-84f4-92fe9f14794e', '{"action":"login","actor_id":"b6d38bb3-c954-415b-baf8-b91f322d2e6e","actor_username":"daeb2222@gmail.com","actor_via_sso":false,"log_type":"account","traits":{"provider":"email"}}', '2024-03-03 19:37:01.391068-07', ''),
	('00000000-0000-0000-0000-000000000000', 'a8eb2c05-03d3-4676-8eed-e2df69c6c240', '{"action":"logout","actor_id":"b6d38bb3-c954-415b-baf8-b91f322d2e6e","actor_username":"daeb2222@gmail.com","actor_via_sso":false,"log_type":"account"}', '2024-03-03 19:43:46.897591-07', ''),
	('00000000-0000-0000-0000-000000000000', 'fbc9254b-ed2c-4688-80fa-4bcc0e880bfa', '{"action":"login","actor_id":"e6fc595d-2e1f-4cd1-8d9f-72783645aac4","actor_username":"jaredbarojas90@gmail.com","actor_via_sso":false,"log_type":"account","traits":{"provider":"email"}}', '2024-03-03 19:43:54.444244-07', ''),
	('00000000-0000-0000-0000-000000000000', '30402383-50b0-41e4-97d3-117576ac7211', '{"action":"logout","actor_id":"e6fc595d-2e1f-4cd1-8d9f-72783645aac4","actor_username":"jaredbarojas90@gmail.com","actor_via_sso":false,"log_type":"account"}', '2024-03-03 19:45:30.063169-07', ''),
	('00000000-0000-0000-0000-000000000000', '098a8ac2-2538-4d20-af74-e6bda25b8ad1', '{"action":"login","actor_id":"b6d38bb3-c954-415b-baf8-b91f322d2e6e","actor_username":"daeb2222@gmail.com","actor_via_sso":false,"log_type":"account","traits":{"provider":"email"}}', '2024-03-03 19:45:40.445302-07', ''),
	('00000000-0000-0000-0000-000000000000', 'e9810e77-9fdf-4638-977a-cafff0ac26d7', '{"action":"logout","actor_id":"b6d38bb3-c954-415b-baf8-b91f322d2e6e","actor_username":"daeb2222@gmail.com","actor_via_sso":false,"log_type":"account"}', '2024-03-03 20:16:50.763294-07', ''),
	('00000000-0000-0000-0000-000000000000', 'a3055e16-bb95-4e95-9f5c-d58f039cd42f', '{"action":"login","actor_id":"e6fc595d-2e1f-4cd1-8d9f-72783645aac4","actor_username":"jaredbarojas90@gmail.com","actor_via_sso":false,"log_type":"account","traits":{"provider":"email"}}', '2024-03-03 20:16:58.612617-07', ''),
	('00000000-0000-0000-0000-000000000000', '11417152-c10f-438b-87da-2c664becf16a', '{"action":"logout","actor_id":"e6fc595d-2e1f-4cd1-8d9f-72783645aac4","actor_username":"jaredbarojas90@gmail.com","actor_via_sso":false,"log_type":"account"}', '2024-03-03 20:32:30.450812-07', ''),
	('00000000-0000-0000-0000-000000000000', '87a98970-3061-4abb-8f7c-a5302b6dd3e8', '{"action":"login","actor_id":"b6d38bb3-c954-415b-baf8-b91f322d2e6e","actor_username":"daeb2222@gmail.com","actor_via_sso":false,"log_type":"account","traits":{"provider":"email"}}', '2024-03-03 20:32:47.478038-07', ''),
	('00000000-0000-0000-0000-000000000000', '30bc3b87-8efe-4502-ad41-7f1afd2b2474', '{"action":"login","actor_id":"b6d38bb3-c954-415b-baf8-b91f322d2e6e","actor_username":"daeb2222@gmail.com","actor_via_sso":false,"log_type":"account","traits":{"provider":"email"}}', '2024-03-03 20:35:40.995591-07', ''),
	('00000000-0000-0000-0000-000000000000', '326aec67-fd0d-43c1-bbfc-923f0306b5ec', '{"action":"token_refreshed","actor_id":"b6d38bb3-c954-415b-baf8-b91f322d2e6e","actor_username":"daeb2222@gmail.com","actor_via_sso":false,"log_type":"token"}', '2024-03-03 21:37:22.048857-07', ''),
	('00000000-0000-0000-0000-000000000000', '7695a173-7803-40b4-b6bf-01109dc4d5cd', '{"action":"token_revoked","actor_id":"b6d38bb3-c954-415b-baf8-b91f322d2e6e","actor_username":"daeb2222@gmail.com","actor_via_sso":false,"log_type":"token"}', '2024-03-03 21:37:22.049414-07', ''),
	('00000000-0000-0000-0000-000000000000', 'e6d0701b-0304-4c83-97d9-065ed42524cc', '{"action":"token_refreshed","actor_id":"acd1d671-68f3-4e94-ae01-fc0633509896","actor_username":"luisdevv232@gmail.com","actor_via_sso":false,"log_type":"token"}', '2024-03-03 21:52:31.893913-07', ''),
	('00000000-0000-0000-0000-000000000000', '8de3d769-e2d2-4538-82f6-e1ffdc62df87', '{"action":"token_revoked","actor_id":"acd1d671-68f3-4e94-ae01-fc0633509896","actor_username":"luisdevv232@gmail.com","actor_via_sso":false,"log_type":"token"}', '2024-03-03 21:52:31.894455-07', ''),
	('00000000-0000-0000-0000-000000000000', 'da4cb9c1-33f0-43c4-a568-e511fa46892c', '{"action":"login","actor_id":"45f4da3e-5b02-4c6e-9d3c-876831872686","actor_username":"yisusmaster1218@gmail.com","actor_via_sso":false,"log_type":"account","traits":{"provider":"email"}}', '2024-03-04 10:26:58.830717-07', ''),
	('00000000-0000-0000-0000-000000000000', '788b9085-6bc4-4b30-8363-617675ce4375', '{"action":"token_refreshed","actor_id":"45f4da3e-5b02-4c6e-9d3c-876831872686","actor_username":"yisusmaster1218@gmail.com","actor_via_sso":false,"log_type":"token"}', '2024-03-04 11:25:37.550967-07', ''),
	('00000000-0000-0000-0000-000000000000', '9ec6d957-63fa-4ef6-9104-95c239cc618f', '{"action":"token_revoked","actor_id":"45f4da3e-5b02-4c6e-9d3c-876831872686","actor_username":"yisusmaster1218@gmail.com","actor_via_sso":false,"log_type":"token"}', '2024-03-04 11:25:37.551562-07', ''),
	('00000000-0000-0000-0000-000000000000', '86e22362-c5c8-40ba-b9e4-04fde085de76', '{"action":"token_refreshed","actor_id":"45f4da3e-5b02-4c6e-9d3c-876831872686","actor_username":"yisusmaster1218@gmail.com","actor_via_sso":false,"log_type":"token"}', '2024-03-04 12:23:55.520162-07', ''),
	('00000000-0000-0000-0000-000000000000', '00c73ab1-1d04-408e-9ba8-b7f4394d7695', '{"action":"token_revoked","actor_id":"45f4da3e-5b02-4c6e-9d3c-876831872686","actor_username":"yisusmaster1218@gmail.com","actor_via_sso":false,"log_type":"token"}', '2024-03-04 12:23:55.520786-07', ''),
	('00000000-0000-0000-0000-000000000000', '85c5da95-7d5b-4664-9f3d-3d54960ed0a2', '{"action":"login","actor_id":"06d6fe74-d185-4dda-bf92-f83d9f6db3f1","actor_username":"davidnunez635@gmail.com","actor_via_sso":false,"log_type":"account","traits":{"provider":"email"}}', '2024-03-04 12:25:24.112075-07', ''),
	('00000000-0000-0000-0000-000000000000', 'de9d891d-ddc0-4090-9e6f-b0b44dbcf255', '{"action":"user_confirmation_requested","actor_id":"15ddb30e-44dd-45dd-a15e-869d77183d96","actor_username":"athenamiami96@gmail.com","actor_via_sso":false,"log_type":"user","traits":{"provider":"email"}}', '2024-03-04 12:26:07.919785-07', ''),
	('00000000-0000-0000-0000-000000000000', '5dcbf7c1-cd69-4d45-9ebb-e6186e504de1', '{"action":"logout","actor_id":"06d6fe74-d185-4dda-bf92-f83d9f6db3f1","actor_username":"davidnunez635@gmail.com","actor_via_sso":false,"log_type":"account"}', '2024-03-04 12:26:25.428275-07', ''),
	('00000000-0000-0000-0000-000000000000', '3eec301a-a0c9-4f26-b4c6-98d83771a028', '{"action":"user_signedup","actor_id":"15ddb30e-44dd-45dd-a15e-869d77183d96","actor_username":"athenamiami96@gmail.com","actor_via_sso":false,"log_type":"team"}', '2024-03-04 12:26:28.321412-07', ''),
	('00000000-0000-0000-0000-000000000000', '3f89687d-4e9f-444f-bdd5-15b60ea2b558', '{"action":"user_confirmation_requested","actor_id":"b315d333-e3fb-448f-b6c5-9c69cc6512f8","actor_username":"a220204087@unison.mx","actor_via_sso":false,"log_type":"user","traits":{"provider":"email"}}', '2024-03-04 12:26:58.678789-07', ''),
	('00000000-0000-0000-0000-000000000000', 'dfd23493-a07f-40b2-9743-56ebc6b9664a', '{"action":"user_confirmation_requested","actor_id":"2b8056a9-476b-41ef-a60e-8b234f9e732d","actor_username":"karolina11abigail@gmail.com","actor_via_sso":false,"log_type":"user","traits":{"provider":"email"}}', '2024-03-04 12:27:08.537846-07', ''),
	('00000000-0000-0000-0000-000000000000', '01d5fad6-d160-43f5-ad44-4663366030f8', '{"action":"user_confirmation_requested","actor_id":"faf903c8-5f72-4318-81f3-da97ba95cac1","actor_username":"estefyloona@gmail.com","actor_via_sso":false,"log_type":"user","traits":{"provider":"email"}}', '2024-03-04 12:27:20.911561-07', ''),
	('00000000-0000-0000-0000-000000000000', 'aad62649-1ef0-4215-8ec6-9fb8c69d31a4', '{"action":"logout","actor_id":"15ddb30e-44dd-45dd-a15e-869d77183d96","actor_username":"athenamiami96@gmail.com","actor_via_sso":false,"log_type":"account"}', '2024-03-04 12:27:27.044898-07', ''),
	('00000000-0000-0000-0000-000000000000', '496c22ae-49d9-4b17-9142-63dee18400be', '{"action":"user_signedup","actor_id":"2b8056a9-476b-41ef-a60e-8b234f9e732d","actor_username":"karolina11abigail@gmail.com","actor_via_sso":false,"log_type":"team"}', '2024-03-04 12:27:30.063212-07', ''),
	('00000000-0000-0000-0000-000000000000', 'c3493d41-1a67-4bd3-a7ec-6141ac6f42ae', '{"action":"user_signedup","actor_id":"faf903c8-5f72-4318-81f3-da97ba95cac1","actor_username":"estefyloona@gmail.com","actor_via_sso":false,"log_type":"team"}', '2024-03-04 12:27:42.187082-07', ''),
	('00000000-0000-0000-0000-000000000000', '9506ddf7-c986-4011-86ab-2529e0775a5f', '{"action":"user_confirmation_requested","actor_id":"e7ea82e0-5f4a-4a3b-ae12-2366d0009459","actor_username":"papitochulo@gmail.com","actor_via_sso":false,"log_type":"user","traits":{"provider":"email"}}', '2024-03-04 12:27:56.354109-07', ''),
	('00000000-0000-0000-0000-000000000000', '03648693-2f56-4ff1-aced-302baff2f83f', '{"action":"user_confirmation_requested","actor_id":"de2d79cb-19fb-4d98-9ea1-54ee7218c129","actor_username":"zlokitoclan@gmail.com","actor_via_sso":false,"log_type":"user","traits":{"provider":"email"}}', '2024-03-04 12:28:06.98838-07', ''),
	('00000000-0000-0000-0000-000000000000', '15aa1a1d-9d8c-4399-9204-15fe7306bb86', '{"action":"user_signedup","actor_id":"de2d79cb-19fb-4d98-9ea1-54ee7218c129","actor_username":"zlokitoclan@gmail.com","actor_via_sso":false,"log_type":"team"}', '2024-03-04 12:28:24.649757-07', ''),
	('00000000-0000-0000-0000-000000000000', '81576fcc-6344-4a52-aa5d-f3d3a93e1772', '{"action":"user_signedup","actor_id":"b315d333-e3fb-448f-b6c5-9c69cc6512f8","actor_username":"a220204087@unison.mx","actor_via_sso":false,"log_type":"team"}', '2024-03-04 12:28:33.739928-07', ''),
	('00000000-0000-0000-0000-000000000000', '0a09fe99-88b8-46f2-a4a9-c48c7b361edc', '{"action":"user_recovery_requested","actor_id":"9437bf93-7184-43d2-832f-c420b2e3ab02","actor_username":"harevalo1000@gmail.com","actor_via_sso":false,"log_type":"user"}', '2024-03-04 12:28:36.425525-07', ''),
	('00000000-0000-0000-0000-000000000000', '7a8151cd-f9d5-424b-802b-ab981e8ded59', '{"action":"login","actor_id":"9437bf93-7184-43d2-832f-c420b2e3ab02","actor_username":"harevalo1000@gmail.com","actor_via_sso":false,"log_type":"account"}', '2024-03-04 12:28:46.930313-07', ''),
	('00000000-0000-0000-0000-000000000000', '2048b92c-8b35-4602-8760-f1f51ee6773c', '{"action":"user_confirmation_requested","actor_id":"8fa98f1a-7041-4220-90b0-9974e7c6a465","actor_username":"andresantelo12@gmail.com","actor_via_sso":false,"log_type":"user","traits":{"provider":"email"}}', '2024-03-04 12:28:54.072029-07', ''),
	('00000000-0000-0000-0000-000000000000', '4029f770-e724-4fd1-9f25-6f17ff40beb6', '{"action":"user_updated_password","actor_id":"9437bf93-7184-43d2-832f-c420b2e3ab02","actor_username":"harevalo1000@gmail.com","actor_via_sso":false,"log_type":"user"}', '2024-03-04 12:29:14.693332-07', ''),
	('00000000-0000-0000-0000-000000000000', '28d8e965-51ed-49ff-beec-e50ac0a36241', '{"action":"user_modified","actor_id":"9437bf93-7184-43d2-832f-c420b2e3ab02","actor_username":"harevalo1000@gmail.com","actor_via_sso":false,"log_type":"user"}', '2024-03-04 12:29:14.693902-07', ''),
	('00000000-0000-0000-0000-000000000000', '1137e799-234a-4e6d-a927-95ea33ee3123', '{"action":"logout","actor_id":"de2d79cb-19fb-4d98-9ea1-54ee7218c129","actor_username":"zlokitoclan@gmail.com","actor_via_sso":false,"log_type":"account"}', '2024-03-04 12:29:19.73758-07', ''),
	('00000000-0000-0000-0000-000000000000', '73d17bba-2139-4cd6-b139-3bc0d2f4d322', '{"action":"login","actor_id":"9437bf93-7184-43d2-832f-c420b2e3ab02","actor_username":"harevalo1000@gmail.com","actor_via_sso":false,"log_type":"account","traits":{"provider":"email"}}', '2024-03-04 12:29:26.182434-07', ''),
	('00000000-0000-0000-0000-000000000000', '62190225-14c7-49dd-8bf4-044acc820a2d', '{"action":"logout","actor_id":"2b8056a9-476b-41ef-a60e-8b234f9e732d","actor_username":"karolina11abigail@gmail.com","actor_via_sso":false,"log_type":"account"}', '2024-03-04 12:29:57.533383-07', ''),
	('00000000-0000-0000-0000-000000000000', '049bd434-4775-4c1a-ba33-0488ae277892', '{"action":"user_signedup","actor_id":"8fa98f1a-7041-4220-90b0-9974e7c6a465","actor_username":"andresantelo12@gmail.com","actor_via_sso":false,"log_type":"team"}', '2024-03-04 12:30:08.832807-07', ''),
	('00000000-0000-0000-0000-000000000000', 'b6ab7094-6031-423f-a2b3-9bdc991510b5', '{"action":"user_confirmation_requested","actor_id":"964d5641-a9d6-4213-9d1f-995b8613450b","actor_username":"badilla.ramirez.k.prog@gmail.com","actor_via_sso":false,"log_type":"user","traits":{"provider":"email"}}', '2024-03-04 12:30:37.37423-07', ''),
	('00000000-0000-0000-0000-000000000000', '17dd7e73-be94-4848-809c-6818a40256bb', '{"action":"user_confirmation_requested","actor_id":"ec3e4043-cb3e-4f5f-a947-f6120b44159b","actor_username":"arelylafea96@gmail.com","actor_via_sso":false,"log_type":"user","traits":{"provider":"email"}}', '2024-03-04 12:30:37.802788-07', ''),
	('00000000-0000-0000-0000-000000000000', 'fe9ac7b5-5c1f-4d57-ba00-210c9d61c5b9', '{"action":"user_confirmation_requested","actor_id":"4d6b8b64-1100-4d3b-ac62-292dc1a82184","actor_username":"josegilbertodavilabailon15@gmail.com","actor_via_sso":false,"log_type":"user","traits":{"provider":"email"}}', '2024-03-04 12:30:47.740865-07', ''),
	('00000000-0000-0000-0000-000000000000', 'ec0961ce-3d5d-41f4-9e7f-5f2a2047ecd7', '{"action":"user_signedup","actor_id":"964d5641-a9d6-4213-9d1f-995b8613450b","actor_username":"badilla.ramirez.k.prog@gmail.com","actor_via_sso":false,"log_type":"team"}', '2024-03-04 12:30:50.750753-07', ''),
	('00000000-0000-0000-0000-000000000000', '512ea36d-4996-4308-ace3-6bd1ccc054b2', '{"action":"user_signedup","actor_id":"ec3e4043-cb3e-4f5f-a947-f6120b44159b","actor_username":"arelylafea96@gmail.com","actor_via_sso":false,"log_type":"team"}', '2024-03-04 12:30:52.360052-07', ''),
	('00000000-0000-0000-0000-000000000000', '9eb5521b-52a7-43ff-9339-cfb915bf3751', '{"action":"logout","actor_id":"8fa98f1a-7041-4220-90b0-9974e7c6a465","actor_username":"andresantelo12@gmail.com","actor_via_sso":false,"log_type":"account"}', '2024-03-04 12:30:52.988166-07', ''),
	('00000000-0000-0000-0000-000000000000', 'f395389d-782a-4f4c-805f-392f5d6e7f0a', '{"action":"user_signedup","actor_id":"4d6b8b64-1100-4d3b-ac62-292dc1a82184","actor_username":"josegilbertodavilabailon15@gmail.com","actor_via_sso":false,"log_type":"team"}', '2024-03-04 12:31:14.731322-07', ''),
	('00000000-0000-0000-0000-000000000000', '45abefed-7742-41b7-9260-44d5a1142d8c', '{"action":"user_confirmation_requested","actor_id":"18ca3414-8e4d-4fc5-b506-75fcce51f43d","actor_username":"andresantelo51@gmail.com","actor_via_sso":false,"log_type":"user","traits":{"provider":"email"}}', '2024-03-04 12:31:40.944275-07', ''),
	('00000000-0000-0000-0000-000000000000', 'fe98fcf7-cc97-4231-9004-920f8cee9377', '{"action":"logout","actor_id":"4d6b8b64-1100-4d3b-ac62-292dc1a82184","actor_username":"josegilbertodavilabailon15@gmail.com","actor_via_sso":false,"log_type":"account"}', '2024-03-04 12:32:02.330738-07', ''),
	('00000000-0000-0000-0000-000000000000', '9be0d750-6d1d-45ff-9609-6735dcd369ae', '{"action":"user_signedup","actor_id":"18ca3414-8e4d-4fc5-b506-75fcce51f43d","actor_username":"andresantelo51@gmail.com","actor_via_sso":false,"log_type":"team"}', '2024-03-04 12:32:04.295209-07', ''),
	('00000000-0000-0000-0000-000000000000', '30bbd639-af1b-4249-abdf-99ae8ff0ee22', '{"action":"user_confirmation_requested","actor_id":"e17749d1-92d4-41ec-8145-9c8f13e27d3d","actor_username":"jdav38791@gmail.com","actor_via_sso":false,"log_type":"user","traits":{"provider":"email"}}', '2024-03-04 12:34:06.648702-07', ''),
	('00000000-0000-0000-0000-000000000000', '6085acdb-38c8-41a4-8fad-569b8a8abd03', '{"action":"user_signedup","actor_id":"e17749d1-92d4-41ec-8145-9c8f13e27d3d","actor_username":"jdav38791@gmail.com","actor_via_sso":false,"log_type":"team"}', '2024-03-04 12:34:28.680326-07', ''),
	('00000000-0000-0000-0000-000000000000', 'adf370ff-19a1-48f3-8199-f0bdc53aab23', '{"action":"user_confirmation_requested","actor_id":"eb9b49bb-e61e-4ef1-ae97-415cdcf9b58e","actor_username":"andreaarizagahdz@gmail.com","actor_via_sso":false,"log_type":"user","traits":{"provider":"email"}}', '2024-03-04 12:35:02.104072-07', ''),
	('00000000-0000-0000-0000-000000000000', '7a936e7b-74d6-43ac-96d0-6d64949c1721', '{"action":"logout","actor_id":"e17749d1-92d4-41ec-8145-9c8f13e27d3d","actor_username":"jdav38791@gmail.com","actor_via_sso":false,"log_type":"account"}', '2024-03-04 12:35:06.482431-07', ''),
	('00000000-0000-0000-0000-000000000000', '7d445c75-3192-478c-b309-d7e318ed559f', '{"action":"user_signedup","actor_id":"eb9b49bb-e61e-4ef1-ae97-415cdcf9b58e","actor_username":"andreaarizagahdz@gmail.com","actor_via_sso":false,"log_type":"team"}', '2024-03-04 12:35:19.823646-07', ''),
	('00000000-0000-0000-0000-000000000000', '900bc70a-7c1f-47a5-a5bb-229ce1284642', '{"action":"logout","actor_id":"45f4da3e-5b02-4c6e-9d3c-876831872686","actor_username":"yisusmaster1218@gmail.com","actor_via_sso":false,"log_type":"account"}', '2024-03-04 12:38:30.5964-07', ''),
	('00000000-0000-0000-0000-000000000000', '19c7743d-9a70-4583-87c9-59602d82e8b4', '{"action":"user_confirmation_requested","actor_id":"d9331c5f-3a25-4bd4-94ec-b9bdda4c453c","actor_username":"jesusangel18jz@gmail.com","actor_via_sso":false,"log_type":"user","traits":{"provider":"email"}}', '2024-03-04 12:39:12.399986-07', ''),
	('00000000-0000-0000-0000-000000000000', 'fd788ccb-f4ad-44b7-aa72-ad4eb2492954', '{"action":"user_signedup","actor_id":"d9331c5f-3a25-4bd4-94ec-b9bdda4c453c","actor_username":"jesusangel18jz@gmail.com","actor_via_sso":false,"log_type":"team"}', '2024-03-04 12:40:07.292591-07', ''),
	('00000000-0000-0000-0000-000000000000', 'd7aa3b7c-c6fd-4b11-9123-6b3b66d8933e', '{"action":"login","actor_id":"acd1d671-68f3-4e94-ae01-fc0633509896","actor_username":"luisdevv232@gmail.com","actor_via_sso":false,"log_type":"account","traits":{"provider":"email"}}', '2024-03-04 12:40:32.42152-07', ''),
	('00000000-0000-0000-0000-000000000000', '6eae373a-e88b-476c-9fc8-4d60102517cd', '{"action":"logout","actor_id":"964d5641-a9d6-4213-9d1f-995b8613450b","actor_username":"badilla.ramirez.k.prog@gmail.com","actor_via_sso":false,"log_type":"account"}', '2024-03-04 12:45:34.051122-07', ''),
	('00000000-0000-0000-0000-000000000000', '7310b4df-6b22-4572-9236-b53aa56f3677', '{"action":"user_confirmation_requested","actor_id":"67a37000-7a88-4aba-8fbd-253730b5be3b","actor_username":"a220210687@unison.mx","actor_via_sso":false,"log_type":"user","traits":{"provider":"email"}}', '2024-03-04 12:46:29.663212-07', ''),
	('00000000-0000-0000-0000-000000000000', '54fcb7d3-53e9-4e9a-9512-ae65ec8afd69', '{"action":"user_confirmation_requested","actor_id":"234c9f6a-8dc8-4170-8a3d-c24c2de575ab","actor_username":"a220209301@unison.mx","actor_via_sso":false,"log_type":"user","traits":{"provider":"email"}}', '2024-03-04 12:49:18.331827-07', ''),
	('00000000-0000-0000-0000-000000000000', 'afa89e08-2030-432f-b926-6bc938f0345a', '{"action":"logout","actor_id":"ec3e4043-cb3e-4f5f-a947-f6120b44159b","actor_username":"arelylafea96@gmail.com","actor_via_sso":false,"log_type":"account"}', '2024-03-04 12:51:33.58457-07', ''),
	('00000000-0000-0000-0000-000000000000', 'dacdd484-35d3-4e4c-9b49-bd99ebe0319c', '{"action":"login","actor_id":"70697050-79f1-4db2-96cf-3432da782fe7","actor_username":"dobledany13@gmail.com","actor_via_sso":false,"log_type":"account","traits":{"provider":"email"}}', '2024-03-04 12:51:50.89243-07', ''),
	('00000000-0000-0000-0000-000000000000', '72b769fc-9f27-4151-8585-50087a578c7b', '{"action":"user_confirmation_requested","actor_id":"9c6bf4f4-58f8-4319-bc3f-3454d501f1b9","actor_username":"ernestohernandez675@gmail.com","actor_via_sso":false,"log_type":"user","traits":{"provider":"email"}}', '2024-03-04 12:51:57.160017-07', ''),
	('00000000-0000-0000-0000-000000000000', '69ca8e83-7b45-4281-a284-79c9835bc24a', '{"action":"user_signedup","actor_id":"9c6bf4f4-58f8-4319-bc3f-3454d501f1b9","actor_username":"ernestohernandez675@gmail.com","actor_via_sso":false,"log_type":"team"}', '2024-03-04 12:52:48.046465-07', ''),
	('00000000-0000-0000-0000-000000000000', 'eded68ab-7bd4-4a60-b125-798757eb8f2f', '{"action":"user_confirmation_requested","actor_id":"dc25822b-f6f2-4325-9e80-5f958c6167ba","actor_username":"karlaarlethlerma@gmail.com","actor_via_sso":false,"log_type":"user","traits":{"provider":"email"}}', '2024-03-04 13:04:59.848754-07', ''),
	('00000000-0000-0000-0000-000000000000', '35dd224b-645b-4b57-aa73-868a203833d9', '{"action":"user_signedup","actor_id":"dc25822b-f6f2-4325-9e80-5f958c6167ba","actor_username":"karlaarlethlerma@gmail.com","actor_via_sso":false,"log_type":"team"}', '2024-03-04 13:05:20.234145-07', ''),
	('00000000-0000-0000-0000-000000000000', '47a830e8-6cab-4e2b-8c67-dee79fbf93b0', '{"action":"user_recovery_requested","actor_id":"234c9f6a-8dc8-4170-8a3d-c24c2de575ab","actor_username":"a220209301@unison.mx","actor_via_sso":false,"log_type":"user"}', '2024-03-04 13:08:06.957833-07', ''),
	('00000000-0000-0000-0000-000000000000', 'e0015fbb-ae51-4ee6-b12d-84bdd5d7a5ea', '{"action":"user_signedup","actor_id":"234c9f6a-8dc8-4170-8a3d-c24c2de575ab","actor_username":"a220209301@unison.mx","actor_via_sso":false,"log_type":"team"}', '2024-03-04 13:08:28.585091-07', ''),
	('00000000-0000-0000-0000-000000000000', '8464b70a-04af-41a3-a8ae-c9541be972ce', '{"action":"login","actor_id":"234c9f6a-8dc8-4170-8a3d-c24c2de575ab","actor_username":"a220209301@unison.mx","actor_via_sso":false,"log_type":"account","traits":{"provider":"email"}}', '2024-03-04 13:09:17.8729-07', ''),
	('00000000-0000-0000-0000-000000000000', '5db11761-21fb-4ea1-9314-f58a33ddab3d', '{"action":"logout","actor_id":"faf903c8-5f72-4318-81f3-da97ba95cac1","actor_username":"estefyloona@gmail.com","actor_via_sso":false,"log_type":"account"}', '2024-03-04 13:12:45.392305-07', ''),
	('00000000-0000-0000-0000-000000000000', 'da5782c2-ff5e-464c-934e-a0fbd72074fb', '{"action":"logout","actor_id":"9c6bf4f4-58f8-4319-bc3f-3454d501f1b9","actor_username":"ernestohernandez675@gmail.com","actor_via_sso":false,"log_type":"account"}', '2024-03-04 13:14:17.877048-07', ''),
	('00000000-0000-0000-0000-000000000000', 'f9d54a71-c115-4ba2-8bdc-062d23c333c6', '{"action":"user_confirmation_requested","actor_id":"6b1c2983-ff2a-46c6-bc0b-932c1d380ee4","actor_username":"luis_hernandez675@outlook.com","actor_via_sso":false,"log_type":"user","traits":{"provider":"email"}}', '2024-03-04 13:15:00.33012-07', ''),
	('00000000-0000-0000-0000-000000000000', 'f97d17f5-ad79-43e3-9b8e-80e4d785af76', '{"action":"user_signedup","actor_id":"6b1c2983-ff2a-46c6-bc0b-932c1d380ee4","actor_username":"luis_hernandez675@outlook.com","actor_via_sso":false,"log_type":"team"}', '2024-03-04 13:15:31.614933-07', ''),
	('00000000-0000-0000-0000-000000000000', '15ccd8d5-758d-4858-96c0-cc0748de96d3', '{"action":"token_refreshed","actor_id":"4a05f22c-a7bc-4b0f-9028-00f389e6a6f7","actor_username":"andreadh01@gmail.com","actor_via_sso":false,"log_type":"token"}', '2024-03-04 13:17:20.927625-07', ''),
	('00000000-0000-0000-0000-000000000000', 'dc490e6c-a3a3-438f-989e-fb9477eff157', '{"action":"token_revoked","actor_id":"4a05f22c-a7bc-4b0f-9028-00f389e6a6f7","actor_username":"andreadh01@gmail.com","actor_via_sso":false,"log_type":"token"}', '2024-03-04 13:17:20.928167-07', ''),
	('00000000-0000-0000-0000-000000000000', '86660702-fea3-46db-a81b-9c4a729ec733', '{"action":"token_refreshed","actor_id":"4a05f22c-a7bc-4b0f-9028-00f389e6a6f7","actor_username":"andreadh01@gmail.com","actor_via_sso":false,"log_type":"token"}', '2024-03-04 13:17:21.925819-07', ''),
	('00000000-0000-0000-0000-000000000000', '1fa13a74-0196-484b-90e3-52ec245fe384', '{"action":"logout","actor_id":"6b1c2983-ff2a-46c6-bc0b-932c1d380ee4","actor_username":"luis_hernandez675@outlook.com","actor_via_sso":false,"log_type":"account"}', '2024-03-04 13:20:58.306472-07', ''),
	('00000000-0000-0000-0000-000000000000', '13b1743c-c2ea-4336-90b2-07313e297cdf', '{"action":"user_confirmation_requested","actor_id":"2b6145ed-e2b0-44b6-b4fc-215875857d87","actor_username":"harevalocanales@gmail.com","actor_via_sso":false,"log_type":"user","traits":{"provider":"email"}}', '2024-03-04 13:22:06.328443-07', ''),
	('00000000-0000-0000-0000-000000000000', 'afcdbaac-30cf-4417-8289-451e4756cadc', '{"action":"user_confirmation_requested","actor_id":"e9fd0665-76f1-4781-9a8d-7c5ffa2ecd88","actor_username":"estefygravan@gmail.com","actor_via_sso":false,"log_type":"user","traits":{"provider":"email"}}', '2024-03-04 13:26:41.750646-07', ''),
	('00000000-0000-0000-0000-000000000000', 'cfdb8013-52e9-47d5-b6d7-f320665569c3', '{"action":"user_confirmation_requested","actor_id":"b6766ad1-7c39-46e0-b1a5-492125cf2309","actor_username":"chipotleavocadosauce@gmail.com","actor_via_sso":false,"log_type":"user","traits":{"provider":"email"}}', '2024-03-04 13:26:45.604087-07', ''),
	('00000000-0000-0000-0000-000000000000', 'bc0cae24-22e2-42de-a356-ec98c917c293', '{"action":"user_signedup","actor_id":"e9fd0665-76f1-4781-9a8d-7c5ffa2ecd88","actor_username":"estefygravan@gmail.com","actor_via_sso":false,"log_type":"team"}', '2024-03-04 13:27:15.479255-07', ''),
	('00000000-0000-0000-0000-000000000000', '284efe35-b7c2-4feb-94b9-3c8b88d51560', '{"action":"user_signedup","actor_id":"b6766ad1-7c39-46e0-b1a5-492125cf2309","actor_username":"chipotleavocadosauce@gmail.com","actor_via_sso":false,"log_type":"team"}', '2024-03-04 13:28:58.371518-07', ''),
	('00000000-0000-0000-0000-000000000000', '5bec9cc1-794a-4dd0-8c4d-d68a369946e7', '{"action":"logout","actor_id":"b6766ad1-7c39-46e0-b1a5-492125cf2309","actor_username":"chipotleavocadosauce@gmail.com","actor_via_sso":false,"log_type":"account"}', '2024-03-04 13:32:11.112204-07', ''),
	('00000000-0000-0000-0000-000000000000', '79c6d417-3a8d-4b4b-9c90-1a2c2f7d2167', '{"action":"token_refreshed","actor_id":"d9331c5f-3a25-4bd4-94ec-b9bdda4c453c","actor_username":"jesusangel18jz@gmail.com","actor_via_sso":false,"log_type":"token"}', '2024-03-04 13:38:11.584932-07', ''),
	('00000000-0000-0000-0000-000000000000', '8daee3b7-161c-4206-9a07-bff87a3ac434', '{"action":"token_revoked","actor_id":"d9331c5f-3a25-4bd4-94ec-b9bdda4c453c","actor_username":"jesusangel18jz@gmail.com","actor_via_sso":false,"log_type":"token"}', '2024-03-04 13:38:11.585489-07', ''),
	('00000000-0000-0000-0000-000000000000', '420d2cfc-d7cd-4e16-a31c-0791f26fa378', '{"action":"token_refreshed","actor_id":"acd1d671-68f3-4e94-ae01-fc0633509896","actor_username":"luisdevv232@gmail.com","actor_via_sso":false,"log_type":"token"}', '2024-03-04 13:38:59.055087-07', ''),
	('00000000-0000-0000-0000-000000000000', 'dcc2965a-cbee-4c83-9fd2-42ab0bd4ac5a', '{"action":"token_revoked","actor_id":"acd1d671-68f3-4e94-ae01-fc0633509896","actor_username":"luisdevv232@gmail.com","actor_via_sso":false,"log_type":"token"}', '2024-03-04 13:38:59.055623-07', ''),
	('00000000-0000-0000-0000-000000000000', '19e31dd8-7dfd-4796-bea1-30f8ebcbed3e', '{"action":"token_refreshed","actor_id":"d9331c5f-3a25-4bd4-94ec-b9bdda4c453c","actor_username":"jesusangel18jz@gmail.com","actor_via_sso":false,"log_type":"token"}', '2024-03-04 15:00:59.24118-07', ''),
	('00000000-0000-0000-0000-000000000000', '41b00791-093b-4e55-a496-16ba6d426e40', '{"action":"token_revoked","actor_id":"d9331c5f-3a25-4bd4-94ec-b9bdda4c453c","actor_username":"jesusangel18jz@gmail.com","actor_via_sso":false,"log_type":"token"}', '2024-03-04 15:00:59.241776-07', ''),
	('00000000-0000-0000-0000-000000000000', 'cbb60e11-7409-4bec-823d-37a7cc24e21f', '{"action":"token_refreshed","actor_id":"4a05f22c-a7bc-4b0f-9028-00f389e6a6f7","actor_username":"andreadh01@gmail.com","actor_via_sso":false,"log_type":"token"}', '2024-03-04 15:16:21.835348-07', ''),
	('00000000-0000-0000-0000-000000000000', 'f11e0571-a8f7-4e81-8975-c0b2880b88bb', '{"action":"token_revoked","actor_id":"4a05f22c-a7bc-4b0f-9028-00f389e6a6f7","actor_username":"andreadh01@gmail.com","actor_via_sso":false,"log_type":"token"}', '2024-03-04 15:16:21.835915-07', ''),
	('00000000-0000-0000-0000-000000000000', '32105dac-6fef-482b-8d17-bcfd4f6948a7', '{"action":"token_refreshed","actor_id":"70697050-79f1-4db2-96cf-3432da782fe7","actor_username":"dobledany13@gmail.com","actor_via_sso":false,"log_type":"token"}', '2024-03-04 15:53:44.30349-07', ''),
	('00000000-0000-0000-0000-000000000000', '3899aeb1-64ae-4891-8675-721a665557d3', '{"action":"token_revoked","actor_id":"70697050-79f1-4db2-96cf-3432da782fe7","actor_username":"dobledany13@gmail.com","actor_via_sso":false,"log_type":"token"}', '2024-03-04 15:53:44.304021-07', ''),
	('00000000-0000-0000-0000-000000000000', 'd0009bb3-c787-43cd-8a57-36508f72f36b', '{"action":"token_refreshed","actor_id":"d9331c5f-3a25-4bd4-94ec-b9bdda4c453c","actor_username":"jesusangel18jz@gmail.com","actor_via_sso":false,"log_type":"token"}', '2024-03-04 15:59:44.788087-07', ''),
	('00000000-0000-0000-0000-000000000000', 'dc320fe2-47b3-40d3-ac51-2899feee1b90', '{"action":"token_revoked","actor_id":"d9331c5f-3a25-4bd4-94ec-b9bdda4c453c","actor_username":"jesusangel18jz@gmail.com","actor_via_sso":false,"log_type":"token"}', '2024-03-04 15:59:44.788723-07', ''),
	('00000000-0000-0000-0000-000000000000', '36776975-50a5-4dde-af13-6fcee837ff29', '{"action":"token_refreshed","actor_id":"4a05f22c-a7bc-4b0f-9028-00f389e6a6f7","actor_username":"andreadh01@gmail.com","actor_via_sso":false,"log_type":"token"}', '2024-03-04 16:14:21.469897-07', ''),
	('00000000-0000-0000-0000-000000000000', '066f8ce9-1b7a-4451-907f-fab6127b4f53', '{"action":"token_revoked","actor_id":"4a05f22c-a7bc-4b0f-9028-00f389e6a6f7","actor_username":"andreadh01@gmail.com","actor_via_sso":false,"log_type":"token"}', '2024-03-04 16:14:21.470436-07', ''),
	('00000000-0000-0000-0000-000000000000', '9307fa0e-dcb3-49b9-9066-5f8c328f9776', '{"action":"login","actor_id":"b6d38bb3-c954-415b-baf8-b91f322d2e6e","actor_username":"daeb2222@gmail.com","actor_via_sso":false,"log_type":"account","traits":{"provider":"email"}}', '2024-03-04 17:09:36.691971-07', ''),
	('00000000-0000-0000-0000-000000000000', 'c2b0d330-69cc-411e-ab3e-816340c613d2', '{"action":"token_refreshed","actor_id":"4a05f22c-a7bc-4b0f-9028-00f389e6a6f7","actor_username":"andreadh01@gmail.com","actor_via_sso":false,"log_type":"token"}', '2024-03-04 17:12:26.040817-07', ''),
	('00000000-0000-0000-0000-000000000000', 'f8cf99b7-4578-4649-a66d-d03fd17edc85', '{"action":"token_revoked","actor_id":"4a05f22c-a7bc-4b0f-9028-00f389e6a6f7","actor_username":"andreadh01@gmail.com","actor_via_sso":false,"log_type":"token"}', '2024-03-04 17:12:26.041395-07', ''),
	('00000000-0000-0000-0000-000000000000', 'c3a4ecf7-ba71-4a02-882d-2a77ef7bd57f', '{"action":"token_refreshed","actor_id":"acd1d671-68f3-4e94-ae01-fc0633509896","actor_username":"luisdevv232@gmail.com","actor_via_sso":false,"log_type":"token"}', '2024-03-04 17:18:12.060114-07', ''),
	('00000000-0000-0000-0000-000000000000', 'bce841ae-642c-40e3-9cd6-09d705b2d685', '{"action":"token_revoked","actor_id":"acd1d671-68f3-4e94-ae01-fc0633509896","actor_username":"luisdevv232@gmail.com","actor_via_sso":false,"log_type":"token"}', '2024-03-04 17:18:12.06068-07', ''),
	('00000000-0000-0000-0000-000000000000', '0772bd79-fee1-4e01-b245-3f39c2435a36', '{"action":"token_refreshed","actor_id":"acd1d671-68f3-4e94-ae01-fc0633509896","actor_username":"luisdevv232@gmail.com","actor_via_sso":false,"log_type":"token"}', '2024-03-04 18:16:28.967323-07', ''),
	('00000000-0000-0000-0000-000000000000', '1a55c3d7-7bc5-44fb-a018-53e5f28a9cce', '{"action":"token_revoked","actor_id":"acd1d671-68f3-4e94-ae01-fc0633509896","actor_username":"luisdevv232@gmail.com","actor_via_sso":false,"log_type":"token"}', '2024-03-04 18:16:28.96791-07', ''),
	('00000000-0000-0000-0000-000000000000', '5d8126b1-f0dd-45eb-bcc4-0d22a11d1919', '{"action":"token_refreshed","actor_id":"b6d38bb3-c954-415b-baf8-b91f322d2e6e","actor_username":"daeb2222@gmail.com","actor_via_sso":false,"log_type":"token"}', '2024-03-04 18:34:51.545397-07', ''),
	('00000000-0000-0000-0000-000000000000', '7c17f280-fa0b-4089-9589-95f4088b21cc', '{"action":"token_revoked","actor_id":"b6d38bb3-c954-415b-baf8-b91f322d2e6e","actor_username":"daeb2222@gmail.com","actor_via_sso":false,"log_type":"token"}', '2024-03-04 18:34:51.545992-07', ''),
	('00000000-0000-0000-0000-000000000000', '7891b1f7-4c8f-4e0d-9dd1-83710adb1f71', '{"action":"token_refreshed","actor_id":"b6d38bb3-c954-415b-baf8-b91f322d2e6e","actor_username":"daeb2222@gmail.com","actor_via_sso":false,"log_type":"token"}', '2024-03-04 19:33:15.324121-07', ''),
	('00000000-0000-0000-0000-000000000000', '371f05d7-a36b-475a-9f42-ab393b592dcb', '{"action":"token_revoked","actor_id":"b6d38bb3-c954-415b-baf8-b91f322d2e6e","actor_username":"daeb2222@gmail.com","actor_via_sso":false,"log_type":"token"}', '2024-03-04 19:33:15.324766-07', ''),
	('00000000-0000-0000-0000-000000000000', '192ad3ac-1dd9-462b-abcb-a05784d7258c', '{"action":"token_refreshed","actor_id":"acd1d671-68f3-4e94-ae01-fc0633509896","actor_username":"luisdevv232@gmail.com","actor_via_sso":false,"log_type":"token"}', '2024-03-04 20:15:54.637132-07', ''),
	('00000000-0000-0000-0000-000000000000', '9f59dc56-cbb4-4870-ba0b-8162585336f6', '{"action":"token_revoked","actor_id":"acd1d671-68f3-4e94-ae01-fc0633509896","actor_username":"luisdevv232@gmail.com","actor_via_sso":false,"log_type":"token"}', '2024-03-04 20:15:54.637778-07', ''),
	('00000000-0000-0000-0000-000000000000', 'acf02c5e-a3cc-4f75-9dab-44e6a5018ccf', '{"action":"token_refreshed","actor_id":"b6d38bb3-c954-415b-baf8-b91f322d2e6e","actor_username":"daeb2222@gmail.com","actor_via_sso":false,"log_type":"token"}', '2024-03-04 20:31:34.900964-07', ''),
	('00000000-0000-0000-0000-000000000000', '9c978cda-652e-44e0-a6d3-2b59d9799be6', '{"action":"token_revoked","actor_id":"b6d38bb3-c954-415b-baf8-b91f322d2e6e","actor_username":"daeb2222@gmail.com","actor_via_sso":false,"log_type":"token"}', '2024-03-04 20:31:34.901563-07', ''),
	('00000000-0000-0000-0000-000000000000', '52a310bb-7382-422a-b2c5-8356ef790b08', '{"action":"login","actor_id":"b6d38bb3-c954-415b-baf8-b91f322d2e6e","actor_username":"daeb2222@gmail.com","actor_via_sso":false,"log_type":"account","traits":{"provider":"email"}}', '2024-03-04 20:53:10.539121-07', ''),
	('00000000-0000-0000-0000-000000000000', 'cadd531c-4bba-48ca-be68-99d14411e6dc', '{"action":"token_refreshed","actor_id":"b6d38bb3-c954-415b-baf8-b91f322d2e6e","actor_username":"daeb2222@gmail.com","actor_via_sso":false,"log_type":"token"}', '2024-03-04 21:29:38.004074-07', ''),
	('00000000-0000-0000-0000-000000000000', 'a1ed7314-c5af-422c-ac42-986a75ce74c1', '{"action":"token_revoked","actor_id":"b6d38bb3-c954-415b-baf8-b91f322d2e6e","actor_username":"daeb2222@gmail.com","actor_via_sso":false,"log_type":"token"}', '2024-03-04 21:29:38.004655-07', ''),
	('00000000-0000-0000-0000-000000000000', 'a538c33d-d60d-474e-8baa-ea6e01cd142a', '{"action":"token_refreshed","actor_id":"b6d38bb3-c954-415b-baf8-b91f322d2e6e","actor_username":"daeb2222@gmail.com","actor_via_sso":false,"log_type":"token"}', '2024-03-04 21:51:11.916738-07', ''),
	('00000000-0000-0000-0000-000000000000', 'e57a5dd5-795f-478c-b198-423e41bb80a6', '{"action":"token_revoked","actor_id":"b6d38bb3-c954-415b-baf8-b91f322d2e6e","actor_username":"daeb2222@gmail.com","actor_via_sso":false,"log_type":"token"}', '2024-03-04 21:51:11.917457-07', ''),
	('00000000-0000-0000-0000-000000000000', '67081226-70dd-451e-b28d-43119ec59711', '{"action":"token_refreshed","actor_id":"b6d38bb3-c954-415b-baf8-b91f322d2e6e","actor_username":"daeb2222@gmail.com","actor_via_sso":false,"log_type":"token"}', '2024-03-04 22:27:38.272522-07', ''),
	('00000000-0000-0000-0000-000000000000', '733b2273-4adc-4e24-b963-f9087aebae7e', '{"action":"token_revoked","actor_id":"b6d38bb3-c954-415b-baf8-b91f322d2e6e","actor_username":"daeb2222@gmail.com","actor_via_sso":false,"log_type":"token"}', '2024-03-04 22:27:38.273087-07', ''),
	('00000000-0000-0000-0000-000000000000', 'd9738039-3d38-44a9-8d3b-96164ff8d329', '{"action":"token_refreshed","actor_id":"b6d38bb3-c954-415b-baf8-b91f322d2e6e","actor_username":"daeb2222@gmail.com","actor_via_sso":false,"log_type":"token"}', '2024-03-04 23:05:45.533075-07', ''),
	('00000000-0000-0000-0000-000000000000', '5287cf75-6baa-47fc-a6bd-92b6b13cfdb9', '{"action":"token_revoked","actor_id":"b6d38bb3-c954-415b-baf8-b91f322d2e6e","actor_username":"daeb2222@gmail.com","actor_via_sso":false,"log_type":"token"}', '2024-03-04 23:05:45.533658-07', ''),
	('00000000-0000-0000-0000-000000000000', '2308c4df-6a0c-4c3b-98d3-8adc0f62616b', '{"action":"token_refreshed","actor_id":"b6d38bb3-c954-415b-baf8-b91f322d2e6e","actor_username":"daeb2222@gmail.com","actor_via_sso":false,"log_type":"token"}', '2024-03-04 23:26:05.914061-07', ''),
	('00000000-0000-0000-0000-000000000000', '2d9eae7a-019c-4e0a-8ec0-40a9d7722735', '{"action":"token_revoked","actor_id":"b6d38bb3-c954-415b-baf8-b91f322d2e6e","actor_username":"daeb2222@gmail.com","actor_via_sso":false,"log_type":"token"}', '2024-03-04 23:26:05.914632-07', ''),
	('00000000-0000-0000-0000-000000000000', '8475575e-e66d-4094-9d07-df432d824268', '{"action":"token_refreshed","actor_id":"b6d38bb3-c954-415b-baf8-b91f322d2e6e","actor_username":"daeb2222@gmail.com","actor_via_sso":false,"log_type":"token"}', '2024-03-05 00:09:48.781383-07', ''),
	('00000000-0000-0000-0000-000000000000', 'e48ae0b8-4043-4c46-9920-f665c0b5c790', '{"action":"token_revoked","actor_id":"b6d38bb3-c954-415b-baf8-b91f322d2e6e","actor_username":"daeb2222@gmail.com","actor_via_sso":false,"log_type":"token"}', '2024-03-05 00:09:48.78197-07', ''),
	('00000000-0000-0000-0000-000000000000', '44386406-b977-4c8b-8c1b-8cb693fa07b7', '{"action":"token_refreshed","actor_id":"b6d38bb3-c954-415b-baf8-b91f322d2e6e","actor_username":"daeb2222@gmail.com","actor_via_sso":false,"log_type":"token"}', '2024-03-05 00:24:20.776134-07', ''),
	('00000000-0000-0000-0000-000000000000', '88fb58f0-bd21-489f-b45f-3c983edc1350', '{"action":"token_revoked","actor_id":"b6d38bb3-c954-415b-baf8-b91f322d2e6e","actor_username":"daeb2222@gmail.com","actor_via_sso":false,"log_type":"token"}', '2024-03-05 00:24:20.776729-07', ''),
	('00000000-0000-0000-0000-000000000000', '004f8fbd-3420-4876-8c88-82c0b067d0de', '{"action":"token_refreshed","actor_id":"b6d38bb3-c954-415b-baf8-b91f322d2e6e","actor_username":"daeb2222@gmail.com","actor_via_sso":false,"log_type":"token"}', '2024-03-05 01:08:02.95234-07', ''),
	('00000000-0000-0000-0000-000000000000', '1e71450b-decb-4137-946f-a3d3f3ffc81b', '{"action":"token_revoked","actor_id":"b6d38bb3-c954-415b-baf8-b91f322d2e6e","actor_username":"daeb2222@gmail.com","actor_via_sso":false,"log_type":"token"}', '2024-03-05 01:08:02.952915-07', ''),
	('00000000-0000-0000-0000-000000000000', 'c4d26ad9-64fc-4cb2-ba0b-fb4a0a2fb5d1', '{"action":"token_refreshed","actor_id":"b6d38bb3-c954-415b-baf8-b91f322d2e6e","actor_username":"daeb2222@gmail.com","actor_via_sso":false,"log_type":"token"}', '2024-03-05 01:22:47.48745-07', ''),
	('00000000-0000-0000-0000-000000000000', 'c43ce915-4e29-4fac-97ce-aaa6678ddc47', '{"action":"token_revoked","actor_id":"b6d38bb3-c954-415b-baf8-b91f322d2e6e","actor_username":"daeb2222@gmail.com","actor_via_sso":false,"log_type":"token"}', '2024-03-05 01:22:47.488009-07', ''),
	('00000000-0000-0000-0000-000000000000', '526c0011-1db8-453b-92e9-3c06ca7cf388', '{"action":"login","actor_id":"b6d38bb3-c954-415b-baf8-b91f322d2e6e","actor_username":"daeb2222@gmail.com","actor_via_sso":false,"log_type":"account","traits":{"provider":"email"}}', '2024-03-05 02:06:04.345373-07', ''),
	('00000000-0000-0000-0000-000000000000', '763c17ab-88ce-4119-8034-7b80a124ec52', '{"action":"token_refreshed","actor_id":"b6d38bb3-c954-415b-baf8-b91f322d2e6e","actor_username":"daeb2222@gmail.com","actor_via_sso":false,"log_type":"token"}', '2024-03-05 02:39:06.937233-07', ''),
	('00000000-0000-0000-0000-000000000000', '37f47cb0-ed3f-411b-953e-92677e4877f0', '{"action":"token_revoked","actor_id":"b6d38bb3-c954-415b-baf8-b91f322d2e6e","actor_username":"daeb2222@gmail.com","actor_via_sso":false,"log_type":"token"}', '2024-03-05 02:39:06.937882-07', ''),
	('00000000-0000-0000-0000-000000000000', '5294139f-7656-4754-86bf-e305a1e2e7f1', '{"action":"token_refreshed","actor_id":"b6d38bb3-c954-415b-baf8-b91f322d2e6e","actor_username":"daeb2222@gmail.com","actor_via_sso":false,"log_type":"token"}', '2024-03-05 03:04:07.331574-07', ''),
	('00000000-0000-0000-0000-000000000000', '40f3b34e-a0cd-487f-838c-81a78c7fb242', '{"action":"token_revoked","actor_id":"b6d38bb3-c954-415b-baf8-b91f322d2e6e","actor_username":"daeb2222@gmail.com","actor_via_sso":false,"log_type":"token"}', '2024-03-05 03:04:07.332159-07', ''),
	('00000000-0000-0000-0000-000000000000', '6c4f244e-25f2-400f-9de4-2136ca9a6a83', '{"action":"token_refreshed","actor_id":"b6d38bb3-c954-415b-baf8-b91f322d2e6e","actor_username":"daeb2222@gmail.com","actor_via_sso":false,"log_type":"token"}', '2024-03-05 03:28:31.568202-07', ''),
	('00000000-0000-0000-0000-000000000000', '8fab458a-846d-4075-a556-140e6581101d', '{"action":"token_revoked","actor_id":"b6d38bb3-c954-415b-baf8-b91f322d2e6e","actor_username":"daeb2222@gmail.com","actor_via_sso":false,"log_type":"token"}', '2024-03-05 03:28:31.568764-07', ''),
	('00000000-0000-0000-0000-000000000000', '94863208-25b4-402f-87e1-99a6be455a9f', '{"action":"token_refreshed","actor_id":"9437bf93-7184-43d2-832f-c420b2e3ab02","actor_username":"harevalo1000@gmail.com","actor_via_sso":false,"log_type":"token"}', '2024-03-05 09:30:05.568901-07', ''),
	('00000000-0000-0000-0000-000000000000', 'a93a3acd-c7a7-4357-b609-0c942c22c911', '{"action":"token_revoked","actor_id":"9437bf93-7184-43d2-832f-c420b2e3ab02","actor_username":"harevalo1000@gmail.com","actor_via_sso":false,"log_type":"token"}', '2024-03-05 09:30:05.569474-07', ''),
	('00000000-0000-0000-0000-000000000000', '1d97c0df-c1f8-4857-b7c9-597a32e9f85e', '{"action":"token_refreshed","actor_id":"d9331c5f-3a25-4bd4-94ec-b9bdda4c453c","actor_username":"jesusangel18jz@gmail.com","actor_via_sso":false,"log_type":"token"}', '2024-03-05 09:31:57.272033-07', ''),
	('00000000-0000-0000-0000-000000000000', '6a8dbe1d-1ea3-4fcf-93ac-632309788188', '{"action":"token_revoked","actor_id":"d9331c5f-3a25-4bd4-94ec-b9bdda4c453c","actor_username":"jesusangel18jz@gmail.com","actor_via_sso":false,"log_type":"token"}', '2024-03-05 09:31:57.272622-07', ''),
	('00000000-0000-0000-0000-000000000000', 'a83269c3-e788-4f77-a2ac-e753ab8e6668', '{"action":"login","actor_id":"9437bf93-7184-43d2-832f-c420b2e3ab02","actor_username":"harevalo1000@gmail.com","actor_via_sso":false,"log_type":"account","traits":{"provider":"email"}}', '2024-03-05 09:39:42.988597-07', ''),
	('00000000-0000-0000-0000-000000000000', 'db42c352-e7eb-4dee-81a4-f02eab347c17', '{"action":"logout","actor_id":"d9331c5f-3a25-4bd4-94ec-b9bdda4c453c","actor_username":"jesusangel18jz@gmail.com","actor_via_sso":false,"log_type":"account"}', '2024-03-05 09:41:25.96896-07', ''),
	('00000000-0000-0000-0000-000000000000', '5300ae0f-7119-44ec-8693-d1a86bd52dc1', '{"action":"login","actor_id":"9437bf93-7184-43d2-832f-c420b2e3ab02","actor_username":"harevalo1000@gmail.com","actor_via_sso":false,"log_type":"account","traits":{"provider":"email"}}', '2024-03-05 09:41:51.303732-07', ''),
	('00000000-0000-0000-0000-000000000000', 'c53f119e-5bbd-4f3c-9961-4ef93e47902d', '{"action":"logout","actor_id":"9437bf93-7184-43d2-832f-c420b2e3ab02","actor_username":"harevalo1000@gmail.com","actor_via_sso":false,"log_type":"account"}', '2024-03-05 09:42:05.792017-07', ''),
	('00000000-0000-0000-0000-000000000000', '365fb325-5c94-459b-9a9c-8ae826230c93', '{"action":"login","actor_id":"45f4da3e-5b02-4c6e-9d3c-876831872686","actor_username":"yisusmaster1218@gmail.com","actor_via_sso":false,"log_type":"account","traits":{"provider":"email"}}', '2024-03-05 09:42:59.452545-07', ''),
	('00000000-0000-0000-0000-000000000000', '5ed8580c-8825-4f80-aeb7-b62b51356d1e', '{"action":"token_refreshed","actor_id":"b6d38bb3-c954-415b-baf8-b91f322d2e6e","actor_username":"daeb2222@gmail.com","actor_via_sso":false,"log_type":"token"}', '2024-03-05 13:24:59.501277-07', ''),
	('00000000-0000-0000-0000-000000000000', 'f0b2cf6c-2da1-4c45-81ec-8265ce6dec3d', '{"action":"token_revoked","actor_id":"b6d38bb3-c954-415b-baf8-b91f322d2e6e","actor_username":"daeb2222@gmail.com","actor_via_sso":false,"log_type":"token"}', '2024-03-05 13:24:59.502025-07', ''),
	('00000000-0000-0000-0000-000000000000', '75df4181-51d5-48d8-bc3f-fcb8043d2f12', '{"action":"token_refreshed","actor_id":"b6d38bb3-c954-415b-baf8-b91f322d2e6e","actor_username":"daeb2222@gmail.com","actor_via_sso":false,"log_type":"token"}', '2024-03-05 14:23:00.501527-07', ''),
	('00000000-0000-0000-0000-000000000000', 'de79de2d-397e-4ed7-803f-c94d0cb77eaf', '{"action":"token_revoked","actor_id":"b6d38bb3-c954-415b-baf8-b91f322d2e6e","actor_username":"daeb2222@gmail.com","actor_via_sso":false,"log_type":"token"}', '2024-03-05 14:23:00.502108-07', ''),
	('00000000-0000-0000-0000-000000000000', 'db0135c1-8353-4edf-b100-d96b486ebee0', '{"action":"token_refreshed","actor_id":"b6d38bb3-c954-415b-baf8-b91f322d2e6e","actor_username":"daeb2222@gmail.com","actor_via_sso":false,"log_type":"token"}', '2024-03-05 15:52:35.632029-07', ''),
	('00000000-0000-0000-0000-000000000000', '430a8e30-4af0-472d-9343-bbbfbf064c77', '{"action":"token_revoked","actor_id":"b6d38bb3-c954-415b-baf8-b91f322d2e6e","actor_username":"daeb2222@gmail.com","actor_via_sso":false,"log_type":"token"}', '2024-03-05 15:52:35.632599-07', ''),
	('00000000-0000-0000-0000-000000000000', '2c72e81d-cf3f-4f37-8027-d3dbb73fd729', '{"action":"token_refreshed","actor_id":"b6d38bb3-c954-415b-baf8-b91f322d2e6e","actor_username":"daeb2222@gmail.com","actor_via_sso":false,"log_type":"token"}', '2024-03-05 16:50:48.031206-07', ''),
	('00000000-0000-0000-0000-000000000000', 'd609c4fe-ade9-4477-aa65-06fc2493b4af', '{"action":"token_revoked","actor_id":"b6d38bb3-c954-415b-baf8-b91f322d2e6e","actor_username":"daeb2222@gmail.com","actor_via_sso":false,"log_type":"token"}', '2024-03-05 16:50:48.031824-07', ''),
	('00000000-0000-0000-0000-000000000000', '64931b72-1b50-4670-b240-b6e0ecb3c807', '{"action":"token_refreshed","actor_id":"b6d38bb3-c954-415b-baf8-b91f322d2e6e","actor_username":"daeb2222@gmail.com","actor_via_sso":false,"log_type":"token"}', '2024-03-05 17:48:53.558244-07', ''),
	('00000000-0000-0000-0000-000000000000', 'b37132d7-3c00-4c87-9312-56b6d3cfe52b', '{"action":"token_revoked","actor_id":"b6d38bb3-c954-415b-baf8-b91f322d2e6e","actor_username":"daeb2222@gmail.com","actor_via_sso":false,"log_type":"token"}', '2024-03-05 17:48:53.558907-07', ''),
	('00000000-0000-0000-0000-000000000000', '28c3639e-1db9-4640-adb9-1e6f99040b44', '{"action":"token_refreshed","actor_id":"b6d38bb3-c954-415b-baf8-b91f322d2e6e","actor_username":"daeb2222@gmail.com","actor_via_sso":false,"log_type":"token"}', '2024-03-05 21:52:17.778667-07', ''),
	('00000000-0000-0000-0000-000000000000', 'cb59d262-d186-4605-9419-4d8eb8bec8b3', '{"action":"token_revoked","actor_id":"b6d38bb3-c954-415b-baf8-b91f322d2e6e","actor_username":"daeb2222@gmail.com","actor_via_sso":false,"log_type":"token"}', '2024-03-05 21:52:17.779258-07', ''),
	('00000000-0000-0000-0000-000000000000', 'cfcadade-9d73-4de1-9626-c33a376212d3', '{"action":"token_refreshed","actor_id":"b6d38bb3-c954-415b-baf8-b91f322d2e6e","actor_username":"daeb2222@gmail.com","actor_via_sso":false,"log_type":"token"}', '2024-03-05 21:59:12.35881-07', ''),
	('00000000-0000-0000-0000-000000000000', '7a1cb982-83bd-4f66-b702-4aa0b2205f7d', '{"action":"token_revoked","actor_id":"b6d38bb3-c954-415b-baf8-b91f322d2e6e","actor_username":"daeb2222@gmail.com","actor_via_sso":false,"log_type":"token"}', '2024-03-05 21:59:12.359404-07', ''),
	('00000000-0000-0000-0000-000000000000', 'e4adfe23-f84c-406d-ba24-261d24244edf', '{"action":"login","actor_id":"b6d38bb3-c954-415b-baf8-b91f322d2e6e","actor_username":"daeb2222@gmail.com","actor_via_sso":false,"log_type":"account","traits":{"provider":"email"}}', '2024-03-05 22:04:35.84073-07', ''),
	('00000000-0000-0000-0000-000000000000', '8ef95d67-b645-45fe-ad73-416de66b6d87', '{"action":"token_refreshed","actor_id":"b6d38bb3-c954-415b-baf8-b91f322d2e6e","actor_username":"daeb2222@gmail.com","actor_via_sso":false,"log_type":"token"}', '2024-03-05 22:50:21.276326-07', ''),
	('00000000-0000-0000-0000-000000000000', '142754aa-402f-4414-81a2-954a2a74edac', '{"action":"token_revoked","actor_id":"b6d38bb3-c954-415b-baf8-b91f322d2e6e","actor_username":"daeb2222@gmail.com","actor_via_sso":false,"log_type":"token"}', '2024-03-05 22:50:21.276886-07', ''),
	('00000000-0000-0000-0000-000000000000', '20018527-652f-4f71-bb86-4362e78e36dc', '{"action":"token_refreshed","actor_id":"b6d38bb3-c954-415b-baf8-b91f322d2e6e","actor_username":"daeb2222@gmail.com","actor_via_sso":false,"log_type":"token"}', '2024-03-05 23:02:50.979458-07', ''),
	('00000000-0000-0000-0000-000000000000', '915cf666-3d88-4d9d-abd1-bd8b41dd2039', '{"action":"token_revoked","actor_id":"b6d38bb3-c954-415b-baf8-b91f322d2e6e","actor_username":"daeb2222@gmail.com","actor_via_sso":false,"log_type":"token"}', '2024-03-05 23:02:50.980063-07', ''),
	('00000000-0000-0000-0000-000000000000', '414e75d6-8f36-42f5-a84f-c363c600b213', '{"action":"token_refreshed","actor_id":"b6d38bb3-c954-415b-baf8-b91f322d2e6e","actor_username":"daeb2222@gmail.com","actor_via_sso":false,"log_type":"token"}', '2024-03-05 23:48:39.54935-07', ''),
	('00000000-0000-0000-0000-000000000000', '07e08539-1105-49ce-899e-7ddf4143c8dc', '{"action":"token_revoked","actor_id":"b6d38bb3-c954-415b-baf8-b91f322d2e6e","actor_username":"daeb2222@gmail.com","actor_via_sso":false,"log_type":"token"}', '2024-03-05 23:48:39.549934-07', ''),
	('00000000-0000-0000-0000-000000000000', 'c0068a63-27b1-4fb2-8a55-12e548ddd7c3', '{"action":"token_refreshed","actor_id":"b6d38bb3-c954-415b-baf8-b91f322d2e6e","actor_username":"daeb2222@gmail.com","actor_via_sso":false,"log_type":"token"}', '2024-03-06 00:01:16.293811-07', ''),
	('00000000-0000-0000-0000-000000000000', 'f3979b6a-37fb-4caa-90bc-29bec35b1ed7', '{"action":"token_revoked","actor_id":"b6d38bb3-c954-415b-baf8-b91f322d2e6e","actor_username":"daeb2222@gmail.com","actor_via_sso":false,"log_type":"token"}', '2024-03-06 00:01:16.294451-07', ''),
	('00000000-0000-0000-0000-000000000000', '4de8bc63-453f-4326-bcab-cb7e091100fb', '{"action":"token_refreshed","actor_id":"b6d38bb3-c954-415b-baf8-b91f322d2e6e","actor_username":"daeb2222@gmail.com","actor_via_sso":false,"log_type":"token"}', '2024-03-06 00:46:56.871924-07', ''),
	('00000000-0000-0000-0000-000000000000', 'd5b81371-5ae8-49dc-b244-f51859912160', '{"action":"token_revoked","actor_id":"b6d38bb3-c954-415b-baf8-b91f322d2e6e","actor_username":"daeb2222@gmail.com","actor_via_sso":false,"log_type":"token"}', '2024-03-06 00:46:56.872472-07', ''),
	('00000000-0000-0000-0000-000000000000', '22d738ef-1155-40ce-b12b-8bf0f428e280', '{"action":"token_refreshed","actor_id":"b6d38bb3-c954-415b-baf8-b91f322d2e6e","actor_username":"daeb2222@gmail.com","actor_via_sso":false,"log_type":"token"}', '2024-03-06 00:59:25.178784-07', ''),
	('00000000-0000-0000-0000-000000000000', '3e9fbba3-1f29-4d64-8a15-a54463c3719c', '{"action":"token_revoked","actor_id":"b6d38bb3-c954-415b-baf8-b91f322d2e6e","actor_username":"daeb2222@gmail.com","actor_via_sso":false,"log_type":"token"}', '2024-03-06 00:59:25.179399-07', ''),
	('00000000-0000-0000-0000-000000000000', '296368ec-c592-4962-9d33-6d711efbf89c', '{"action":"token_refreshed","actor_id":"b6d38bb3-c954-415b-baf8-b91f322d2e6e","actor_username":"daeb2222@gmail.com","actor_via_sso":false,"log_type":"token"}', '2024-03-06 01:45:06.978784-07', ''),
	('00000000-0000-0000-0000-000000000000', '7ab8128d-72b1-41d7-b99c-5f42a807cf27', '{"action":"token_revoked","actor_id":"b6d38bb3-c954-415b-baf8-b91f322d2e6e","actor_username":"daeb2222@gmail.com","actor_via_sso":false,"log_type":"token"}', '2024-03-06 01:45:06.979372-07', ''),
	('00000000-0000-0000-0000-000000000000', '6db978f4-8a82-406f-a96d-12d6e5574101', '{"action":"token_refreshed","actor_id":"b6d38bb3-c954-415b-baf8-b91f322d2e6e","actor_username":"daeb2222@gmail.com","actor_via_sso":false,"log_type":"token"}', '2024-03-06 02:06:37.736048-07', ''),
	('00000000-0000-0000-0000-000000000000', 'f301e64f-6813-4962-8182-e2bdceb7b4a6', '{"action":"token_revoked","actor_id":"b6d38bb3-c954-415b-baf8-b91f322d2e6e","actor_username":"daeb2222@gmail.com","actor_via_sso":false,"log_type":"token"}', '2024-03-06 02:06:37.736659-07', ''),
	('00000000-0000-0000-0000-000000000000', '8017001c-4e63-44db-8292-75024b44d2f9', '{"action":"token_refreshed","actor_id":"b6d38bb3-c954-415b-baf8-b91f322d2e6e","actor_username":"daeb2222@gmail.com","actor_via_sso":false,"log_type":"token"}', '2024-03-06 02:43:24.177733-07', ''),
	('00000000-0000-0000-0000-000000000000', 'a6c05f87-a686-4499-a329-26ebb46dfea1', '{"action":"token_revoked","actor_id":"b6d38bb3-c954-415b-baf8-b91f322d2e6e","actor_username":"daeb2222@gmail.com","actor_via_sso":false,"log_type":"token"}', '2024-03-06 02:43:24.178285-07', ''),
	('00000000-0000-0000-0000-000000000000', 'abfbe116-48b6-4d18-99f5-e1617a701ae8', '{"action":"token_refreshed","actor_id":"b6d38bb3-c954-415b-baf8-b91f322d2e6e","actor_username":"daeb2222@gmail.com","actor_via_sso":false,"log_type":"token"}', '2024-03-06 03:04:46.802479-07', ''),
	('00000000-0000-0000-0000-000000000000', 'ffa0094f-e4b6-40df-a73c-e86b2ae8397b', '{"action":"token_revoked","actor_id":"b6d38bb3-c954-415b-baf8-b91f322d2e6e","actor_username":"daeb2222@gmail.com","actor_via_sso":false,"log_type":"token"}', '2024-03-06 03:04:46.803169-07', ''),
	('00000000-0000-0000-0000-000000000000', 'd9f582a8-d02c-40fe-a7a1-a93c76c931d6', '{"action":"token_refreshed","actor_id":"b6d38bb3-c954-415b-baf8-b91f322d2e6e","actor_username":"daeb2222@gmail.com","actor_via_sso":false,"log_type":"token"}', '2024-03-06 04:20:49.936713-07', ''),
	('00000000-0000-0000-0000-000000000000', 'bcdcb123-8903-4138-8dbc-45baf50e60a7', '{"action":"token_revoked","actor_id":"b6d38bb3-c954-415b-baf8-b91f322d2e6e","actor_username":"daeb2222@gmail.com","actor_via_sso":false,"log_type":"token"}', '2024-03-06 04:20:49.937281-07', ''),
	('00000000-0000-0000-0000-000000000000', '7fd42e5a-8274-40b1-ac64-23c2c9239983', '{"action":"token_refreshed","actor_id":"70697050-79f1-4db2-96cf-3432da782fe7","actor_username":"dobledany13@gmail.com","actor_via_sso":false,"log_type":"token"}', '2024-03-06 09:36:26.072946-07', ''),
	('00000000-0000-0000-0000-000000000000', 'd7d404bf-d8ab-4af1-9bdf-817f27cc46ce', '{"action":"token_revoked","actor_id":"70697050-79f1-4db2-96cf-3432da782fe7","actor_username":"dobledany13@gmail.com","actor_via_sso":false,"log_type":"token"}', '2024-03-06 09:36:26.073541-07', ''),
	('00000000-0000-0000-0000-000000000000', 'ac508d8a-eb7b-4171-95c5-89e145142480', '{"action":"login","actor_id":"acd1d671-68f3-4e94-ae01-fc0633509896","actor_username":"luisdevv232@gmail.com","actor_via_sso":false,"log_type":"account","traits":{"provider":"email"}}', '2024-03-06 11:25:42.522517-07', ''),
	('00000000-0000-0000-0000-000000000000', 'e93f9230-6799-4201-a9a6-f5341a261376', '{"action":"token_refreshed","actor_id":"8545bfd0-77ee-47a4-b1f7-17845d88bbbf","actor_username":"luisernestohernandez1@hotmail.com","actor_via_sso":false,"log_type":"token"}', '2024-03-06 11:44:21.359091-07', ''),
	('00000000-0000-0000-0000-000000000000', 'daec9113-6e0d-4e1c-ad1c-c33e37973341', '{"action":"token_revoked","actor_id":"8545bfd0-77ee-47a4-b1f7-17845d88bbbf","actor_username":"luisernestohernandez1@hotmail.com","actor_via_sso":false,"log_type":"token"}', '2024-03-06 11:44:21.359643-07', ''),
	('00000000-0000-0000-0000-000000000000', '058cce43-5a34-4f1d-90fb-6b25796f23c7', '{"action":"user_confirmation_requested","actor_id":"0f304c6a-1920-4e3b-bd04-069223de36cd","actor_username":"andresantelo89@gmail.con","actor_via_sso":false,"log_type":"user","traits":{"provider":"email"}}', '2024-03-06 11:46:10.624654-07', ''),
	('00000000-0000-0000-0000-000000000000', 'b2e5cc73-44a4-400b-911a-b32f8859c3fb', '{"action":"login","actor_id":"b6d38bb3-c954-415b-baf8-b91f322d2e6e","actor_username":"daeb2222@gmail.com","actor_via_sso":false,"log_type":"account","traits":{"provider":"email"}}', '2024-03-06 12:01:51.760451-07', ''),
	('00000000-0000-0000-0000-000000000000', 'a3c201c1-e928-4d96-acc5-280989c6761b', '{"action":"logout","actor_id":"b6d38bb3-c954-415b-baf8-b91f322d2e6e","actor_username":"daeb2222@gmail.com","actor_via_sso":false,"log_type":"account"}', '2024-03-06 12:06:19.369164-07', ''),
	('00000000-0000-0000-0000-000000000000', '33945d76-e5f2-42cb-969e-8b4bb96a6e32', '{"action":"user_confirmation_requested","actor_id":"58e35886-7591-4610-bbe3-2b2b581077bb","actor_username":"a220215783@unison.mx","actor_via_sso":false,"log_type":"user","traits":{"provider":"email"}}', '2024-03-06 12:07:49.187367-07', ''),
	('00000000-0000-0000-0000-000000000000', '5f3ded19-e407-42e3-a596-9c300a0efad3', '{"action":"login","actor_id":"b6d38bb3-c954-415b-baf8-b91f322d2e6e","actor_username":"daeb2222@gmail.com","actor_via_sso":false,"log_type":"account","traits":{"provider":"email"}}', '2024-03-06 12:08:27.365548-07', ''),
	('00000000-0000-0000-0000-000000000000', '229b3570-9081-4076-a976-ac13c9eac7aa', '{"action":"token_refreshed","actor_id":"b6d38bb3-c954-415b-baf8-b91f322d2e6e","actor_username":"daeb2222@gmail.com","actor_via_sso":false,"log_type":"token"}', '2024-03-06 13:09:31.030869-07', ''),
	('00000000-0000-0000-0000-000000000000', '4c1a4e63-bb89-4650-8920-3bdb8959ef7e', '{"action":"token_revoked","actor_id":"b6d38bb3-c954-415b-baf8-b91f322d2e6e","actor_username":"daeb2222@gmail.com","actor_via_sso":false,"log_type":"token"}', '2024-03-06 13:09:31.03142-07', ''),
	('00000000-0000-0000-0000-000000000000', 'd0342581-a88d-4dd1-bdb2-7246998922ec', '{"action":"token_refreshed","actor_id":"8545bfd0-77ee-47a4-b1f7-17845d88bbbf","actor_username":"luisernestohernandez1@hotmail.com","actor_via_sso":false,"log_type":"token"}', '2024-03-06 13:11:33.995688-07', ''),
	('00000000-0000-0000-0000-000000000000', 'e65a51ca-ef2e-4fe9-851e-8ad368116e14', '{"action":"token_revoked","actor_id":"8545bfd0-77ee-47a4-b1f7-17845d88bbbf","actor_username":"luisernestohernandez1@hotmail.com","actor_via_sso":false,"log_type":"token"}', '2024-03-06 13:11:33.996287-07', ''),
	('00000000-0000-0000-0000-000000000000', 'cf9ca0b6-32b2-4fde-81b9-d165350d03c4', '{"action":"login","actor_id":"8545bfd0-77ee-47a4-b1f7-17845d88bbbf","actor_username":"luisernestohernandez1@hotmail.com","actor_via_sso":false,"log_type":"account","traits":{"provider":"email"}}', '2024-03-06 13:36:32.377211-07', ''),
	('00000000-0000-0000-0000-000000000000', '98c5e31f-f9d4-49d1-8098-43a75e5bcf9b', '{"action":"login","actor_id":"8545bfd0-77ee-47a4-b1f7-17845d88bbbf","actor_username":"luisernestohernandez1@hotmail.com","actor_via_sso":false,"log_type":"account","traits":{"provider":"email"}}', '2024-03-06 13:36:33.09188-07', ''),
	('00000000-0000-0000-0000-000000000000', 'ab0fcb27-317c-4cc3-aa45-adcd1c0e8b26', '{"action":"token_refreshed","actor_id":"45f4da3e-5b02-4c6e-9d3c-876831872686","actor_username":"yisusmaster1218@gmail.com","actor_via_sso":false,"log_type":"token"}', '2024-03-06 13:37:14.179831-07', ''),
	('00000000-0000-0000-0000-000000000000', '41cd5f47-0d75-42dc-8845-7cd40664ce05', '{"action":"token_revoked","actor_id":"45f4da3e-5b02-4c6e-9d3c-876831872686","actor_username":"yisusmaster1218@gmail.com","actor_via_sso":false,"log_type":"token"}', '2024-03-06 13:37:14.180399-07', ''),
	('00000000-0000-0000-0000-000000000000', '84e23153-234a-43d6-bc98-593a9cfcdba9', '{"action":"token_refreshed","actor_id":"6712184a-73b8-4541-add0-db439070c061","actor_username":"lisaaghnic07@gmail.com","actor_via_sso":false,"log_type":"token"}', '2024-03-06 14:30:35.090218-07', ''),
	('00000000-0000-0000-0000-000000000000', '1ddc59ac-9b9f-40ec-9bed-3c95a5612d6b', '{"action":"token_revoked","actor_id":"6712184a-73b8-4541-add0-db439070c061","actor_username":"lisaaghnic07@gmail.com","actor_via_sso":false,"log_type":"token"}', '2024-03-06 14:30:35.090836-07', ''),
	('00000000-0000-0000-0000-000000000000', '1b7ffad1-e637-493c-87d2-82249a69ae5d', '{"action":"token_refreshed","actor_id":"4a05f22c-a7bc-4b0f-9028-00f389e6a6f7","actor_username":"andreadh01@gmail.com","actor_via_sso":false,"log_type":"token"}', '2024-03-06 15:04:05.566323-07', ''),
	('00000000-0000-0000-0000-000000000000', '9a9f3ff8-44b9-4387-a1e6-0515aa9a5da9', '{"action":"token_revoked","actor_id":"4a05f22c-a7bc-4b0f-9028-00f389e6a6f7","actor_username":"andreadh01@gmail.com","actor_via_sso":false,"log_type":"token"}', '2024-03-06 15:04:05.566911-07', ''),
	('00000000-0000-0000-0000-000000000000', '67b4cfa5-6afc-4b93-b55c-7e6312c6d17b', '{"action":"token_refreshed","actor_id":"b6d38bb3-c954-415b-baf8-b91f322d2e6e","actor_username":"daeb2222@gmail.com","actor_via_sso":false,"log_type":"token"}', '2024-03-06 17:14:10.216073-07', ''),
	('00000000-0000-0000-0000-000000000000', '2e7de14c-2a13-4729-99a2-56cac950b0de', '{"action":"token_revoked","actor_id":"b6d38bb3-c954-415b-baf8-b91f322d2e6e","actor_username":"daeb2222@gmail.com","actor_via_sso":false,"log_type":"token"}', '2024-03-06 17:14:10.216649-07', ''),
	('00000000-0000-0000-0000-000000000000', '2579df28-fa14-44c8-b27e-e2ab982b53a3', '{"action":"login","actor_id":"c1d198f0-8e90-4b44-b03a-277a436d784d","actor_username":"arturoestrada.gyro@gmail.com","actor_via_sso":false,"log_type":"account","traits":{"provider":"email"}}', '2024-03-06 18:01:22.730549-07', ''),
	('00000000-0000-0000-0000-000000000000', '4324b9cc-5468-4492-90f2-f5412fe80807', '{"action":"token_refreshed","actor_id":"b6d38bb3-c954-415b-baf8-b91f322d2e6e","actor_username":"daeb2222@gmail.com","actor_via_sso":false,"log_type":"token"}', '2024-03-06 19:58:58.767958-07', ''),
	('00000000-0000-0000-0000-000000000000', '91992559-43d0-4853-b6a8-4414fd0577a9', '{"action":"token_revoked","actor_id":"b6d38bb3-c954-415b-baf8-b91f322d2e6e","actor_username":"daeb2222@gmail.com","actor_via_sso":false,"log_type":"token"}', '2024-03-06 19:58:58.768566-07', ''),
	('00000000-0000-0000-0000-000000000000', '9ba0fab5-b149-4599-9fd1-a7fab9cc2a5e', '{"action":"login","actor_id":"b6d38bb3-c954-415b-baf8-b91f322d2e6e","actor_username":"daeb2222@gmail.com","actor_via_sso":false,"log_type":"account","traits":{"provider":"email"}}', '2024-03-06 20:45:56.800405-07', ''),
	('00000000-0000-0000-0000-000000000000', '319a05ed-2245-4459-8c44-4a3eee1397e1', '{"action":"login","actor_id":"b6d38bb3-c954-415b-baf8-b91f322d2e6e","actor_username":"daeb2222@gmail.com","actor_via_sso":false,"log_type":"account","traits":{"provider":"email"}}', '2024-03-06 20:45:57.448709-07', ''),
	('00000000-0000-0000-0000-000000000000', '18d09c76-eb3d-4c1b-9843-afe49759b109', '{"action":"token_refreshed","actor_id":"b6d38bb3-c954-415b-baf8-b91f322d2e6e","actor_username":"daeb2222@gmail.com","actor_via_sso":false,"log_type":"token"}', '2024-03-06 21:44:03.86048-07', ''),
	('00000000-0000-0000-0000-000000000000', '3e043da0-9411-4625-a81c-5d11df2bc6b1', '{"action":"token_revoked","actor_id":"b6d38bb3-c954-415b-baf8-b91f322d2e6e","actor_username":"daeb2222@gmail.com","actor_via_sso":false,"log_type":"token"}', '2024-03-06 21:44:03.861075-07', ''),
	('00000000-0000-0000-0000-000000000000', 'e7e0813f-f51c-4e1e-89d0-f0055445c9ef', '{"action":"token_refreshed","actor_id":"b6d38bb3-c954-415b-baf8-b91f322d2e6e","actor_username":"daeb2222@gmail.com","actor_via_sso":false,"log_type":"token"}', '2024-03-06 21:44:23.226942-07', ''),
	('00000000-0000-0000-0000-000000000000', 'd8edd3b5-6e74-4c97-8baa-42330c7581d7', '{"action":"token_revoked","actor_id":"b6d38bb3-c954-415b-baf8-b91f322d2e6e","actor_username":"daeb2222@gmail.com","actor_via_sso":false,"log_type":"token"}', '2024-03-06 21:44:23.227498-07', ''),
	('00000000-0000-0000-0000-000000000000', '06824fca-6c22-46e5-a682-36a3cb819ba7', '{"action":"token_refreshed","actor_id":"b6d38bb3-c954-415b-baf8-b91f322d2e6e","actor_username":"daeb2222@gmail.com","actor_via_sso":false,"log_type":"token"}', '2024-03-06 22:42:03.814718-07', ''),
	('00000000-0000-0000-0000-000000000000', '232bf196-a761-459f-8765-3fd276b07e45', '{"action":"token_revoked","actor_id":"b6d38bb3-c954-415b-baf8-b91f322d2e6e","actor_username":"daeb2222@gmail.com","actor_via_sso":false,"log_type":"token"}', '2024-03-06 22:42:03.81529-07', ''),
	('00000000-0000-0000-0000-000000000000', 'a2e190d0-8b4c-4730-9839-efa9b306e554', '{"action":"login","actor_id":"45f4da3e-5b02-4c6e-9d3c-876831872686","actor_username":"yisusmaster1218@gmail.com","actor_via_sso":false,"log_type":"account","traits":{"provider":"email"}}', '2024-03-06 22:44:24.566421-07', ''),
	('00000000-0000-0000-0000-000000000000', 'b33b2be6-16bc-43da-bd30-f3eb928a8b3f', '{"action":"token_refreshed","actor_id":"b6d38bb3-c954-415b-baf8-b91f322d2e6e","actor_username":"daeb2222@gmail.com","actor_via_sso":false,"log_type":"token"}', '2024-03-06 22:58:28.433192-07', ''),
	('00000000-0000-0000-0000-000000000000', '9ae2e8e1-d37e-44da-8af4-a966bf62362d', '{"action":"token_revoked","actor_id":"b6d38bb3-c954-415b-baf8-b91f322d2e6e","actor_username":"daeb2222@gmail.com","actor_via_sso":false,"log_type":"token"}', '2024-03-06 22:58:28.433812-07', ''),
	('00000000-0000-0000-0000-000000000000', '954ef9a0-0be1-49ef-befd-cc1d4f045da3', '{"action":"login","actor_id":"e9fd0665-76f1-4781-9a8d-7c5ffa2ecd88","actor_username":"estefygravan@gmail.com","actor_via_sso":false,"log_type":"account","traits":{"provider":"email"}}', '2024-03-06 23:19:43.032823-07', ''),
	('00000000-0000-0000-0000-000000000000', '55eb9ee1-3584-4f70-b703-ef825a0005c5', '{"action":"token_refreshed","actor_id":"acd1d671-68f3-4e94-ae01-fc0633509896","actor_username":"luisdevv232@gmail.com","actor_via_sso":false,"log_type":"token"}', '2024-03-07 11:31:56.101897-07', ''),
	('00000000-0000-0000-0000-000000000000', '7599a36a-0e9b-4c32-aee0-937b02523a39', '{"action":"token_revoked","actor_id":"acd1d671-68f3-4e94-ae01-fc0633509896","actor_username":"luisdevv232@gmail.com","actor_via_sso":false,"log_type":"token"}', '2024-03-07 11:31:56.102468-07', ''),
	('00000000-0000-0000-0000-000000000000', '50160da9-d661-424e-ba36-eac09bae3cdc', '{"action":"logout","actor_id":"b6d38bb3-c954-415b-baf8-b91f322d2e6e","actor_username":"daeb2222@gmail.com","actor_via_sso":false,"log_type":"account"}', '2024-03-31 05:44:04.508588-07', ''),
	('00000000-0000-0000-0000-000000000000', 'c9603a47-96a3-45e2-be84-d04c809a078b', '{"action":"login","actor_id":"b6d38bb3-c954-415b-baf8-b91f322d2e6e","actor_username":"daeb2222@gmail.com","actor_via_sso":false,"log_type":"account","traits":{"provider":"email"}}', '2024-03-31 05:44:20.121377-07', ''),
	('00000000-0000-0000-0000-000000000000', '179a126a-ef79-429d-811b-9250f9a6c58d', '{"action":"user_confirmation_requested","actor_id":"a1ce72b2-352c-449f-9a99-d2787f200c11","actor_username":"andresantelo02@gmail.com","actor_via_sso":false,"log_type":"user","traits":{"provider":"email"}}', '2024-03-07 11:44:38.619062-07', ''),
	('00000000-0000-0000-0000-000000000000', '540f00d3-b880-41bb-85cd-f5f93b20b2aa', '{"action":"user_signedup","actor_id":"a1ce72b2-352c-449f-9a99-d2787f200c11","actor_username":"andresantelo02@gmail.com","actor_via_sso":false,"log_type":"team"}', '2024-03-07 11:45:21.833185-07', ''),
	('00000000-0000-0000-0000-000000000000', '0c7eba25-7de6-48fb-aed1-bbebdeac48ba', '{"action":"token_refreshed","actor_id":"b6d38bb3-c954-415b-baf8-b91f322d2e6e","actor_username":"daeb2222@gmail.com","actor_via_sso":false,"log_type":"token"}', '2024-03-07 23:56:05.051544-07', ''),
	('00000000-0000-0000-0000-000000000000', 'de725860-a995-40f1-8693-acf3ddc3ab47', '{"action":"token_revoked","actor_id":"b6d38bb3-c954-415b-baf8-b91f322d2e6e","actor_username":"daeb2222@gmail.com","actor_via_sso":false,"log_type":"token"}', '2024-03-07 23:56:05.059564-07', ''),
	('00000000-0000-0000-0000-000000000000', '35bbbfc9-8b00-486c-94b5-6a970231682d', '{"action":"token_refreshed","actor_id":"b6d38bb3-c954-415b-baf8-b91f322d2e6e","actor_username":"daeb2222@gmail.com","actor_via_sso":false,"log_type":"token"}', '2024-03-07 23:56:05.261037-07', ''),
	('00000000-0000-0000-0000-000000000000', '203cd56d-26e4-4c07-94f9-8183fa82dd20', '{"action":"token_revoked","actor_id":"b6d38bb3-c954-415b-baf8-b91f322d2e6e","actor_username":"daeb2222@gmail.com","actor_via_sso":false,"log_type":"token"}', '2024-03-07 23:56:05.264482-07', ''),
	('00000000-0000-0000-0000-000000000000', '4252b569-d522-4fe9-b4ce-4d9a8c2d90ea', '{"action":"token_refreshed","actor_id":"c1d198f0-8e90-4b44-b03a-277a436d784d","actor_username":"arturoestrada.gyro@gmail.com","actor_via_sso":false,"log_type":"token"}', '2024-03-08 20:43:57.838522-07', ''),
	('00000000-0000-0000-0000-000000000000', '129a731c-b4d4-47f6-b827-4026a69c55f1', '{"action":"token_revoked","actor_id":"c1d198f0-8e90-4b44-b03a-277a436d784d","actor_username":"arturoestrada.gyro@gmail.com","actor_via_sso":false,"log_type":"token"}', '2024-03-08 20:43:57.839093-07', ''),
	('00000000-0000-0000-0000-000000000000', '0adc78a2-0ec8-41ec-82c9-36e6d04e9955', '{"action":"login","actor_id":"b6d38bb3-c954-415b-baf8-b91f322d2e6e","actor_username":"daeb2222@gmail.com","actor_via_sso":false,"log_type":"account","traits":{"provider":"email"}}', '2024-03-09 15:01:49.231088-07', ''),
	('00000000-0000-0000-0000-000000000000', '1b48233b-cee7-4cb3-8856-a1b66eeffaa8', '{"action":"token_refreshed","actor_id":"b6d38bb3-c954-415b-baf8-b91f322d2e6e","actor_username":"daeb2222@gmail.com","actor_via_sso":false,"log_type":"token"}', '2024-03-09 16:00:01.496707-07', ''),
	('00000000-0000-0000-0000-000000000000', '1c797535-9d08-456c-a6a0-00d9ef8dd794', '{"action":"token_revoked","actor_id":"b6d38bb3-c954-415b-baf8-b91f322d2e6e","actor_username":"daeb2222@gmail.com","actor_via_sso":false,"log_type":"token"}', '2024-03-09 16:00:01.49733-07', ''),
	('00000000-0000-0000-0000-000000000000', '7271d516-1744-457d-b69e-85c9d32d664b', '{"action":"token_refreshed","actor_id":"c1d198f0-8e90-4b44-b03a-277a436d784d","actor_username":"arturoestrada.gyro@gmail.com","actor_via_sso":false,"log_type":"token"}', '2024-03-09 16:13:52.87868-07', ''),
	('00000000-0000-0000-0000-000000000000', 'e116c178-b037-412b-ba95-d77549bf1aa0', '{"action":"token_revoked","actor_id":"c1d198f0-8e90-4b44-b03a-277a436d784d","actor_username":"arturoestrada.gyro@gmail.com","actor_via_sso":false,"log_type":"token"}', '2024-03-09 16:13:52.879316-07', ''),
	('00000000-0000-0000-0000-000000000000', 'b4f5f0e7-a23f-4fc2-a65b-2751d22877d8', '{"action":"token_refreshed","actor_id":"b6d38bb3-c954-415b-baf8-b91f322d2e6e","actor_username":"daeb2222@gmail.com","actor_via_sso":false,"log_type":"token"}', '2024-03-09 16:58:26.447183-07', ''),
	('00000000-0000-0000-0000-000000000000', '3b7df7b3-d348-4337-9596-033d3a940204', '{"action":"token_revoked","actor_id":"b6d38bb3-c954-415b-baf8-b91f322d2e6e","actor_username":"daeb2222@gmail.com","actor_via_sso":false,"log_type":"token"}', '2024-03-09 16:58:26.449082-07', ''),
	('00000000-0000-0000-0000-000000000000', '85f8377d-2a97-46c1-8db3-b60d9efeac2e', '{"action":"token_refreshed","actor_id":"b6d38bb3-c954-415b-baf8-b91f322d2e6e","actor_username":"daeb2222@gmail.com","actor_via_sso":false,"log_type":"token"}', '2024-03-09 17:10:20.472425-07', ''),
	('00000000-0000-0000-0000-000000000000', 'fdafd950-78a2-418f-b656-9cbc6bbf83e5', '{"action":"token_revoked","actor_id":"b6d38bb3-c954-415b-baf8-b91f322d2e6e","actor_username":"daeb2222@gmail.com","actor_via_sso":false,"log_type":"token"}', '2024-03-09 17:10:20.47376-07', ''),
	('00000000-0000-0000-0000-000000000000', 'e742be58-1751-4fe0-aff7-20c1f8f3ac68', '{"action":"logout","actor_id":"b6d38bb3-c954-415b-baf8-b91f322d2e6e","actor_username":"daeb2222@gmail.com","actor_via_sso":false,"log_type":"account"}', '2024-03-31 05:56:05.543648-07', ''),
	('00000000-0000-0000-0000-000000000000', '6e8d6d68-8f7b-42e4-a7e3-a8cac46d5f9b', '{"action":"login","actor_id":"06d6fe74-d185-4dda-bf92-f83d9f6db3f1","actor_username":"davidnunez635@gmail.com","actor_via_sso":false,"log_type":"account","traits":{"provider":"email"}}', '2024-03-09 19:14:50.845032-07', ''),
	('00000000-0000-0000-0000-000000000000', '5c421536-7e94-43c3-9b73-860bfae8e647', '{"action":"login","actor_id":"06d6fe74-d185-4dda-bf92-f83d9f6db3f1","actor_username":"davidnunez635@gmail.com","actor_via_sso":false,"log_type":"account","traits":{"provider":"email"}}', '2024-03-09 19:40:54.705381-07', ''),
	('00000000-0000-0000-0000-000000000000', '9a5492d1-2839-40ef-9b5e-0766c9397d2d', '{"action":"login","actor_id":"c1d198f0-8e90-4b44-b03a-277a436d784d","actor_username":"arturoestrada.gyro@gmail.com","actor_via_sso":false,"log_type":"account","traits":{"provider":"email"}}', '2024-03-09 19:47:06.626484-07', ''),
	('00000000-0000-0000-0000-000000000000', '5b7c1228-11b7-4c97-8407-a8b44633a040', '{"action":"logout","actor_id":"c1d198f0-8e90-4b44-b03a-277a436d784d","actor_username":"arturoestrada.gyro@gmail.com","actor_via_sso":false,"log_type":"account"}', '2024-03-09 19:58:26.57999-07', ''),
	('00000000-0000-0000-0000-000000000000', 'ce252637-84c9-4404-85b0-56852425f371', '{"action":"user_recovery_requested","actor_id":"2f53f080-a602-410d-b40b-d4728a7879b8","actor_username":"luis_estradar89@hotmail.com","actor_via_sso":false,"log_type":"user"}', '2024-03-09 19:59:20.606601-07', ''),
	('00000000-0000-0000-0000-000000000000', '86838200-abbb-4d33-b6ac-74731da323ea', '{"action":"login","actor_id":"2f53f080-a602-410d-b40b-d4728a7879b8","actor_username":"luis_estradar89@hotmail.com","actor_via_sso":false,"log_type":"account"}', '2024-03-09 19:59:50.636502-07', ''),
	('00000000-0000-0000-0000-000000000000', 'a9f64bef-0607-437b-8cf3-087780d070bd', '{"action":"user_updated_password","actor_id":"2f53f080-a602-410d-b40b-d4728a7879b8","actor_username":"luis_estradar89@hotmail.com","actor_via_sso":false,"log_type":"user"}', '2024-03-09 20:00:05.852314-07', ''),
	('00000000-0000-0000-0000-000000000000', '278040f1-7d59-4143-beb4-53d90e601fd2', '{"action":"user_modified","actor_id":"2f53f080-a602-410d-b40b-d4728a7879b8","actor_username":"luis_estradar89@hotmail.com","actor_via_sso":false,"log_type":"user"}', '2024-03-09 20:00:05.852876-07', ''),
	('00000000-0000-0000-0000-000000000000', '5f90790d-8840-4536-b2e2-ceac7d9a4e7e', '{"action":"login","actor_id":"2f53f080-a602-410d-b40b-d4728a7879b8","actor_username":"luis_estradar89@hotmail.com","actor_via_sso":false,"log_type":"account","traits":{"provider":"email"}}', '2024-03-09 20:00:14.811104-07', ''),
	('00000000-0000-0000-0000-000000000000', '58218899-8a2b-44bf-b3d6-0f775db7c17a', '{"action":"token_refreshed","actor_id":"06d6fe74-d185-4dda-bf92-f83d9f6db3f1","actor_username":"davidnunez635@gmail.com","actor_via_sso":false,"log_type":"token"}', '2024-03-09 20:42:00.059744-07', ''),
	('00000000-0000-0000-0000-000000000000', '33678215-76bb-487d-97b5-7e2646fc6594', '{"action":"token_revoked","actor_id":"06d6fe74-d185-4dda-bf92-f83d9f6db3f1","actor_username":"davidnunez635@gmail.com","actor_via_sso":false,"log_type":"token"}', '2024-03-09 20:42:00.060389-07', ''),
	('00000000-0000-0000-0000-000000000000', 'd6567a16-bd6f-4bdd-86db-7c8efb982ec5', '{"action":"login","actor_id":"eb9b49bb-e61e-4ef1-ae97-415cdcf9b58e","actor_username":"andreaarizagahdz@gmail.com","actor_via_sso":false,"log_type":"account","traits":{"provider":"email"}}', '2024-03-09 20:54:41.955763-07', ''),
	('00000000-0000-0000-0000-000000000000', 'e1f0a1a6-dff9-420f-9718-e0fc20926c39', '{"action":"token_refreshed","actor_id":"eb9b49bb-e61e-4ef1-ae97-415cdcf9b58e","actor_username":"andreaarizagahdz@gmail.com","actor_via_sso":false,"log_type":"token"}', '2024-03-09 22:43:51.767111-07', ''),
	('00000000-0000-0000-0000-000000000000', 'eb87eb4b-1be7-43b4-a332-0067a9f3375f', '{"action":"token_revoked","actor_id":"eb9b49bb-e61e-4ef1-ae97-415cdcf9b58e","actor_username":"andreaarizagahdz@gmail.com","actor_via_sso":false,"log_type":"token"}', '2024-03-09 22:43:51.767709-07', ''),
	('00000000-0000-0000-0000-000000000000', '36708544-d200-4801-b409-211cafe1a110', '{"action":"login","actor_id":"e6fc595d-2e1f-4cd1-8d9f-72783645aac4","actor_username":"jaredbarojas90@gmail.com","actor_via_sso":false,"log_type":"account","traits":{"provider":"email"}}', '2024-03-11 10:40:46.892955-07', ''),
	('00000000-0000-0000-0000-000000000000', 'c95869a1-fba6-4304-adaf-b67ba4ceda4c', '{"action":"token_refreshed","actor_id":"e6fc595d-2e1f-4cd1-8d9f-72783645aac4","actor_username":"jaredbarojas90@gmail.com","actor_via_sso":false,"log_type":"token"}', '2024-03-11 13:22:20.732972-07', ''),
	('00000000-0000-0000-0000-000000000000', '19341bcf-98d6-434e-a42b-904a3111f72e', '{"action":"token_revoked","actor_id":"e6fc595d-2e1f-4cd1-8d9f-72783645aac4","actor_username":"jaredbarojas90@gmail.com","actor_via_sso":false,"log_type":"token"}', '2024-03-11 13:22:20.734649-07', ''),
	('00000000-0000-0000-0000-000000000000', 'bbf8f1c2-d045-4663-8f7b-06b0804df81c', '{"action":"token_refreshed","actor_id":"06d6fe74-d185-4dda-bf92-f83d9f6db3f1","actor_username":"davidnunez635@gmail.com","actor_via_sso":false,"log_type":"token"}', '2024-03-11 13:25:38.145738-07', ''),
	('00000000-0000-0000-0000-000000000000', 'ab2975ca-e3a2-44ab-846e-a0e7c9b00e28', '{"action":"token_revoked","actor_id":"06d6fe74-d185-4dda-bf92-f83d9f6db3f1","actor_username":"davidnunez635@gmail.com","actor_via_sso":false,"log_type":"token"}', '2024-03-11 13:25:38.147063-07', ''),
	('00000000-0000-0000-0000-000000000000', '29f5a9e6-70f3-4e78-8eec-e4fd25b387c8', '{"action":"token_refreshed","actor_id":"b6d38bb3-c954-415b-baf8-b91f322d2e6e","actor_username":"daeb2222@gmail.com","actor_via_sso":false,"log_type":"token"}', '2024-03-11 13:31:50.613571-07', ''),
	('00000000-0000-0000-0000-000000000000', '76fe677a-8108-4403-9e2a-e81e2b44a947', '{"action":"token_revoked","actor_id":"b6d38bb3-c954-415b-baf8-b91f322d2e6e","actor_username":"daeb2222@gmail.com","actor_via_sso":false,"log_type":"token"}', '2024-03-11 13:31:50.614154-07', ''),
	('00000000-0000-0000-0000-000000000000', 'fc42dcb3-0870-4886-bd7d-e96c187dce2f', '{"action":"user_repeated_signup","actor_id":"c820cd07-b8fe-4613-b125-775d442b309f","actor_username":"joseluis.ochoa@unison.mx","actor_via_sso":false,"log_type":"user","traits":{"provider":"email"}}', '2024-03-11 13:32:01.986887-07', ''),
	('00000000-0000-0000-0000-000000000000', 'd09fabc8-6b5c-4734-90c8-c401751a7a69', '{"action":"login","actor_id":"b6d38bb3-c954-415b-baf8-b91f322d2e6e","actor_username":"daeb2222@gmail.com","actor_via_sso":false,"log_type":"account","traits":{"provider":"email"}}', '2024-03-31 05:56:16.843918-07', ''),
	('00000000-0000-0000-0000-000000000000', '16f5461f-ba1a-4f89-b01a-d7b9a2b67dec', '{"action":"user_recovery_requested","actor_id":"c820cd07-b8fe-4613-b125-775d442b309f","actor_username":"joseluis.ochoa@unison.mx","actor_via_sso":false,"log_type":"user"}', '2024-03-11 13:37:29.188888-07', ''),
	('00000000-0000-0000-0000-000000000000', '28be73bf-1fbc-49b9-8b7e-eebf9d707e80', '{"action":"login","actor_id":"c820cd07-b8fe-4613-b125-775d442b309f","actor_username":"joseluis.ochoa@unison.mx","actor_via_sso":false,"log_type":"account"}', '2024-03-11 13:38:00.132048-07', ''),
	('00000000-0000-0000-0000-000000000000', 'ae5af1f1-1be7-464b-9f1d-f4ebc7ba30bc', '{"action":"login","actor_id":"acd1d671-68f3-4e94-ae01-fc0633509896","actor_username":"luisdevv232@gmail.com","actor_via_sso":false,"log_type":"account","traits":{"provider":"email"}}', '2024-03-11 17:43:56.979515-07', ''),
	('00000000-0000-0000-0000-000000000000', 'dc025ff9-f3f6-435e-b571-2933ffded8c5', '{"action":"logout","actor_id":"acd1d671-68f3-4e94-ae01-fc0633509896","actor_username":"luisdevv232@gmail.com","actor_via_sso":false,"log_type":"account"}', '2024-03-11 17:46:41.389641-07', ''),
	('00000000-0000-0000-0000-000000000000', '04c412cc-a536-4697-8f12-ba734b95883a', '{"action":"login","actor_id":"acd1d671-68f3-4e94-ae01-fc0633509896","actor_username":"luisdevv232@gmail.com","actor_via_sso":false,"log_type":"account","traits":{"provider":"email"}}', '2024-03-11 17:46:50.026691-07', ''),
	('00000000-0000-0000-0000-000000000000', 'f29a013d-e90c-4556-9a4b-b8589cb3cebe', '{"action":"logout","actor_id":"acd1d671-68f3-4e94-ae01-fc0633509896","actor_username":"luisdevv232@gmail.com","actor_via_sso":false,"log_type":"account"}', '2024-03-11 17:50:28.347716-07', ''),
	('00000000-0000-0000-0000-000000000000', '74e83099-f80d-4f79-baa9-36d17bbd1d86', '{"action":"token_refreshed","actor_id":"06d6fe74-d185-4dda-bf92-f83d9f6db3f1","actor_username":"davidnunez635@gmail.com","actor_via_sso":false,"log_type":"token"}', '2024-03-11 20:06:08.892372-07', ''),
	('00000000-0000-0000-0000-000000000000', '1563848b-9803-41d4-b6cc-784fc0fcd854', '{"action":"token_revoked","actor_id":"06d6fe74-d185-4dda-bf92-f83d9f6db3f1","actor_username":"davidnunez635@gmail.com","actor_via_sso":false,"log_type":"token"}', '2024-03-11 20:06:08.892934-07', ''),
	('00000000-0000-0000-0000-000000000000', '3502e326-48e9-42c6-95f8-383c29eae400', '{"action":"token_refreshed","actor_id":"06d6fe74-d185-4dda-bf92-f83d9f6db3f1","actor_username":"davidnunez635@gmail.com","actor_via_sso":false,"log_type":"token"}', '2024-03-11 20:09:08.242053-07', ''),
	('00000000-0000-0000-0000-000000000000', '7b86679b-77fb-488d-a9cf-d18a58eb855a', '{"action":"token_revoked","actor_id":"06d6fe74-d185-4dda-bf92-f83d9f6db3f1","actor_username":"davidnunez635@gmail.com","actor_via_sso":false,"log_type":"token"}', '2024-03-11 20:09:08.242618-07', ''),
	('00000000-0000-0000-0000-000000000000', '53a0a3a1-441c-4316-bf8f-79a2d39872ae', '{"action":"login","actor_id":"acd1d671-68f3-4e94-ae01-fc0633509896","actor_username":"luisdevv232@gmail.com","actor_via_sso":false,"log_type":"account","traits":{"provider":"email"}}', '2024-03-11 20:14:51.607022-07', ''),
	('00000000-0000-0000-0000-000000000000', 'b9f78b9e-45d2-419c-8094-65342fa579c1', '{"action":"token_refreshed","actor_id":"06d6fe74-d185-4dda-bf92-f83d9f6db3f1","actor_username":"davidnunez635@gmail.com","actor_via_sso":false,"log_type":"token"}', '2024-03-11 21:06:05.516638-07', ''),
	('00000000-0000-0000-0000-000000000000', 'd84e2700-0b8b-4299-bcb6-fb5f3dc03648', '{"action":"token_revoked","actor_id":"06d6fe74-d185-4dda-bf92-f83d9f6db3f1","actor_username":"davidnunez635@gmail.com","actor_via_sso":false,"log_type":"token"}', '2024-03-11 21:06:05.517203-07', ''),
	('00000000-0000-0000-0000-000000000000', '9f1cee5d-ff18-4e91-abc9-ddf795c3c1f8', '{"action":"token_refreshed","actor_id":"06d6fe74-d185-4dda-bf92-f83d9f6db3f1","actor_username":"davidnunez635@gmail.com","actor_via_sso":false,"log_type":"token"}', '2024-03-11 21:46:40.487852-07', ''),
	('00000000-0000-0000-0000-000000000000', '79ba55dc-bfd6-4d90-a4ef-5b5af5b07c52', '{"action":"token_revoked","actor_id":"06d6fe74-d185-4dda-bf92-f83d9f6db3f1","actor_username":"davidnunez635@gmail.com","actor_via_sso":false,"log_type":"token"}', '2024-03-11 21:46:40.488418-07', ''),
	('00000000-0000-0000-0000-000000000000', 'c35098ad-9ab6-416f-a9f9-b70cb045fc86', '{"action":"token_refreshed","actor_id":"06d6fe74-d185-4dda-bf92-f83d9f6db3f1","actor_username":"davidnunez635@gmail.com","actor_via_sso":false,"log_type":"token"}', '2024-03-11 22:04:33.635137-07', ''),
	('00000000-0000-0000-0000-000000000000', '7a762532-213f-4322-b789-bd1550fdd9e0', '{"action":"token_revoked","actor_id":"06d6fe74-d185-4dda-bf92-f83d9f6db3f1","actor_username":"davidnunez635@gmail.com","actor_via_sso":false,"log_type":"token"}', '2024-03-11 22:04:33.635677-07', ''),
	('00000000-0000-0000-0000-000000000000', '9fe7da7e-f5dc-434d-b2ba-90cd96e35c60', '{"action":"token_refreshed","actor_id":"06d6fe74-d185-4dda-bf92-f83d9f6db3f1","actor_username":"davidnunez635@gmail.com","actor_via_sso":false,"log_type":"token"}', '2024-03-11 22:55:52.426262-07', ''),
	('00000000-0000-0000-0000-000000000000', '4000e7f1-153d-4d79-9ed2-99adc29edf77', '{"action":"token_revoked","actor_id":"06d6fe74-d185-4dda-bf92-f83d9f6db3f1","actor_username":"davidnunez635@gmail.com","actor_via_sso":false,"log_type":"token"}', '2024-03-11 22:55:52.426828-07', ''),
	('00000000-0000-0000-0000-000000000000', '47751c13-e7bb-45b4-b0f5-59a2972f6ebc', '{"action":"token_refreshed","actor_id":"06d6fe74-d185-4dda-bf92-f83d9f6db3f1","actor_username":"davidnunez635@gmail.com","actor_via_sso":false,"log_type":"token"}', '2024-03-11 23:05:41.141812-07', ''),
	('00000000-0000-0000-0000-000000000000', '44e17e1a-4681-484b-b4a9-f01e941b5aed', '{"action":"token_revoked","actor_id":"06d6fe74-d185-4dda-bf92-f83d9f6db3f1","actor_username":"davidnunez635@gmail.com","actor_via_sso":false,"log_type":"token"}', '2024-03-11 23:05:41.142389-07', ''),
	('00000000-0000-0000-0000-000000000000', '7b2bcede-f047-4534-8807-9ff1d235088a', '{"action":"token_refreshed","actor_id":"06d6fe74-d185-4dda-bf92-f83d9f6db3f1","actor_username":"davidnunez635@gmail.com","actor_via_sso":false,"log_type":"token"}', '2024-03-12 00:00:47.714905-07', ''),
	('00000000-0000-0000-0000-000000000000', 'cdd68d34-93ec-428a-80e0-879fdc2d7a25', '{"action":"token_revoked","actor_id":"06d6fe74-d185-4dda-bf92-f83d9f6db3f1","actor_username":"davidnunez635@gmail.com","actor_via_sso":false,"log_type":"token"}', '2024-03-12 00:00:47.715438-07', ''),
	('00000000-0000-0000-0000-000000000000', '7ae7723f-54ee-449a-9c80-6f6fc5db3225', '{"action":"token_refreshed","actor_id":"06d6fe74-d185-4dda-bf92-f83d9f6db3f1","actor_username":"davidnunez635@gmail.com","actor_via_sso":false,"log_type":"token"}', '2024-03-12 00:27:10.898045-07', ''),
	('00000000-0000-0000-0000-000000000000', '183741c5-01b2-41b4-a61b-4bd6c1145012', '{"action":"token_revoked","actor_id":"06d6fe74-d185-4dda-bf92-f83d9f6db3f1","actor_username":"davidnunez635@gmail.com","actor_via_sso":false,"log_type":"token"}', '2024-03-12 00:27:10.899494-07', ''),
	('00000000-0000-0000-0000-000000000000', 'e18fdeb8-c018-4d51-a89d-89c5aceb30e2', '{"action":"token_refreshed","actor_id":"06d6fe74-d185-4dda-bf92-f83d9f6db3f1","actor_username":"davidnunez635@gmail.com","actor_via_sso":false,"log_type":"token"}', '2024-03-12 01:25:19.469475-07', ''),
	('00000000-0000-0000-0000-000000000000', '036b535b-8096-476a-936e-a6ea40c97929', '{"action":"token_revoked","actor_id":"06d6fe74-d185-4dda-bf92-f83d9f6db3f1","actor_username":"davidnunez635@gmail.com","actor_via_sso":false,"log_type":"token"}', '2024-03-12 01:25:19.470091-07', ''),
	('00000000-0000-0000-0000-000000000000', '3b969ded-7a26-4f9b-a695-09a9def0a502', '{"action":"token_refreshed","actor_id":"06d6fe74-d185-4dda-bf92-f83d9f6db3f1","actor_username":"davidnunez635@gmail.com","actor_via_sso":false,"log_type":"token"}', '2024-03-12 02:23:49.684387-07', ''),
	('00000000-0000-0000-0000-000000000000', 'bdb2ed4d-1a57-4a54-9196-40ecf5b6d303', '{"action":"token_revoked","actor_id":"06d6fe74-d185-4dda-bf92-f83d9f6db3f1","actor_username":"davidnunez635@gmail.com","actor_via_sso":false,"log_type":"token"}', '2024-03-12 02:23:49.684981-07', ''),
	('00000000-0000-0000-0000-000000000000', '97278c1c-18b0-4860-83b7-010dec883554', '{"action":"token_refreshed","actor_id":"06d6fe74-d185-4dda-bf92-f83d9f6db3f1","actor_username":"davidnunez635@gmail.com","actor_via_sso":false,"log_type":"token"}', '2024-03-12 03:21:50.157218-07', ''),
	('00000000-0000-0000-0000-000000000000', '3215a621-caf6-4c5a-9b74-8a40ce51679f', '{"action":"token_revoked","actor_id":"06d6fe74-d185-4dda-bf92-f83d9f6db3f1","actor_username":"davidnunez635@gmail.com","actor_via_sso":false,"log_type":"token"}', '2024-03-12 03:21:50.157815-07', ''),
	('00000000-0000-0000-0000-000000000000', 'cdbedf00-b5c3-440d-be57-25be42f991b9', '{"action":"token_refreshed","actor_id":"06d6fe74-d185-4dda-bf92-f83d9f6db3f1","actor_username":"davidnunez635@gmail.com","actor_via_sso":false,"log_type":"token"}', '2024-03-12 04:20:20.581248-07', ''),
	('00000000-0000-0000-0000-000000000000', '95a3a223-640d-49b3-97ca-b21a607d7fd1', '{"action":"token_revoked","actor_id":"06d6fe74-d185-4dda-bf92-f83d9f6db3f1","actor_username":"davidnunez635@gmail.com","actor_via_sso":false,"log_type":"token"}', '2024-03-12 04:20:20.581909-07', ''),
	('00000000-0000-0000-0000-000000000000', 'ff2bc4e1-e1cc-4204-a725-8223f2d65bed', '{"action":"token_refreshed","actor_id":"06d6fe74-d185-4dda-bf92-f83d9f6db3f1","actor_username":"davidnunez635@gmail.com","actor_via_sso":false,"log_type":"token"}', '2024-03-12 04:56:56.174845-07', ''),
	('00000000-0000-0000-0000-000000000000', '3bfa2c8a-d385-4ec0-aae3-ba7409783df8', '{"action":"token_revoked","actor_id":"06d6fe74-d185-4dda-bf92-f83d9f6db3f1","actor_username":"davidnunez635@gmail.com","actor_via_sso":false,"log_type":"token"}', '2024-03-12 04:56:56.175426-07', ''),
	('00000000-0000-0000-0000-000000000000', 'f9d665c0-5cf6-4960-b445-ead63552688b', '{"action":"token_refreshed","actor_id":"06d6fe74-d185-4dda-bf92-f83d9f6db3f1","actor_username":"davidnunez635@gmail.com","actor_via_sso":false,"log_type":"token"}', '2024-03-12 05:41:32.735073-07', ''),
	('00000000-0000-0000-0000-000000000000', '5fc56b8a-7fe5-455a-966d-24551e321815', '{"action":"token_revoked","actor_id":"06d6fe74-d185-4dda-bf92-f83d9f6db3f1","actor_username":"davidnunez635@gmail.com","actor_via_sso":false,"log_type":"token"}', '2024-03-12 05:41:32.735635-07', ''),
	('00000000-0000-0000-0000-000000000000', '983a8b77-920d-4c7e-ac53-9d6267ebd538', '{"action":"token_refreshed","actor_id":"06d6fe74-d185-4dda-bf92-f83d9f6db3f1","actor_username":"davidnunez635@gmail.com","actor_via_sso":false,"log_type":"token"}', '2024-03-12 07:27:51.569972-07', ''),
	('00000000-0000-0000-0000-000000000000', '8ee04752-214d-46c7-b751-085002c60b38', '{"action":"token_revoked","actor_id":"06d6fe74-d185-4dda-bf92-f83d9f6db3f1","actor_username":"davidnunez635@gmail.com","actor_via_sso":false,"log_type":"token"}', '2024-03-12 07:27:51.570567-07', ''),
	('00000000-0000-0000-0000-000000000000', '2b6812e7-eb5f-4584-9d01-1ec6462b83ef', '{"action":"login","actor_id":"06d6fe74-d185-4dda-bf92-f83d9f6db3f1","actor_username":"davidnunez635@gmail.com","actor_via_sso":false,"log_type":"account","traits":{"provider":"email"}}', '2024-03-12 07:55:51.532853-07', ''),
	('00000000-0000-0000-0000-000000000000', '1903e82f-3fca-4cc5-88ab-1a300553ae62', '{"action":"token_refreshed","actor_id":"06d6fe74-d185-4dda-bf92-f83d9f6db3f1","actor_username":"davidnunez635@gmail.com","actor_via_sso":false,"log_type":"token"}', '2024-03-12 08:54:18.248936-07', ''),
	('00000000-0000-0000-0000-000000000000', '8c2fa533-c66a-414e-a50f-005e22a0d88d', '{"action":"token_revoked","actor_id":"06d6fe74-d185-4dda-bf92-f83d9f6db3f1","actor_username":"davidnunez635@gmail.com","actor_via_sso":false,"log_type":"token"}', '2024-03-12 08:54:18.249502-07', ''),
	('00000000-0000-0000-0000-000000000000', 'fa6ce6c0-7700-46bc-afa7-057c22810ab4', '{"action":"token_refreshed","actor_id":"06d6fe74-d185-4dda-bf92-f83d9f6db3f1","actor_username":"davidnunez635@gmail.com","actor_via_sso":false,"log_type":"token"}', '2024-03-12 10:58:58.582279-07', ''),
	('00000000-0000-0000-0000-000000000000', 'd71059ed-c9f7-4616-a64e-b50dbc216f81', '{"action":"token_revoked","actor_id":"06d6fe74-d185-4dda-bf92-f83d9f6db3f1","actor_username":"davidnunez635@gmail.com","actor_via_sso":false,"log_type":"token"}', '2024-03-12 10:58:58.582937-07', ''),
	('00000000-0000-0000-0000-000000000000', '799ba13b-d22d-4fc4-bfaa-aed428441203', '{"action":"login","actor_id":"06d6fe74-d185-4dda-bf92-f83d9f6db3f1","actor_username":"davidnunez635@gmail.com","actor_via_sso":false,"log_type":"account","traits":{"provider":"email"}}', '2024-03-12 11:44:59.335986-07', ''),
	('00000000-0000-0000-0000-000000000000', 'e294917b-2658-420c-ae9f-dc023a2e281e', '{"action":"login","actor_id":"06d6fe74-d185-4dda-bf92-f83d9f6db3f1","actor_username":"davidnunez635@gmail.com","actor_via_sso":false,"log_type":"account","traits":{"provider":"email"}}', '2024-03-12 11:53:15.009057-07', ''),
	('00000000-0000-0000-0000-000000000000', '1e024f78-d4ff-4083-a1b5-87741c92ba7a', '{"action":"login","actor_id":"06d6fe74-d185-4dda-bf92-f83d9f6db3f1","actor_username":"davidnunez635@gmail.com","actor_via_sso":false,"log_type":"account","traits":{"provider":"email"}}', '2024-03-12 12:59:40.802771-07', ''),
	('00000000-0000-0000-0000-000000000000', '5addda9a-bdbf-40c7-8de7-329b3a8e331a', '{"action":"login","actor_id":"06d6fe74-d185-4dda-bf92-f83d9f6db3f1","actor_username":"davidnunez635@gmail.com","actor_via_sso":false,"log_type":"account","traits":{"provider":"email"}}', '2024-03-12 13:02:18.610572-07', ''),
	('00000000-0000-0000-0000-000000000000', '0b1eca33-c5d8-4342-b3bb-f869a30416c7', '{"action":"token_refreshed","actor_id":"06d6fe74-d185-4dda-bf92-f83d9f6db3f1","actor_username":"davidnunez635@gmail.com","actor_via_sso":false,"log_type":"token"}', '2024-03-12 13:33:30.47909-07', ''),
	('00000000-0000-0000-0000-000000000000', '82343228-ccac-47c4-8826-bbcd98b94d0c', '{"action":"token_revoked","actor_id":"06d6fe74-d185-4dda-bf92-f83d9f6db3f1","actor_username":"davidnunez635@gmail.com","actor_via_sso":false,"log_type":"token"}', '2024-03-12 13:33:30.479631-07', ''),
	('00000000-0000-0000-0000-000000000000', '6d04fcd3-b856-4459-8d9d-2af4facb6ff8', '{"action":"login","actor_id":"06d6fe74-d185-4dda-bf92-f83d9f6db3f1","actor_username":"davidnunez635@gmail.com","actor_via_sso":false,"log_type":"account","traits":{"provider":"email"}}', '2024-03-12 14:35:54.480961-07', ''),
	('00000000-0000-0000-0000-000000000000', 'c758feba-95f8-47a0-b1ad-e183215febc0', '{"action":"user_confirmation_requested","actor_id":"22957dd1-a482-4e43-bb51-9eb300af9d0f","actor_username":"a220200653@unison.mx","actor_via_sso":false,"log_type":"user","traits":{"provider":"email"}}', '2024-03-13 09:39:32.416607-07', ''),
	('00000000-0000-0000-0000-000000000000', 'dbdba714-79a8-4002-9bf0-6ae90dfee418', '{"action":"user_signedup","actor_id":"22957dd1-a482-4e43-bb51-9eb300af9d0f","actor_username":"a220200653@unison.mx","actor_via_sso":false,"log_type":"team"}', '2024-03-13 09:42:37.984456-07', ''),
	('00000000-0000-0000-0000-000000000000', '0e6957f8-527d-4594-bdc8-4634054d228e', '{"action":"login","actor_id":"acd1d671-68f3-4e94-ae01-fc0633509896","actor_username":"luisdevv232@gmail.com","actor_via_sso":false,"log_type":"account","traits":{"provider":"email"}}', '2024-03-13 09:44:35.295616-07', ''),
	('00000000-0000-0000-0000-000000000000', '96414a8f-236b-4e92-bce7-d36872628b2a', '{"action":"logout","actor_id":"acd1d671-68f3-4e94-ae01-fc0633509896","actor_username":"luisdevv232@gmail.com","actor_via_sso":false,"log_type":"account"}', '2024-03-13 10:23:10.75968-07', ''),
	('00000000-0000-0000-0000-000000000000', '56a686dc-4b95-41e0-994b-88bcf5724aea', '{"action":"login","actor_id":"06d6fe74-d185-4dda-bf92-f83d9f6db3f1","actor_username":"davidnunez635@gmail.com","actor_via_sso":false,"log_type":"account","traits":{"provider":"email"}}', '2024-03-16 19:25:23.021689-07', ''),
	('00000000-0000-0000-0000-000000000000', '78ce75b5-b6c9-4ef2-b4b7-f3a1599d5b85', '{"action":"login","actor_id":"06d6fe74-d185-4dda-bf92-f83d9f6db3f1","actor_username":"davidnunez635@gmail.com","actor_via_sso":false,"log_type":"account","traits":{"provider":"email"}}', '2024-03-16 19:39:24.944804-07', ''),
	('00000000-0000-0000-0000-000000000000', '4c766dde-d635-48c6-966d-dc95043879fa', '{"action":"login","actor_id":"06d6fe74-d185-4dda-bf92-f83d9f6db3f1","actor_username":"davidnunez635@gmail.com","actor_via_sso":false,"log_type":"account","traits":{"provider":"email"}}', '2024-03-16 20:22:38.024274-07', ''),
	('00000000-0000-0000-0000-000000000000', '106b1607-1a28-4ad5-a3d4-c855766a7b7e', '{"action":"login","actor_id":"06d6fe74-d185-4dda-bf92-f83d9f6db3f1","actor_username":"davidnunez635@gmail.com","actor_via_sso":false,"log_type":"account","traits":{"provider":"email"}}', '2024-03-16 20:43:45.191411-07', ''),
	('00000000-0000-0000-0000-000000000000', '749fbd54-97bb-4935-b7a0-710a0508fd24', '{"action":"token_refreshed","actor_id":"06d6fe74-d185-4dda-bf92-f83d9f6db3f1","actor_username":"davidnunez635@gmail.com","actor_via_sso":false,"log_type":"token"}', '2024-03-16 20:46:10.980327-07', ''),
	('00000000-0000-0000-0000-000000000000', 'c6abe61a-2721-48ae-b568-6cc2f0844546', '{"action":"token_revoked","actor_id":"06d6fe74-d185-4dda-bf92-f83d9f6db3f1","actor_username":"davidnunez635@gmail.com","actor_via_sso":false,"log_type":"token"}', '2024-03-16 20:46:10.980932-07', ''),
	('00000000-0000-0000-0000-000000000000', '55ce9bf7-30ba-48c6-924d-464b158dd4f5', '{"action":"login","actor_id":"06d6fe74-d185-4dda-bf92-f83d9f6db3f1","actor_username":"davidnunez635@gmail.com","actor_via_sso":false,"log_type":"account","traits":{"provider":"email"}}', '2024-03-16 21:29:05.085073-07', ''),
	('00000000-0000-0000-0000-000000000000', '7fbbc0e5-084f-4a35-9e6d-115fb4a42d32', '{"action":"login","actor_id":"06d6fe74-d185-4dda-bf92-f83d9f6db3f1","actor_username":"davidnunez635@gmail.com","actor_via_sso":false,"log_type":"account","traits":{"provider":"email"}}', '2024-03-16 21:40:36.548555-07', ''),
	('00000000-0000-0000-0000-000000000000', 'e60adbf2-5634-4f84-b227-fb8d135b11bd', '{"action":"login","actor_id":"06d6fe74-d185-4dda-bf92-f83d9f6db3f1","actor_username":"davidnunez635@gmail.com","actor_via_sso":false,"log_type":"account","traits":{"provider":"email"}}', '2024-03-16 22:10:11.742151-07', ''),
	('00000000-0000-0000-0000-000000000000', '7a304398-9684-4585-b782-bd1e277522b6', '{"action":"login","actor_id":"06d6fe74-d185-4dda-bf92-f83d9f6db3f1","actor_username":"davidnunez635@gmail.com","actor_via_sso":false,"log_type":"account","traits":{"provider":"email"}}', '2024-03-16 22:12:10.966536-07', ''),
	('00000000-0000-0000-0000-000000000000', '5660a457-ae79-4a5e-9b49-1e17b9f199ba', '{"action":"login","actor_id":"06d6fe74-d185-4dda-bf92-f83d9f6db3f1","actor_username":"davidnunez635@gmail.com","actor_via_sso":false,"log_type":"account","traits":{"provider":"email"}}', '2024-03-16 22:29:34.13956-07', ''),
	('00000000-0000-0000-0000-000000000000', 'e52b73da-8976-48cc-839b-9cc1e7692d17', '{"action":"login","actor_id":"06d6fe74-d185-4dda-bf92-f83d9f6db3f1","actor_username":"davidnunez635@gmail.com","actor_via_sso":false,"log_type":"account","traits":{"provider":"email"}}', '2024-03-16 23:19:34.629957-07', ''),
	('00000000-0000-0000-0000-000000000000', '0de11f59-f956-498e-a193-9dec91f6bec8', '{"action":"token_refreshed","actor_id":"06d6fe74-d185-4dda-bf92-f83d9f6db3f1","actor_username":"davidnunez635@gmail.com","actor_via_sso":false,"log_type":"token"}', '2024-03-16 23:25:47.709517-07', ''),
	('00000000-0000-0000-0000-000000000000', '3797662c-8757-4a28-aedc-f74e997d338c', '{"action":"token_revoked","actor_id":"06d6fe74-d185-4dda-bf92-f83d9f6db3f1","actor_username":"davidnunez635@gmail.com","actor_via_sso":false,"log_type":"token"}', '2024-03-16 23:25:47.710133-07', ''),
	('00000000-0000-0000-0000-000000000000', '331fbf9b-5db0-4817-9696-9bde0a9fb875', '{"action":"token_refreshed","actor_id":"06d6fe74-d185-4dda-bf92-f83d9f6db3f1","actor_username":"davidnunez635@gmail.com","actor_via_sso":false,"log_type":"token"}', '2024-03-17 00:17:38.096185-07', ''),
	('00000000-0000-0000-0000-000000000000', '5e8e5b04-5e59-4f9d-8d42-921e1a251b14', '{"action":"token_revoked","actor_id":"06d6fe74-d185-4dda-bf92-f83d9f6db3f1","actor_username":"davidnunez635@gmail.com","actor_via_sso":false,"log_type":"token"}', '2024-03-17 00:17:38.096772-07', ''),
	('00000000-0000-0000-0000-000000000000', 'fb3d7501-c756-48f0-a7c8-b037d254ef59', '{"action":"logout","actor_id":"06d6fe74-d185-4dda-bf92-f83d9f6db3f1","actor_username":"davidnunez635@gmail.com","actor_via_sso":false,"log_type":"account"}', '2024-03-17 01:00:53.775581-07', ''),
	('00000000-0000-0000-0000-000000000000', '0f818a38-9c54-4ad1-a4f0-373964e9c0fa', '{"action":"login","actor_id":"06d6fe74-d185-4dda-bf92-f83d9f6db3f1","actor_username":"davidnunez635@gmail.com","actor_via_sso":false,"log_type":"account","traits":{"provider":"email"}}', '2024-03-17 01:47:46.53027-07', ''),
	('00000000-0000-0000-0000-000000000000', 'df4f6260-556a-4289-a9bf-26088e1c4694', '{"action":"login","actor_id":"06d6fe74-d185-4dda-bf92-f83d9f6db3f1","actor_username":"davidnunez635@gmail.com","actor_via_sso":false,"log_type":"account","traits":{"provider":"email"}}', '2024-03-17 02:10:44.544395-07', ''),
	('00000000-0000-0000-0000-000000000000', 'e7bd7f5e-8629-40d8-b71d-89218bdb9bc9', '{"action":"token_refreshed","actor_id":"06d6fe74-d185-4dda-bf92-f83d9f6db3f1","actor_username":"davidnunez635@gmail.com","actor_via_sso":false,"log_type":"token"}', '2024-03-17 14:13:22.569819-07', ''),
	('00000000-0000-0000-0000-000000000000', '93587bf6-1da6-493d-857e-582d5d1087cc', '{"action":"token_revoked","actor_id":"06d6fe74-d185-4dda-bf92-f83d9f6db3f1","actor_username":"davidnunez635@gmail.com","actor_via_sso":false,"log_type":"token"}', '2024-03-17 14:13:22.570458-07', ''),
	('00000000-0000-0000-0000-000000000000', 'ca01a32b-5bf5-4987-bea6-ea3438b7dd61', '{"action":"login","actor_id":"06d6fe74-d185-4dda-bf92-f83d9f6db3f1","actor_username":"davidnunez635@gmail.com","actor_via_sso":false,"log_type":"account","traits":{"provider":"email"}}', '2024-03-17 14:13:32.114857-07', ''),
	('00000000-0000-0000-0000-000000000000', 'def5dcac-65c9-4793-b7ad-c83406f6baf3', '{"action":"login","actor_id":"acd1d671-68f3-4e94-ae01-fc0633509896","actor_username":"luisdevv232@gmail.com","actor_via_sso":false,"log_type":"account","traits":{"provider":"email"}}', '2024-03-18 22:01:56.665043-07', ''),
	('00000000-0000-0000-0000-000000000000', '4e7a97b5-a6ab-4df7-9af4-062b91131bc0', '{"action":"logout","actor_id":"acd1d671-68f3-4e94-ae01-fc0633509896","actor_username":"luisdevv232@gmail.com","actor_via_sso":false,"log_type":"account"}', '2024-03-18 22:02:51.488875-07', ''),
	('00000000-0000-0000-0000-000000000000', 'b5da86ee-3480-4327-b948-148b147f7a4f', '{"action":"token_refreshed","actor_id":"06d6fe74-d185-4dda-bf92-f83d9f6db3f1","actor_username":"davidnunez635@gmail.com","actor_via_sso":false,"log_type":"token"}', '2024-03-19 13:46:06.269923-07', ''),
	('00000000-0000-0000-0000-000000000000', '622cc171-ad57-4494-b29b-7a15d0e03bfd', '{"action":"token_revoked","actor_id":"06d6fe74-d185-4dda-bf92-f83d9f6db3f1","actor_username":"davidnunez635@gmail.com","actor_via_sso":false,"log_type":"token"}', '2024-03-19 13:46:06.271836-07', ''),
	('00000000-0000-0000-0000-000000000000', '29c1c20c-fd45-4097-a316-e9f1d8ced109', '{"action":"login","actor_id":"06d6fe74-d185-4dda-bf92-f83d9f6db3f1","actor_username":"davidnunez635@gmail.com","actor_via_sso":false,"log_type":"account","traits":{"provider":"email"}}', '2024-03-19 13:46:12.164696-07', ''),
	('00000000-0000-0000-0000-000000000000', '843ea8d8-9282-4f28-a1f6-9d9621767f7b', '{"action":"login","actor_id":"e6fc595d-2e1f-4cd1-8d9f-72783645aac4","actor_username":"jaredbarojas90@gmail.com","actor_via_sso":false,"log_type":"account","traits":{"provider":"email"}}', '2024-03-21 20:46:50.567577-07', ''),
	('00000000-0000-0000-0000-000000000000', '6b649804-544f-4fdb-afe9-b8aa49f61028', '{"action":"login","actor_id":"d3cf5372-8388-48f2-b9e8-5e94269ec671","actor_username":"karolina14badilla@gmail.com","actor_via_sso":false,"log_type":"account","traits":{"provider":"email"}}', '2024-03-21 21:09:38.894219-07', ''),
	('00000000-0000-0000-0000-000000000000', '6e9c4d7a-473f-4bf9-87b1-c30414683287', '{"action":"logout","actor_id":"d3cf5372-8388-48f2-b9e8-5e94269ec671","actor_username":"karolina14badilla@gmail.com","actor_via_sso":false,"log_type":"account"}', '2024-03-21 22:07:06.950109-07', ''),
	('00000000-0000-0000-0000-000000000000', '662acb9a-9414-419b-9876-8eba1e0c1cfb', '{"action":"login","actor_id":"d3cf5372-8388-48f2-b9e8-5e94269ec671","actor_username":"karolina14badilla@gmail.com","actor_via_sso":false,"log_type":"account","traits":{"provider":"email"}}', '2024-03-21 22:46:30.813335-07', ''),
	('00000000-0000-0000-0000-000000000000', '80552e52-3758-40f0-b277-0dfddf332fed', '{"action":"login","actor_id":"acd1d671-68f3-4e94-ae01-fc0633509896","actor_username":"luisdevv232@gmail.com","actor_via_sso":false,"log_type":"account","traits":{"provider":"email"}}', '2024-03-23 20:02:55.882908-07', ''),
	('00000000-0000-0000-0000-000000000000', '5e3fab6c-3814-42e8-8228-f41c3c0d1d05', '{"action":"token_refreshed","actor_id":"acd1d671-68f3-4e94-ae01-fc0633509896","actor_username":"luisdevv232@gmail.com","actor_via_sso":false,"log_type":"token"}', '2024-03-25 21:21:36.624314-07', ''),
	('00000000-0000-0000-0000-000000000000', 'fa21e186-ba26-4084-ad34-4316eb690209', '{"action":"token_revoked","actor_id":"acd1d671-68f3-4e94-ae01-fc0633509896","actor_username":"luisdevv232@gmail.com","actor_via_sso":false,"log_type":"token"}', '2024-03-25 21:21:36.637293-07', ''),
	('00000000-0000-0000-0000-000000000000', 'abe0667c-d025-4064-bbb8-2eaea24c518f', '{"action":"token_refreshed","actor_id":"acd1d671-68f3-4e94-ae01-fc0633509896","actor_username":"luisdevv232@gmail.com","actor_via_sso":false,"log_type":"token"}', '2024-03-25 22:19:47.737708-07', ''),
	('00000000-0000-0000-0000-000000000000', 'b549b6b0-5029-4087-9ea7-4f4eaf6a62bb', '{"action":"token_revoked","actor_id":"acd1d671-68f3-4e94-ae01-fc0633509896","actor_username":"luisdevv232@gmail.com","actor_via_sso":false,"log_type":"token"}', '2024-03-25 22:19:47.738747-07', ''),
	('00000000-0000-0000-0000-000000000000', '033c908c-3c1b-471c-b979-1f0fcc0500bf', '{"action":"logout","actor_id":"acd1d671-68f3-4e94-ae01-fc0633509896","actor_username":"luisdevv232@gmail.com","actor_via_sso":false,"log_type":"account"}', '2024-03-25 22:26:28.346094-07', ''),
	('00000000-0000-0000-0000-000000000000', 'b1a21d41-6f1d-4d23-9f90-9144a902a6e6', '{"action":"login","actor_id":"acd1d671-68f3-4e94-ae01-fc0633509896","actor_username":"luisdevv232@gmail.com","actor_via_sso":false,"log_type":"account","traits":{"provider":"email"}}', '2024-03-25 22:46:54.386895-07', ''),
	('00000000-0000-0000-0000-000000000000', '14d0f971-9e5c-4ae0-af29-4376f8924737', '{"action":"logout","actor_id":"acd1d671-68f3-4e94-ae01-fc0633509896","actor_username":"luisdevv232@gmail.com","actor_via_sso":false,"log_type":"account"}', '2024-03-25 22:48:06.516043-07', ''),
	('00000000-0000-0000-0000-000000000000', 'aa13da04-e72d-4c71-9303-120770a87d80', '{"action":"login","actor_id":"acd1d671-68f3-4e94-ae01-fc0633509896","actor_username":"luisdevv232@gmail.com","actor_via_sso":false,"log_type":"account","traits":{"provider":"email"}}', '2024-03-25 22:49:07.933644-07', ''),
	('00000000-0000-0000-0000-000000000000', '88f381ef-70bf-44fd-a36c-05d168e6f8a6', '{"action":"token_refreshed","actor_id":"acd1d671-68f3-4e94-ae01-fc0633509896","actor_username":"luisdevv232@gmail.com","actor_via_sso":false,"log_type":"token"}', '2024-03-27 14:15:49.767595-07', ''),
	('00000000-0000-0000-0000-000000000000', 'bd2ba9e2-eca0-4938-ab76-699889978dea', '{"action":"token_revoked","actor_id":"acd1d671-68f3-4e94-ae01-fc0633509896","actor_username":"luisdevv232@gmail.com","actor_via_sso":false,"log_type":"token"}', '2024-03-27 14:15:49.779949-07', ''),
	('00000000-0000-0000-0000-000000000000', 'c00dde02-0802-4392-b0e2-357010a921cb', '{"action":"token_refreshed","actor_id":"acd1d671-68f3-4e94-ae01-fc0633509896","actor_username":"luisdevv232@gmail.com","actor_via_sso":false,"log_type":"token"}', '2024-03-27 15:13:58.902231-07', ''),
	('00000000-0000-0000-0000-000000000000', 'aae3d87c-53c2-450a-8c24-c8b81a98ec43', '{"action":"token_revoked","actor_id":"acd1d671-68f3-4e94-ae01-fc0633509896","actor_username":"luisdevv232@gmail.com","actor_via_sso":false,"log_type":"token"}', '2024-03-27 15:13:58.907272-07', ''),
	('00000000-0000-0000-0000-000000000000', '9233ddce-c6c4-4caa-b92a-be3e2be5d218', '{"action":"token_refreshed","actor_id":"acd1d671-68f3-4e94-ae01-fc0633509896","actor_username":"luisdevv232@gmail.com","actor_via_sso":false,"log_type":"token"}', '2024-03-27 16:55:23.028435-07', ''),
	('00000000-0000-0000-0000-000000000000', '41961319-94f0-4484-8729-c69cb7bd82c6', '{"action":"token_revoked","actor_id":"acd1d671-68f3-4e94-ae01-fc0633509896","actor_username":"luisdevv232@gmail.com","actor_via_sso":false,"log_type":"token"}', '2024-03-27 16:55:23.029038-07', ''),
	('00000000-0000-0000-0000-000000000000', '748d9a7e-9469-4746-8b34-33c846a9871f', '{"action":"logout","actor_id":"acd1d671-68f3-4e94-ae01-fc0633509896","actor_username":"luisdevv232@gmail.com","actor_via_sso":false,"log_type":"account"}', '2024-03-27 16:55:37.3632-07', ''),
	('00000000-0000-0000-0000-000000000000', 'd5c0463a-ee53-46c9-82ed-08d831a9901d', '{"action":"login","actor_id":"acd1d671-68f3-4e94-ae01-fc0633509896","actor_username":"luisdevv232@gmail.com","actor_via_sso":false,"log_type":"account","traits":{"provider":"email"}}', '2024-03-27 16:55:47.783473-07', ''),
	('00000000-0000-0000-0000-000000000000', 'a58629d0-0181-4dde-9511-006ba22d35ac', '{"action":"logout","actor_id":"acd1d671-68f3-4e94-ae01-fc0633509896","actor_username":"luisdevv232@gmail.com","actor_via_sso":false,"log_type":"account"}', '2024-03-27 16:59:38.022331-07', ''),
	('00000000-0000-0000-0000-000000000000', 'a75ebb58-aa0f-4878-88c1-f819c3c88a3d', '{"action":"login","actor_id":"acd1d671-68f3-4e94-ae01-fc0633509896","actor_username":"luisdevv232@gmail.com","actor_via_sso":false,"log_type":"account","traits":{"provider":"email"}}', '2024-03-27 16:59:47.577167-07', ''),
	('00000000-0000-0000-0000-000000000000', '6a5fc73f-7985-4673-9b26-409107c5daa6', '{"action":"token_refreshed","actor_id":"acd1d671-68f3-4e94-ae01-fc0633509896","actor_username":"luisdevv232@gmail.com","actor_via_sso":false,"log_type":"token"}', '2024-03-27 18:03:45.941892-07', ''),
	('00000000-0000-0000-0000-000000000000', '7359adc8-1c29-4d50-b0d0-7180049a5635', '{"action":"token_revoked","actor_id":"acd1d671-68f3-4e94-ae01-fc0633509896","actor_username":"luisdevv232@gmail.com","actor_via_sso":false,"log_type":"token"}', '2024-03-27 18:03:45.94418-07', ''),
	('00000000-0000-0000-0000-000000000000', '5147f629-5d49-4d8b-a91e-47070eac39a7', '{"action":"token_refreshed","actor_id":"acd1d671-68f3-4e94-ae01-fc0633509896","actor_username":"luisdevv232@gmail.com","actor_via_sso":false,"log_type":"token"}', '2024-03-27 19:01:46.970649-07', ''),
	('00000000-0000-0000-0000-000000000000', '3681ed38-f2e8-47b4-8939-411347864536', '{"action":"token_revoked","actor_id":"acd1d671-68f3-4e94-ae01-fc0633509896","actor_username":"luisdevv232@gmail.com","actor_via_sso":false,"log_type":"token"}', '2024-03-27 19:01:46.971273-07', ''),
	('00000000-0000-0000-0000-000000000000', '96c8b240-8a88-495c-8df2-6250ed292cd6', '{"action":"token_refreshed","actor_id":"acd1d671-68f3-4e94-ae01-fc0633509896","actor_username":"luisdevv232@gmail.com","actor_via_sso":false,"log_type":"token"}', '2024-03-27 20:00:07.391608-07', ''),
	('00000000-0000-0000-0000-000000000000', '935b036f-1ab7-490b-b7c4-d1fc859787c8', '{"action":"token_revoked","actor_id":"acd1d671-68f3-4e94-ae01-fc0633509896","actor_username":"luisdevv232@gmail.com","actor_via_sso":false,"log_type":"token"}', '2024-03-27 20:00:07.39218-07', ''),
	('00000000-0000-0000-0000-000000000000', 'de377c75-2855-4927-836d-94892a28325a', '{"action":"token_refreshed","actor_id":"acd1d671-68f3-4e94-ae01-fc0633509896","actor_username":"luisdevv232@gmail.com","actor_via_sso":false,"log_type":"token"}', '2024-03-27 20:58:12.460008-07', ''),
	('00000000-0000-0000-0000-000000000000', '938dcf71-e16f-4c2a-a1a1-e1b8c650592c', '{"action":"token_revoked","actor_id":"acd1d671-68f3-4e94-ae01-fc0633509896","actor_username":"luisdevv232@gmail.com","actor_via_sso":false,"log_type":"token"}', '2024-03-27 20:58:12.474831-07', ''),
	('00000000-0000-0000-0000-000000000000', '1b1e14d6-0495-466d-9126-a8f029e5b98a', '{"action":"token_refreshed","actor_id":"acd1d671-68f3-4e94-ae01-fc0633509896","actor_username":"luisdevv232@gmail.com","actor_via_sso":false,"log_type":"token"}', '2024-03-27 21:56:36.657021-07', ''),
	('00000000-0000-0000-0000-000000000000', '2506406e-c2d4-4956-aabb-e25714ce3853', '{"action":"token_revoked","actor_id":"acd1d671-68f3-4e94-ae01-fc0633509896","actor_username":"luisdevv232@gmail.com","actor_via_sso":false,"log_type":"token"}', '2024-03-27 21:56:36.658468-07', ''),
	('00000000-0000-0000-0000-000000000000', 'd7bfc43c-815b-4871-9c4e-69813d18bc0d', '{"action":"token_refreshed","actor_id":"acd1d671-68f3-4e94-ae01-fc0633509896","actor_username":"luisdevv232@gmail.com","actor_via_sso":false,"log_type":"token"}', '2024-03-27 23:21:05.402767-07', ''),
	('00000000-0000-0000-0000-000000000000', 'd78ba62c-d0ce-4f45-bf75-dfe14585e930', '{"action":"token_revoked","actor_id":"acd1d671-68f3-4e94-ae01-fc0633509896","actor_username":"luisdevv232@gmail.com","actor_via_sso":false,"log_type":"token"}', '2024-03-27 23:21:05.408938-07', ''),
	('00000000-0000-0000-0000-000000000000', '3e5e0a35-76ff-41b4-92ab-f5513452adf3', '{"action":"token_refreshed","actor_id":"acd1d671-68f3-4e94-ae01-fc0633509896","actor_username":"luisdevv232@gmail.com","actor_via_sso":false,"log_type":"token"}', '2024-03-28 00:19:32.946442-07', ''),
	('00000000-0000-0000-0000-000000000000', 'edaac244-deac-4fb0-9b3f-45e1a376624c', '{"action":"token_revoked","actor_id":"acd1d671-68f3-4e94-ae01-fc0633509896","actor_username":"luisdevv232@gmail.com","actor_via_sso":false,"log_type":"token"}', '2024-03-28 00:19:32.947021-07', ''),
	('00000000-0000-0000-0000-000000000000', '59f76fd2-c8d3-4b88-b0b0-00f9d89b1ec4', '{"action":"token_refreshed","actor_id":"acd1d671-68f3-4e94-ae01-fc0633509896","actor_username":"luisdevv232@gmail.com","actor_via_sso":false,"log_type":"token"}', '2024-03-28 13:23:06.101603-07', ''),
	('00000000-0000-0000-0000-000000000000', '3994e443-41b2-445b-a3ec-753312e43233', '{"action":"token_revoked","actor_id":"acd1d671-68f3-4e94-ae01-fc0633509896","actor_username":"luisdevv232@gmail.com","actor_via_sso":false,"log_type":"token"}', '2024-03-28 13:23:06.102191-07', ''),
	('00000000-0000-0000-0000-000000000000', '29dd5082-ce52-4aa2-a51e-aa2a1e253153', '{"action":"token_refreshed","actor_id":"acd1d671-68f3-4e94-ae01-fc0633509896","actor_username":"luisdevv232@gmail.com","actor_via_sso":false,"log_type":"token"}', '2024-03-28 14:33:29.856045-07', ''),
	('00000000-0000-0000-0000-000000000000', '2b18046a-ec7b-42d6-aac3-d197ab50c380', '{"action":"token_revoked","actor_id":"acd1d671-68f3-4e94-ae01-fc0633509896","actor_username":"luisdevv232@gmail.com","actor_via_sso":false,"log_type":"token"}', '2024-03-28 14:33:29.858594-07', ''),
	('00000000-0000-0000-0000-000000000000', 'b112f6a5-93e8-43e5-bbe3-ad88b0aa600b', '{"action":"token_refreshed","actor_id":"acd1d671-68f3-4e94-ae01-fc0633509896","actor_username":"luisdevv232@gmail.com","actor_via_sso":false,"log_type":"token"}', '2024-03-28 15:31:32.696504-07', ''),
	('00000000-0000-0000-0000-000000000000', 'a14f2028-3e7e-4329-bbd8-7224afb9a2ef', '{"action":"token_revoked","actor_id":"acd1d671-68f3-4e94-ae01-fc0633509896","actor_username":"luisdevv232@gmail.com","actor_via_sso":false,"log_type":"token"}', '2024-03-28 15:31:32.697616-07', ''),
	('00000000-0000-0000-0000-000000000000', 'e973f1a4-df28-4bb9-869b-0f460ab477a1', '{"action":"token_refreshed","actor_id":"acd1d671-68f3-4e94-ae01-fc0633509896","actor_username":"luisdevv232@gmail.com","actor_via_sso":false,"log_type":"token"}', '2024-03-28 16:29:59.395264-07', ''),
	('00000000-0000-0000-0000-000000000000', '43e7c5fd-ccf3-494f-83d3-888cbfc5648a', '{"action":"token_revoked","actor_id":"acd1d671-68f3-4e94-ae01-fc0633509896","actor_username":"luisdevv232@gmail.com","actor_via_sso":false,"log_type":"token"}', '2024-03-28 16:29:59.395866-07', ''),
	('00000000-0000-0000-0000-000000000000', '73f6c5b1-c0ad-4d9e-80a6-a88e41d461f5', '{"action":"token_refreshed","actor_id":"acd1d671-68f3-4e94-ae01-fc0633509896","actor_username":"luisdevv232@gmail.com","actor_via_sso":false,"log_type":"token"}', '2024-03-28 17:28:28.848763-07', ''),
	('00000000-0000-0000-0000-000000000000', '5f2e4d6d-75c0-4d19-b1fb-1f389d0441c3', '{"action":"token_revoked","actor_id":"acd1d671-68f3-4e94-ae01-fc0633509896","actor_username":"luisdevv232@gmail.com","actor_via_sso":false,"log_type":"token"}', '2024-03-28 17:28:28.849384-07', ''),
	('00000000-0000-0000-0000-000000000000', 'faf1c143-8267-4ba2-8949-d8e0cbd2a26a', '{"action":"token_refreshed","actor_id":"acd1d671-68f3-4e94-ae01-fc0633509896","actor_username":"luisdevv232@gmail.com","actor_via_sso":false,"log_type":"token"}', '2024-03-28 18:26:58.909931-07', ''),
	('00000000-0000-0000-0000-000000000000', '957815ee-c308-42e8-9449-7152f5ab420f', '{"action":"token_revoked","actor_id":"acd1d671-68f3-4e94-ae01-fc0633509896","actor_username":"luisdevv232@gmail.com","actor_via_sso":false,"log_type":"token"}', '2024-03-28 18:26:58.910493-07', ''),
	('00000000-0000-0000-0000-000000000000', '6d8473f3-916e-4722-b3c7-0bea858b55da', '{"action":"token_refreshed","actor_id":"acd1d671-68f3-4e94-ae01-fc0633509896","actor_username":"luisdevv232@gmail.com","actor_via_sso":false,"log_type":"token"}', '2024-03-28 19:25:02.464892-07', ''),
	('00000000-0000-0000-0000-000000000000', '2fe037b6-01bc-476a-9c30-afa0fdd680e3', '{"action":"token_revoked","actor_id":"acd1d671-68f3-4e94-ae01-fc0633509896","actor_username":"luisdevv232@gmail.com","actor_via_sso":false,"log_type":"token"}', '2024-03-28 19:25:02.46546-07', ''),
	('00000000-0000-0000-0000-000000000000', 'd3610ccf-9228-4fa5-afcd-013fcb31efe9', '{"action":"token_refreshed","actor_id":"acd1d671-68f3-4e94-ae01-fc0633509896","actor_username":"luisdevv232@gmail.com","actor_via_sso":false,"log_type":"token"}', '2024-03-28 20:39:51.623473-07', ''),
	('00000000-0000-0000-0000-000000000000', '698cd0fc-c500-4b65-b905-b449184c66a1', '{"action":"token_revoked","actor_id":"acd1d671-68f3-4e94-ae01-fc0633509896","actor_username":"luisdevv232@gmail.com","actor_via_sso":false,"log_type":"token"}', '2024-03-28 20:39:51.624075-07', ''),
	('00000000-0000-0000-0000-000000000000', '43a5c2c5-c2f6-455f-9b3e-6e68e3b85d4f', '{"action":"token_refreshed","actor_id":"acd1d671-68f3-4e94-ae01-fc0633509896","actor_username":"luisdevv232@gmail.com","actor_via_sso":false,"log_type":"token"}', '2024-03-28 21:37:53.512294-07', ''),
	('00000000-0000-0000-0000-000000000000', '18368d5b-70de-493f-9995-43fe4917aa8a', '{"action":"token_revoked","actor_id":"acd1d671-68f3-4e94-ae01-fc0633509896","actor_username":"luisdevv232@gmail.com","actor_via_sso":false,"log_type":"token"}', '2024-03-28 21:37:53.51283-07', ''),
	('00000000-0000-0000-0000-000000000000', '79762d1a-8304-4f09-b5ee-09f3e804d88f', '{"action":"token_refreshed","actor_id":"acd1d671-68f3-4e94-ae01-fc0633509896","actor_username":"luisdevv232@gmail.com","actor_via_sso":false,"log_type":"token"}', '2024-03-28 22:40:02.736876-07', ''),
	('00000000-0000-0000-0000-000000000000', '99613ea5-7b46-469d-b383-053444da0861', '{"action":"token_revoked","actor_id":"acd1d671-68f3-4e94-ae01-fc0633509896","actor_username":"luisdevv232@gmail.com","actor_via_sso":false,"log_type":"token"}', '2024-03-28 22:40:02.737419-07', ''),
	('00000000-0000-0000-0000-000000000000', '2b0b345f-599f-49a6-9c7c-e3f1e4b028dc', '{"action":"token_refreshed","actor_id":"acd1d671-68f3-4e94-ae01-fc0633509896","actor_username":"luisdevv232@gmail.com","actor_via_sso":false,"log_type":"token"}', '2024-03-28 23:38:45.867308-07', ''),
	('00000000-0000-0000-0000-000000000000', '5d1d77f6-a4c0-4d76-af59-f1e4219b1bbb', '{"action":"token_revoked","actor_id":"acd1d671-68f3-4e94-ae01-fc0633509896","actor_username":"luisdevv232@gmail.com","actor_via_sso":false,"log_type":"token"}', '2024-03-28 23:38:45.867888-07', ''),
	('00000000-0000-0000-0000-000000000000', 'addec19c-e4b9-48e4-b9a6-3ba954c07d8b', '{"action":"token_refreshed","actor_id":"acd1d671-68f3-4e94-ae01-fc0633509896","actor_username":"luisdevv232@gmail.com","actor_via_sso":false,"log_type":"token"}', '2024-03-29 12:55:51.646262-07', ''),
	('00000000-0000-0000-0000-000000000000', 'fbb708a0-cda9-4789-bc8e-72c06ec8bc85', '{"action":"token_revoked","actor_id":"acd1d671-68f3-4e94-ae01-fc0633509896","actor_username":"luisdevv232@gmail.com","actor_via_sso":false,"log_type":"token"}', '2024-03-29 12:55:51.647809-07', ''),
	('00000000-0000-0000-0000-000000000000', '696bc0a8-7ef5-44a3-adbf-d2bf0f7546df', '{"action":"logout","actor_id":"acd1d671-68f3-4e94-ae01-fc0633509896","actor_username":"luisdevv232@gmail.com","actor_via_sso":false,"log_type":"account"}', '2024-03-29 13:20:44.167501-07', ''),
	('00000000-0000-0000-0000-000000000000', '372db847-0547-4577-b74e-fa8a1a70e6d9', '{"action":"user_recovery_requested","actor_id":"b41d54c5-24ab-4a7d-95f5-2ae9f79cd23d","actor_username":"osunadaniel39@gmail.com","actor_via_sso":false,"log_type":"user"}', '2024-03-29 13:22:04.821743-07', ''),
	('00000000-0000-0000-0000-000000000000', 'b919b6a2-ab84-493a-aff4-3960caad0e18', '{"action":"login","actor_id":"b41d54c5-24ab-4a7d-95f5-2ae9f79cd23d","actor_username":"osunadaniel39@gmail.com","actor_via_sso":false,"log_type":"account"}', '2024-03-29 13:23:18.478729-07', ''),
	('00000000-0000-0000-0000-000000000000', 'c120aba4-3ca7-4132-8ddc-3e0eff2db129', '{"action":"user_updated_password","actor_id":"b41d54c5-24ab-4a7d-95f5-2ae9f79cd23d","actor_username":"osunadaniel39@gmail.com","actor_via_sso":false,"log_type":"user"}', '2024-03-29 13:23:37.723209-07', ''),
	('00000000-0000-0000-0000-000000000000', 'b0871dac-da21-49b7-9f57-f5cce87aa7aa', '{"action":"user_modified","actor_id":"b41d54c5-24ab-4a7d-95f5-2ae9f79cd23d","actor_username":"osunadaniel39@gmail.com","actor_via_sso":false,"log_type":"user"}', '2024-03-29 13:23:37.723845-07', ''),
	('00000000-0000-0000-0000-000000000000', '2022f9ff-b980-4ef4-8ede-5e99a9b08e33', '{"action":"login","actor_id":"b41d54c5-24ab-4a7d-95f5-2ae9f79cd23d","actor_username":"osunadaniel39@gmail.com","actor_via_sso":false,"log_type":"account","traits":{"provider":"email"}}', '2024-03-29 13:23:45.911223-07', ''),
	('00000000-0000-0000-0000-000000000000', '0c202388-d6a0-4e99-bb7a-a29199f45842', '{"action":"logout","actor_id":"b41d54c5-24ab-4a7d-95f5-2ae9f79cd23d","actor_username":"osunadaniel39@gmail.com","actor_via_sso":false,"log_type":"account"}', '2024-03-29 13:27:47.290257-07', ''),
	('00000000-0000-0000-0000-000000000000', 'cc34602c-2cf7-4fb0-9806-557f5c9d758b', '{"action":"login","actor_id":"acd1d671-68f3-4e94-ae01-fc0633509896","actor_username":"luisdevv232@gmail.com","actor_via_sso":false,"log_type":"account","traits":{"provider":"email"}}', '2024-03-29 13:27:56.440849-07', ''),
	('00000000-0000-0000-0000-000000000000', 'c4511351-71c3-4876-8aad-3d110c6a37c1', '{"action":"token_refreshed","actor_id":"acd1d671-68f3-4e94-ae01-fc0633509896","actor_username":"luisdevv232@gmail.com","actor_via_sso":false,"log_type":"token"}', '2024-03-29 14:29:07.557421-07', ''),
	('00000000-0000-0000-0000-000000000000', '6f1d7765-3eba-41a6-879e-8b2230fc7daf', '{"action":"token_revoked","actor_id":"acd1d671-68f3-4e94-ae01-fc0633509896","actor_username":"luisdevv232@gmail.com","actor_via_sso":false,"log_type":"token"}', '2024-03-29 14:29:07.558087-07', ''),
	('00000000-0000-0000-0000-000000000000', '78ca8800-7663-4ab2-a694-8c229796f741', '{"action":"token_refreshed","actor_id":"acd1d671-68f3-4e94-ae01-fc0633509896","actor_username":"luisdevv232@gmail.com","actor_via_sso":false,"log_type":"token"}', '2024-03-29 18:54:43.923236-07', ''),
	('00000000-0000-0000-0000-000000000000', '99ed0fba-9537-4feb-8def-340ab7969441', '{"action":"token_revoked","actor_id":"acd1d671-68f3-4e94-ae01-fc0633509896","actor_username":"luisdevv232@gmail.com","actor_via_sso":false,"log_type":"token"}', '2024-03-29 18:54:43.924336-07', ''),
	('00000000-0000-0000-0000-000000000000', '7688f186-5872-455f-ab32-6982668e17b2', '{"action":"logout","actor_id":"acd1d671-68f3-4e94-ae01-fc0633509896","actor_username":"luisdevv232@gmail.com","actor_via_sso":false,"log_type":"account"}', '2024-03-29 19:07:28.034569-07', ''),
	('00000000-0000-0000-0000-000000000000', '92a8edd7-8b2b-4bd5-a711-fcb5b1b19f13', '{"action":"login","actor_id":"b41d54c5-24ab-4a7d-95f5-2ae9f79cd23d","actor_username":"osunadaniel39@gmail.com","actor_via_sso":false,"log_type":"account","traits":{"provider":"email"}}', '2024-03-29 19:07:36.769619-07', ''),
	('00000000-0000-0000-0000-000000000000', 'ff6e0425-598f-4e55-9d48-a0bfcbbe5916', '{"action":"logout","actor_id":"b41d54c5-24ab-4a7d-95f5-2ae9f79cd23d","actor_username":"osunadaniel39@gmail.com","actor_via_sso":false,"log_type":"account"}', '2024-03-29 19:10:29.762367-07', ''),
	('00000000-0000-0000-0000-000000000000', '509424e8-84dc-48b4-a022-af98a0cf4e32', '{"action":"login","actor_id":"acd1d671-68f3-4e94-ae01-fc0633509896","actor_username":"luisdevv232@gmail.com","actor_via_sso":false,"log_type":"account","traits":{"provider":"email"}}', '2024-03-29 19:10:39.71053-07', ''),
	('00000000-0000-0000-0000-000000000000', 'a27a894c-5a78-48f4-8d3c-7f3509d1e2f3', '{"action":"logout","actor_id":"acd1d671-68f3-4e94-ae01-fc0633509896","actor_username":"luisdevv232@gmail.com","actor_via_sso":false,"log_type":"account"}', '2024-03-29 19:12:47.725513-07', ''),
	('00000000-0000-0000-0000-000000000000', '71ff954c-4f73-41b0-a6e3-5b1d5491b2d3', '{"action":"login","actor_id":"2961f497-101d-4dc4-92a5-998499d0d6a9","actor_username":"resostenidobusiness@gmail.com","actor_via_sso":false,"log_type":"account","traits":{"provider":"email"}}', '2024-03-29 19:12:57.886527-07', ''),
	('00000000-0000-0000-0000-000000000000', 'e0811669-f6d4-405d-9ce2-ed9669ee6a50', '{"action":"logout","actor_id":"2961f497-101d-4dc4-92a5-998499d0d6a9","actor_username":"resostenidobusiness@gmail.com","actor_via_sso":false,"log_type":"account"}', '2024-03-29 19:19:53.115506-07', ''),
	('00000000-0000-0000-0000-000000000000', '10253699-009c-4cfb-8608-a45d54a3a9f4', '{"action":"login","actor_id":"acd1d671-68f3-4e94-ae01-fc0633509896","actor_username":"luisdevv232@gmail.com","actor_via_sso":false,"log_type":"account","traits":{"provider":"email"}}', '2024-03-29 19:20:03.010881-07', ''),
	('00000000-0000-0000-0000-000000000000', '3b681f23-eb78-41bd-bb1a-3a9d6ae2edc0', '{"action":"token_refreshed","actor_id":"acd1d671-68f3-4e94-ae01-fc0633509896","actor_username":"luisdevv232@gmail.com","actor_via_sso":false,"log_type":"token"}', '2024-03-29 20:18:24.025238-07', ''),
	('00000000-0000-0000-0000-000000000000', '74e6cf2c-441c-43da-995d-6fad38202a10', '{"action":"token_revoked","actor_id":"acd1d671-68f3-4e94-ae01-fc0633509896","actor_username":"luisdevv232@gmail.com","actor_via_sso":false,"log_type":"token"}', '2024-03-29 20:18:24.025872-07', ''),
	('00000000-0000-0000-0000-000000000000', '979a734a-cd7c-4575-a574-89690a99a854', '{"action":"logout","actor_id":"acd1d671-68f3-4e94-ae01-fc0633509896","actor_username":"luisdevv232@gmail.com","actor_via_sso":false,"log_type":"account"}', '2024-03-29 20:44:06.856436-07', ''),
	('00000000-0000-0000-0000-000000000000', 'b804778f-8779-4550-a9fd-5b682745c20c', '{"action":"login","actor_id":"acd1d671-68f3-4e94-ae01-fc0633509896","actor_username":"luisdevv232@gmail.com","actor_via_sso":false,"log_type":"account","traits":{"provider":"email"}}', '2024-03-29 20:44:17.065522-07', ''),
	('00000000-0000-0000-0000-000000000000', '45026425-d859-4dfd-afd8-52186a0e7153', '{"action":"token_refreshed","actor_id":"acd1d671-68f3-4e94-ae01-fc0633509896","actor_username":"luisdevv232@gmail.com","actor_via_sso":false,"log_type":"token"}', '2024-03-29 21:42:29.952251-07', ''),
	('00000000-0000-0000-0000-000000000000', '7337d93e-fb8b-415b-a6eb-d3fdbc300b71', '{"action":"token_revoked","actor_id":"acd1d671-68f3-4e94-ae01-fc0633509896","actor_username":"luisdevv232@gmail.com","actor_via_sso":false,"log_type":"token"}', '2024-03-29 21:42:29.952829-07', ''),
	('00000000-0000-0000-0000-000000000000', 'd71085ce-c3dd-4794-8b2b-663d80b18907', '{"action":"token_refreshed","actor_id":"acd1d671-68f3-4e94-ae01-fc0633509896","actor_username":"luisdevv232@gmail.com","actor_via_sso":false,"log_type":"token"}', '2024-03-29 22:40:45.72125-07', ''),
	('00000000-0000-0000-0000-000000000000', '20a93a08-d794-4575-b07f-7d9c0822159c', '{"action":"token_revoked","actor_id":"acd1d671-68f3-4e94-ae01-fc0633509896","actor_username":"luisdevv232@gmail.com","actor_via_sso":false,"log_type":"token"}', '2024-03-29 22:40:45.721839-07', ''),
	('00000000-0000-0000-0000-000000000000', 'b2d9aaf8-4356-4947-9bf5-79d466c26623', '{"action":"token_refreshed","actor_id":"acd1d671-68f3-4e94-ae01-fc0633509896","actor_username":"luisdevv232@gmail.com","actor_via_sso":false,"log_type":"token"}', '2024-03-29 23:38:52.04817-07', ''),
	('00000000-0000-0000-0000-000000000000', '2cfdb336-eba5-4eea-9db0-03cbd8d33c57', '{"action":"token_revoked","actor_id":"acd1d671-68f3-4e94-ae01-fc0633509896","actor_username":"luisdevv232@gmail.com","actor_via_sso":false,"log_type":"token"}', '2024-03-29 23:38:52.04876-07', ''),
	('00000000-0000-0000-0000-000000000000', '25c0bb2a-4b03-47b3-a74e-02375af9f1df', '{"action":"logout","actor_id":"acd1d671-68f3-4e94-ae01-fc0633509896","actor_username":"luisdevv232@gmail.com","actor_via_sso":false,"log_type":"account"}', '2024-03-29 23:57:32.558727-07', ''),
	('00000000-0000-0000-0000-000000000000', 'ac87c7d1-1a80-4305-a4d9-54251c723947', '{"action":"login","actor_id":"b41d54c5-24ab-4a7d-95f5-2ae9f79cd23d","actor_username":"osunadaniel39@gmail.com","actor_via_sso":false,"log_type":"account","traits":{"provider":"email"}}', '2024-03-29 23:57:46.047277-07', ''),
	('00000000-0000-0000-0000-000000000000', '1b41fbd2-e4c9-4238-b186-9291336de596', '{"action":"logout","actor_id":"b41d54c5-24ab-4a7d-95f5-2ae9f79cd23d","actor_username":"osunadaniel39@gmail.com","actor_via_sso":false,"log_type":"account"}', '2024-03-29 23:58:13.429217-07', ''),
	('00000000-0000-0000-0000-000000000000', '5b830e86-9c2a-417a-ae54-f3c9128c91ca', '{"action":"login","actor_id":"acd1d671-68f3-4e94-ae01-fc0633509896","actor_username":"luisdevv232@gmail.com","actor_via_sso":false,"log_type":"account","traits":{"provider":"email"}}', '2024-03-29 23:58:26.363647-07', ''),
	('00000000-0000-0000-0000-000000000000', '5a69dd06-8740-482a-a26e-f0826ba5d9f2', '{"action":"token_refreshed","actor_id":"acd1d671-68f3-4e94-ae01-fc0633509896","actor_username":"luisdevv232@gmail.com","actor_via_sso":false,"log_type":"token"}', '2024-03-30 13:27:25.287868-07', ''),
	('00000000-0000-0000-0000-000000000000', 'aca5820e-25b9-4eaf-afb8-248c82d72d19', '{"action":"token_revoked","actor_id":"acd1d671-68f3-4e94-ae01-fc0633509896","actor_username":"luisdevv232@gmail.com","actor_via_sso":false,"log_type":"token"}', '2024-03-30 13:27:25.288467-07', ''),
	('00000000-0000-0000-0000-000000000000', 'e50734e7-0153-44a6-b494-a760a65485e5', '{"action":"logout","actor_id":"acd1d671-68f3-4e94-ae01-fc0633509896","actor_username":"luisdevv232@gmail.com","actor_via_sso":false,"log_type":"account"}', '2024-03-30 13:51:26.3333-07', ''),
	('00000000-0000-0000-0000-000000000000', '5bfacc1b-ad2a-4b5a-9644-25ecdb96504c', '{"action":"login","actor_id":"acd1d671-68f3-4e94-ae01-fc0633509896","actor_username":"luisdevv232@gmail.com","actor_via_sso":false,"log_type":"account","traits":{"provider":"email"}}', '2024-03-30 13:51:37.477747-07', ''),
	('00000000-0000-0000-0000-000000000000', '9eae2fe2-a745-4d3c-8d98-ca5a0c9b874d', '{"action":"token_refreshed","actor_id":"acd1d671-68f3-4e94-ae01-fc0633509896","actor_username":"luisdevv232@gmail.com","actor_via_sso":false,"log_type":"token"}', '2024-03-30 14:49:54.091831-07', ''),
	('00000000-0000-0000-0000-000000000000', '48dca1af-9796-4f18-a2d6-71adbfa4a3a3', '{"action":"token_revoked","actor_id":"acd1d671-68f3-4e94-ae01-fc0633509896","actor_username":"luisdevv232@gmail.com","actor_via_sso":false,"log_type":"token"}', '2024-03-30 14:49:54.093615-07', ''),
	('00000000-0000-0000-0000-000000000000', '152bef03-2737-48a4-af1b-2de54021f385', '{"action":"token_refreshed","actor_id":"acd1d671-68f3-4e94-ae01-fc0633509896","actor_username":"luisdevv232@gmail.com","actor_via_sso":false,"log_type":"token"}', '2024-03-30 15:48:04.185148-07', ''),
	('00000000-0000-0000-0000-000000000000', '93dc26f9-fd5e-473a-b17e-c55f790dc08f', '{"action":"token_revoked","actor_id":"acd1d671-68f3-4e94-ae01-fc0633509896","actor_username":"luisdevv232@gmail.com","actor_via_sso":false,"log_type":"token"}', '2024-03-30 15:48:04.187217-07', ''),
	('00000000-0000-0000-0000-000000000000', '8c6c96b9-a551-4458-821e-83690156a871', '{"action":"logout","actor_id":"acd1d671-68f3-4e94-ae01-fc0633509896","actor_username":"luisdevv232@gmail.com","actor_via_sso":false,"log_type":"account"}', '2024-03-30 16:07:37.468427-07', ''),
	('00000000-0000-0000-0000-000000000000', '04ad965f-69a0-4d5b-bfb2-115c2da98e78', '{"action":"login","actor_id":"b41d54c5-24ab-4a7d-95f5-2ae9f79cd23d","actor_username":"osunadaniel39@gmail.com","actor_via_sso":false,"log_type":"account","traits":{"provider":"email"}}', '2024-03-30 16:07:47.232836-07', ''),
	('00000000-0000-0000-0000-000000000000', '3495891b-5ce4-41f9-be49-1eeb89ef8ff6', '{"action":"logout","actor_id":"b41d54c5-24ab-4a7d-95f5-2ae9f79cd23d","actor_username":"osunadaniel39@gmail.com","actor_via_sso":false,"log_type":"account"}', '2024-03-30 16:36:58.493973-07', ''),
	('00000000-0000-0000-0000-000000000000', 'ad7a842a-eec8-44cb-9538-fbc1bcb75d16', '{"action":"login","actor_id":"acd1d671-68f3-4e94-ae01-fc0633509896","actor_username":"luisdevv232@gmail.com","actor_via_sso":false,"log_type":"account","traits":{"provider":"email"}}', '2024-03-30 16:37:05.750867-07', ''),
	('00000000-0000-0000-0000-000000000000', '746b9f50-675f-48cf-8839-a821414fafb4', '{"action":"logout","actor_id":"acd1d671-68f3-4e94-ae01-fc0633509896","actor_username":"luisdevv232@gmail.com","actor_via_sso":false,"log_type":"account"}', '2024-03-30 16:37:59.479202-07', ''),
	('00000000-0000-0000-0000-000000000000', '68acd14a-9220-499a-b579-ea200686c3be', '{"action":"login","actor_id":"b41d54c5-24ab-4a7d-95f5-2ae9f79cd23d","actor_username":"osunadaniel39@gmail.com","actor_via_sso":false,"log_type":"account","traits":{"provider":"email"}}', '2024-03-30 16:38:08.162806-07', ''),
	('00000000-0000-0000-0000-000000000000', '175810b5-d51a-494a-a5bd-25e442710dfb', '{"action":"logout","actor_id":"b41d54c5-24ab-4a7d-95f5-2ae9f79cd23d","actor_username":"osunadaniel39@gmail.com","actor_via_sso":false,"log_type":"account"}', '2024-03-30 16:54:46.356305-07', ''),
	('00000000-0000-0000-0000-000000000000', 'b974606c-e688-4dcf-a5c5-a31cda2ad589', '{"action":"login","actor_id":"acd1d671-68f3-4e94-ae01-fc0633509896","actor_username":"luisdevv232@gmail.com","actor_via_sso":false,"log_type":"account","traits":{"provider":"email"}}', '2024-03-30 16:54:56.820057-07', ''),
	('00000000-0000-0000-0000-000000000000', '8217b059-95c0-4da6-bab9-21fb483fe9f2', '{"action":"logout","actor_id":"b6d38bb3-c954-415b-baf8-b91f322d2e6e","actor_username":"daeb2222@gmail.com","actor_via_sso":false,"log_type":"account"}', '2024-03-31 06:13:25.320453-07', ''),
	('00000000-0000-0000-0000-000000000000', 'cbce53ed-e8d1-4357-98f6-0cebfcbe2362', '{"action":"login","actor_id":"b6d38bb3-c954-415b-baf8-b91f322d2e6e","actor_username":"daeb2222@gmail.com","actor_via_sso":false,"log_type":"account","traits":{"provider":"email"}}', '2024-03-31 06:13:38.909609-07', ''),
	('00000000-0000-0000-0000-000000000000', '336680c0-8c33-486d-865a-9fbd74f57fe5', '{"action":"logout","actor_id":"b6d38bb3-c954-415b-baf8-b91f322d2e6e","actor_username":"daeb2222@gmail.com","actor_via_sso":false,"log_type":"account"}', '2024-03-31 06:30:30.924887-07', ''),
	('00000000-0000-0000-0000-000000000000', '8fa07ae1-8b46-44ba-99f5-4cbaabaef93d', '{"action":"login","actor_id":"b6d38bb3-c954-415b-baf8-b91f322d2e6e","actor_username":"daeb2222@gmail.com","actor_via_sso":false,"log_type":"account","traits":{"provider":"email"}}', '2024-03-31 06:30:44.932491-07', ''),
	('00000000-0000-0000-0000-000000000000', 'ef834841-6098-4514-8c8e-0ad2d6aa65fe', '{"action":"logout","actor_id":"b6d38bb3-c954-415b-baf8-b91f322d2e6e","actor_username":"daeb2222@gmail.com","actor_via_sso":false,"log_type":"account"}', '2024-03-31 06:32:58.161186-07', ''),
	('00000000-0000-0000-0000-000000000000', '9384b934-9050-4a1b-9d26-2fa4c963c275', '{"action":"login","actor_id":"b6d38bb3-c954-415b-baf8-b91f322d2e6e","actor_username":"daeb2222@gmail.com","actor_via_sso":false,"log_type":"account","traits":{"provider":"email"}}', '2024-03-31 06:33:10.673667-07', ''),
	('00000000-0000-0000-0000-000000000000', '20219c77-975a-4ae0-8357-da1a755875fd', '{"action":"logout","actor_id":"b6d38bb3-c954-415b-baf8-b91f322d2e6e","actor_username":"daeb2222@gmail.com","actor_via_sso":false,"log_type":"account"}', '2024-03-31 06:41:43.183769-07', ''),
	('00000000-0000-0000-0000-000000000000', '87a39e89-3148-473a-ae93-5ec12f680d97', '{"action":"login","actor_id":"b6d38bb3-c954-415b-baf8-b91f322d2e6e","actor_username":"daeb2222@gmail.com","actor_via_sso":false,"log_type":"account","traits":{"provider":"email"}}', '2024-03-31 06:50:42.337844-07', ''),
	('00000000-0000-0000-0000-000000000000', '311fbfe8-c2c2-44e9-bff6-819eacd816b2', '{"action":"logout","actor_id":"b6d38bb3-c954-415b-baf8-b91f322d2e6e","actor_username":"daeb2222@gmail.com","actor_via_sso":false,"log_type":"account"}', '2024-03-31 07:00:17.109062-07', ''),
	('00000000-0000-0000-0000-000000000000', '729766ee-05b2-4e10-82c9-a0272780e657', '{"action":"login","actor_id":"b6d38bb3-c954-415b-baf8-b91f322d2e6e","actor_username":"daeb2222@gmail.com","actor_via_sso":false,"log_type":"account","traits":{"provider":"email"}}', '2024-03-31 07:00:26.538846-07', ''),
	('00000000-0000-0000-0000-000000000000', '3fa3934d-003d-4954-9540-fda2232a2659', '{"action":"logout","actor_id":"b6d38bb3-c954-415b-baf8-b91f322d2e6e","actor_username":"daeb2222@gmail.com","actor_via_sso":false,"log_type":"account"}', '2024-03-31 07:05:02.069976-07', ''),
	('00000000-0000-0000-0000-000000000000', 'b3a24dc0-3506-42e8-8e3e-2bc24cb4fb51', '{"action":"login","actor_id":"b6d38bb3-c954-415b-baf8-b91f322d2e6e","actor_username":"daeb2222@gmail.com","actor_via_sso":false,"log_type":"account","traits":{"provider":"email"}}', '2024-03-31 07:05:24.246858-07', ''),
	('00000000-0000-0000-0000-000000000000', 'f1cd9037-9d9c-480d-9deb-208a031fae44', '{"action":"logout","actor_id":"b6d38bb3-c954-415b-baf8-b91f322d2e6e","actor_username":"daeb2222@gmail.com","actor_via_sso":false,"log_type":"account"}', '2024-03-31 07:11:47.370535-07', ''),
	('00000000-0000-0000-0000-000000000000', '0d04abeb-6ddd-46a7-abac-9eb029c7278a', '{"action":"login","actor_id":"b6d38bb3-c954-415b-baf8-b91f322d2e6e","actor_username":"daeb2222@gmail.com","actor_via_sso":false,"log_type":"account","traits":{"provider":"email"}}', '2024-03-31 07:15:08.09187-07', ''),
	('00000000-0000-0000-0000-000000000000', 'a16585d7-9d34-43bd-ae67-5d10640f627f', '{"action":"logout","actor_id":"b6d38bb3-c954-415b-baf8-b91f322d2e6e","actor_username":"daeb2222@gmail.com","actor_via_sso":false,"log_type":"account"}', '2024-03-31 07:22:36.398813-07', ''),
	('00000000-0000-0000-0000-000000000000', '09d39785-10ff-4499-9eaa-0206dce2ab56', '{"action":"login","actor_id":"b6d38bb3-c954-415b-baf8-b91f322d2e6e","actor_username":"daeb2222@gmail.com","actor_via_sso":false,"log_type":"account","traits":{"provider":"email"}}', '2024-03-31 07:22:55.514554-07', ''),
	('00000000-0000-0000-0000-000000000000', '6c56a9a0-e92f-4be2-84a2-250359607ca4', '{"action":"logout","actor_id":"b6d38bb3-c954-415b-baf8-b91f322d2e6e","actor_username":"daeb2222@gmail.com","actor_via_sso":false,"log_type":"account"}', '2024-03-31 07:32:30.469064-07', ''),
	('00000000-0000-0000-0000-000000000000', '96ab4be4-312e-4bb4-a9c7-02879af3cf96', '{"action":"login","actor_id":"b6d38bb3-c954-415b-baf8-b91f322d2e6e","actor_username":"daeb2222@gmail.com","actor_via_sso":false,"log_type":"account","traits":{"provider":"email"}}', '2024-03-31 07:33:22.711413-07', ''),
	('00000000-0000-0000-0000-000000000000', '6a285495-1629-4aef-85e0-28c592f00318', '{"action":"logout","actor_id":"b6d38bb3-c954-415b-baf8-b91f322d2e6e","actor_username":"daeb2222@gmail.com","actor_via_sso":false,"log_type":"account"}', '2024-03-31 07:41:25.017646-07', ''),
	('00000000-0000-0000-0000-000000000000', '48851de2-b0ad-472b-956e-5c3653f54aa2', '{"action":"login","actor_id":"b6d38bb3-c954-415b-baf8-b91f322d2e6e","actor_username":"daeb2222@gmail.com","actor_via_sso":false,"log_type":"account","traits":{"provider":"email"}}', '2024-03-31 07:41:48.659725-07', ''),
	('00000000-0000-0000-0000-000000000000', '89ef457d-295e-45f0-bfd3-181245417392', '{"action":"logout","actor_id":"b6d38bb3-c954-415b-baf8-b91f322d2e6e","actor_username":"daeb2222@gmail.com","actor_via_sso":false,"log_type":"account"}', '2024-03-31 07:46:29.173035-07', ''),
	('00000000-0000-0000-0000-000000000000', 'bfe80200-bfaa-4bc7-97dc-8910973e0ff8', '{"action":"login","actor_id":"b6d38bb3-c954-415b-baf8-b91f322d2e6e","actor_username":"daeb2222@gmail.com","actor_via_sso":false,"log_type":"account","traits":{"provider":"email"}}', '2024-03-31 07:47:05.938342-07', ''),
	('00000000-0000-0000-0000-000000000000', 'aac90170-951c-48a0-ade8-112669774a9f', '{"action":"logout","actor_id":"b6d38bb3-c954-415b-baf8-b91f322d2e6e","actor_username":"daeb2222@gmail.com","actor_via_sso":false,"log_type":"account"}', '2024-03-31 07:52:08.117803-07', ''),
	('00000000-0000-0000-0000-000000000000', '20aeb9ed-d630-462e-af47-d97ebbe702a0', '{"action":"login","actor_id":"b6d38bb3-c954-415b-baf8-b91f322d2e6e","actor_username":"daeb2222@gmail.com","actor_via_sso":false,"log_type":"account","traits":{"provider":"email"}}', '2024-03-31 07:53:04.989352-07', ''),
	('00000000-0000-0000-0000-000000000000', 'e6123ee0-a4c7-489b-b021-2e5b27d84474', '{"action":"logout","actor_id":"b6d38bb3-c954-415b-baf8-b91f322d2e6e","actor_username":"daeb2222@gmail.com","actor_via_sso":false,"log_type":"account"}', '2024-03-31 07:57:48.980377-07', ''),
	('00000000-0000-0000-0000-000000000000', 'b851c5ad-696a-43f8-ad24-b6a3b69d7310', '{"action":"login","actor_id":"b6d38bb3-c954-415b-baf8-b91f322d2e6e","actor_username":"daeb2222@gmail.com","actor_via_sso":false,"log_type":"account","traits":{"provider":"email"}}', '2024-03-31 07:58:22.305902-07', ''),
	('00000000-0000-0000-0000-000000000000', 'ff39d6bc-20a0-4ea3-92a5-7dd8167f9d0d', '{"action":"logout","actor_id":"b6d38bb3-c954-415b-baf8-b91f322d2e6e","actor_username":"daeb2222@gmail.com","actor_via_sso":false,"log_type":"account"}', '2024-03-31 07:59:35.896755-07', ''),
	('00000000-0000-0000-0000-000000000000', '8bb3f14d-bc31-4f90-a4dd-90f98f3fa9c6', '{"action":"login","actor_id":"b6d38bb3-c954-415b-baf8-b91f322d2e6e","actor_username":"daeb2222@gmail.com","actor_via_sso":false,"log_type":"account","traits":{"provider":"email"}}', '2024-03-31 07:59:55.669613-07', ''),
	('00000000-0000-0000-0000-000000000000', 'c8e4b080-f4f0-4052-80de-d115fb4ee426', '{"action":"logout","actor_id":"b6d38bb3-c954-415b-baf8-b91f322d2e6e","actor_username":"daeb2222@gmail.com","actor_via_sso":false,"log_type":"account"}', '2024-03-31 08:03:28.083767-07', ''),
	('00000000-0000-0000-0000-000000000000', 'e5337d91-bafb-4e9f-87cd-3a2f2844aaa7', '{"action":"login","actor_id":"b6d38bb3-c954-415b-baf8-b91f322d2e6e","actor_username":"daeb2222@gmail.com","actor_via_sso":false,"log_type":"account","traits":{"provider":"email"}}', '2024-03-31 08:03:43.784713-07', ''),
	('00000000-0000-0000-0000-000000000000', 'c4e0c344-88b6-4200-9618-ab6fd9adde0f', '{"action":"logout","actor_id":"b6d38bb3-c954-415b-baf8-b91f322d2e6e","actor_username":"daeb2222@gmail.com","actor_via_sso":false,"log_type":"account"}', '2024-03-31 08:03:52.03086-07', ''),
	('00000000-0000-0000-0000-000000000000', '754dcb89-9d1b-46c9-ba01-f8dc859218c7', '{"action":"login","actor_id":"b6d38bb3-c954-415b-baf8-b91f322d2e6e","actor_username":"daeb2222@gmail.com","actor_via_sso":false,"log_type":"account","traits":{"provider":"email"}}', '2024-03-31 08:04:11.642328-07', ''),
	('00000000-0000-0000-0000-000000000000', '9b53f8ed-b919-43b7-99a4-20ce8157d87e', '{"action":"logout","actor_id":"b6d38bb3-c954-415b-baf8-b91f322d2e6e","actor_username":"daeb2222@gmail.com","actor_via_sso":false,"log_type":"account"}', '2024-03-31 08:06:52.424433-07', ''),
	('00000000-0000-0000-0000-000000000000', 'ec9dc1cf-c152-4452-be1b-1521a439617d', '{"action":"login","actor_id":"b6d38bb3-c954-415b-baf8-b91f322d2e6e","actor_username":"daeb2222@gmail.com","actor_via_sso":false,"log_type":"account","traits":{"provider":"email"}}', '2024-03-31 08:07:12.547732-07', ''),
	('00000000-0000-0000-0000-000000000000', '056b3463-6b5a-4800-8fc2-333df88f789b', '{"action":"logout","actor_id":"b6d38bb3-c954-415b-baf8-b91f322d2e6e","actor_username":"daeb2222@gmail.com","actor_via_sso":false,"log_type":"account"}', '2024-03-31 08:08:59.567161-07', ''),
	('00000000-0000-0000-0000-000000000000', 'd34ac8d9-6ad1-4c0c-94f5-59976293238d', '{"action":"login","actor_id":"b6d38bb3-c954-415b-baf8-b91f322d2e6e","actor_username":"daeb2222@gmail.com","actor_via_sso":false,"log_type":"account","traits":{"provider":"email"}}', '2024-03-31 08:09:21.630004-07', ''),
	('00000000-0000-0000-0000-000000000000', '3e19b515-33ba-4f04-ac5d-7ed5150378e3', '{"action":"logout","actor_id":"b6d38bb3-c954-415b-baf8-b91f322d2e6e","actor_username":"daeb2222@gmail.com","actor_via_sso":false,"log_type":"account"}', '2024-03-31 08:10:58.213261-07', ''),
	('00000000-0000-0000-0000-000000000000', 'd482b0ac-36c9-41ed-9e0e-6d21115b8801', '{"action":"login","actor_id":"b6d38bb3-c954-415b-baf8-b91f322d2e6e","actor_username":"daeb2222@gmail.com","actor_via_sso":false,"log_type":"account","traits":{"provider":"email"}}', '2024-03-31 08:11:19.900587-07', ''),
	('00000000-0000-0000-0000-000000000000', '66b0fd4b-3571-4ce1-a762-517b67fc1308', '{"action":"login","actor_id":"45f4da3e-5b02-4c6e-9d3c-876831872686","actor_username":"yisusmaster1218@gmail.com","actor_via_sso":false,"log_type":"account","traits":{"provider":"email"}}', '2024-03-31 13:46:54.987829-07', ''),
	('00000000-0000-0000-0000-000000000000', '1939a0d3-ba8a-42ad-b78d-f9e4cf8c0298', '{"action":"token_refreshed","actor_id":"45f4da3e-5b02-4c6e-9d3c-876831872686","actor_username":"yisusmaster1218@gmail.com","actor_via_sso":false,"log_type":"token"}', '2024-03-31 16:58:07.935104-07', ''),
	('00000000-0000-0000-0000-000000000000', 'cfd134e4-fff1-4adc-84e3-cff660854216', '{"action":"token_revoked","actor_id":"45f4da3e-5b02-4c6e-9d3c-876831872686","actor_username":"yisusmaster1218@gmail.com","actor_via_sso":false,"log_type":"token"}', '2024-03-31 16:58:07.935666-07', ''),
	('00000000-0000-0000-0000-000000000000', 'd7faa806-c033-422f-a54c-d7e2a4612a6d', '{"action":"login","actor_id":"45f4da3e-5b02-4c6e-9d3c-876831872686","actor_username":"yisusmaster1218@gmail.com","actor_via_sso":false,"log_type":"account","traits":{"provider":"email"}}', '2024-03-31 16:58:22.753501-07', ''),
	('00000000-0000-0000-0000-000000000000', '04a6d6cc-baab-46c2-8fb4-02d66b86e3e6', '{"action":"token_refreshed","actor_id":"45f4da3e-5b02-4c6e-9d3c-876831872686","actor_username":"yisusmaster1218@gmail.com","actor_via_sso":false,"log_type":"token"}', '2024-03-31 17:56:33.694601-07', ''),
	('00000000-0000-0000-0000-000000000000', 'da3a871e-461b-4aba-a611-b5cef9e98b62', '{"action":"token_revoked","actor_id":"45f4da3e-5b02-4c6e-9d3c-876831872686","actor_username":"yisusmaster1218@gmail.com","actor_via_sso":false,"log_type":"token"}', '2024-03-31 17:56:33.695226-07', ''),
	('00000000-0000-0000-0000-000000000000', 'a77fcd27-14e3-471c-8acb-fde6391f23fe', '{"action":"login","actor_id":"e6fc595d-2e1f-4cd1-8d9f-72783645aac4","actor_username":"jaredbarojas90@gmail.com","actor_via_sso":false,"log_type":"account","traits":{"provider":"email"}}', '2024-03-31 18:52:22.043975-07', ''),
	('00000000-0000-0000-0000-000000000000', '1d35f499-1ec3-4c41-a5f9-8b886796e1f6', '{"action":"token_refreshed","actor_id":"45f4da3e-5b02-4c6e-9d3c-876831872686","actor_username":"yisusmaster1218@gmail.com","actor_via_sso":false,"log_type":"token"}', '2024-03-31 18:54:49.209335-07', ''),
	('00000000-0000-0000-0000-000000000000', '43142d38-53b7-4c21-8a60-30b775f9a2df', '{"action":"token_revoked","actor_id":"45f4da3e-5b02-4c6e-9d3c-876831872686","actor_username":"yisusmaster1218@gmail.com","actor_via_sso":false,"log_type":"token"}', '2024-03-31 18:54:49.209919-07', ''),
	('00000000-0000-0000-0000-000000000000', 'fb676cea-d1c0-4126-bae9-239307d3a5b6', '{"action":"token_refreshed","actor_id":"e6fc595d-2e1f-4cd1-8d9f-72783645aac4","actor_username":"jaredbarojas90@gmail.com","actor_via_sso":false,"log_type":"token"}', '2024-03-31 19:53:14.088851-07', ''),
	('00000000-0000-0000-0000-000000000000', 'f12c3ffb-8a71-4407-9631-886a6e90f095', '{"action":"token_revoked","actor_id":"e6fc595d-2e1f-4cd1-8d9f-72783645aac4","actor_username":"jaredbarojas90@gmail.com","actor_via_sso":false,"log_type":"token"}', '2024-03-31 19:53:14.089426-07', ''),
	('00000000-0000-0000-0000-000000000000', '72b2a93d-8db0-4a6b-b193-7eb05782ffc7', '{"action":"token_refreshed","actor_id":"45f4da3e-5b02-4c6e-9d3c-876831872686","actor_username":"yisusmaster1218@gmail.com","actor_via_sso":false,"log_type":"token"}', '2024-03-31 19:53:16.519248-07', ''),
	('00000000-0000-0000-0000-000000000000', '0a2cb3b0-24fe-4999-b379-f5f6d9185f3c', '{"action":"token_revoked","actor_id":"45f4da3e-5b02-4c6e-9d3c-876831872686","actor_username":"yisusmaster1218@gmail.com","actor_via_sso":false,"log_type":"token"}', '2024-03-31 19:53:16.519791-07', ''),
	('00000000-0000-0000-0000-000000000000', 'd1c2b57c-c082-4357-8362-6a949913e009', '{"action":"logout","actor_id":"e6fc595d-2e1f-4cd1-8d9f-72783645aac4","actor_username":"jaredbarojas90@gmail.com","actor_via_sso":false,"log_type":"account"}', '2024-03-31 20:38:27.168932-07', ''),
	('00000000-0000-0000-0000-000000000000', 'fb2ca771-ff9a-4491-8f2f-0a9020a620c2', '{"action":"login","actor_id":"e6fc595d-2e1f-4cd1-8d9f-72783645aac4","actor_username":"jaredbarojas90@gmail.com","actor_via_sso":false,"log_type":"account","traits":{"provider":"email"}}', '2024-03-31 20:38:36.180818-07', ''),
	('00000000-0000-0000-0000-000000000000', '56b6f162-3604-4fbb-aba2-2aada20df579', '{"action":"logout","actor_id":"e6fc595d-2e1f-4cd1-8d9f-72783645aac4","actor_username":"jaredbarojas90@gmail.com","actor_via_sso":false,"log_type":"account"}', '2024-03-31 20:47:39.478207-07', ''),
	('00000000-0000-0000-0000-000000000000', 'e250dcb4-a64c-42b8-bbe7-93de5d94ce87', '{"action":"login","actor_id":"b6d38bb3-c954-415b-baf8-b91f322d2e6e","actor_username":"daeb2222@gmail.com","actor_via_sso":false,"log_type":"account","traits":{"provider":"email"}}', '2024-03-31 20:48:04.789556-07', ''),
	('00000000-0000-0000-0000-000000000000', '3a49054e-0e8b-4193-81dd-5d3889d8194e', '{"action":"login","actor_id":"e6fc595d-2e1f-4cd1-8d9f-72783645aac4","actor_username":"jaredbarojas90@gmail.com","actor_via_sso":false,"log_type":"account","traits":{"provider":"email"}}', '2024-03-31 20:48:16.595939-07', ''),
	('00000000-0000-0000-0000-000000000000', 'b074e38b-2a2f-4df1-9355-2f6d5765eeff', '{"action":"logout","actor_id":"e6fc595d-2e1f-4cd1-8d9f-72783645aac4","actor_username":"jaredbarojas90@gmail.com","actor_via_sso":false,"log_type":"account"}', '2024-03-31 20:52:51.348704-07', ''),
	('00000000-0000-0000-0000-000000000000', '44dd2b84-36cb-42aa-a659-aa355aa2e00f', '{"action":"login","actor_id":"e6fc595d-2e1f-4cd1-8d9f-72783645aac4","actor_username":"jaredbarojas90@gmail.com","actor_via_sso":false,"log_type":"account","traits":{"provider":"email"}}', '2024-03-31 20:53:02.257913-07', ''),
	('00000000-0000-0000-0000-000000000000', '53a9d01b-795f-49a1-9e83-1ddfd2bdaa8d', '{"action":"logout","actor_id":"e6fc595d-2e1f-4cd1-8d9f-72783645aac4","actor_username":"jaredbarojas90@gmail.com","actor_via_sso":false,"log_type":"account"}', '2024-03-31 20:53:38.274078-07', ''),
	('00000000-0000-0000-0000-000000000000', '94fc14d3-305e-40a2-93ae-904165d09c93', '{"action":"login","actor_id":"e6fc595d-2e1f-4cd1-8d9f-72783645aac4","actor_username":"jaredbarojas90@gmail.com","actor_via_sso":false,"log_type":"account","traits":{"provider":"email"}}', '2024-03-31 20:56:35.100277-07', ''),
	('00000000-0000-0000-0000-000000000000', 'ca1fae98-9f5a-405d-9d36-fc56def5db18', '{"action":"logout","actor_id":"e6fc595d-2e1f-4cd1-8d9f-72783645aac4","actor_username":"jaredbarojas90@gmail.com","actor_via_sso":false,"log_type":"account"}', '2024-03-31 21:24:12.159156-07', ''),
	('00000000-0000-0000-0000-000000000000', 'c0d3bd5e-328b-48a9-b906-494e32371409', '{"action":"login","actor_id":"e6fc595d-2e1f-4cd1-8d9f-72783645aac4","actor_username":"jaredbarojas90@gmail.com","actor_via_sso":false,"log_type":"account","traits":{"provider":"email"}}', '2024-03-31 21:24:20.823401-07', ''),
	('00000000-0000-0000-0000-000000000000', '989ff0a5-2c3a-4a6f-a36f-e6724a0a28eb', '{"action":"token_refreshed","actor_id":"e6fc595d-2e1f-4cd1-8d9f-72783645aac4","actor_username":"jaredbarojas90@gmail.com","actor_via_sso":false,"log_type":"token"}', '2024-03-31 23:49:55.004247-07', ''),
	('00000000-0000-0000-0000-000000000000', 'adf1bd83-78ae-45ae-9bfd-1f9065677a82', '{"action":"token_revoked","actor_id":"e6fc595d-2e1f-4cd1-8d9f-72783645aac4","actor_username":"jaredbarojas90@gmail.com","actor_via_sso":false,"log_type":"token"}', '2024-03-31 23:49:55.004862-07', ''),
	('00000000-0000-0000-0000-000000000000', '5bc44bc1-721a-4be8-a75d-98e09b05d9d6', '{"action":"logout","actor_id":"e6fc595d-2e1f-4cd1-8d9f-72783645aac4","actor_username":"jaredbarojas90@gmail.com","actor_via_sso":false,"log_type":"account"}', '2024-04-01 00:47:18.172861-07', ''),
	('00000000-0000-0000-0000-000000000000', '81524595-320f-4b80-9bb2-9edb8a4bbaac', '{"action":"login","actor_id":"b6d38bb3-c954-415b-baf8-b91f322d2e6e","actor_username":"daeb2222@gmail.com","actor_via_sso":false,"log_type":"account","traits":{"provider":"email"}}', '2024-04-01 00:47:31.667294-07', ''),
	('00000000-0000-0000-0000-000000000000', '05454cc7-53da-41ea-852a-8b3a44a61b22', '{"action":"logout","actor_id":"b6d38bb3-c954-415b-baf8-b91f322d2e6e","actor_username":"daeb2222@gmail.com","actor_via_sso":false,"log_type":"account"}', '2024-04-01 00:49:51.834581-07', ''),
	('00000000-0000-0000-0000-000000000000', '647e28e1-4827-4f16-8897-d4da4f0bda10', '{"action":"login","actor_id":"e6fc595d-2e1f-4cd1-8d9f-72783645aac4","actor_username":"jaredbarojas90@gmail.com","actor_via_sso":false,"log_type":"account","traits":{"provider":"email"}}', '2024-04-01 00:49:59.214151-07', ''),
	('00000000-0000-0000-0000-000000000000', '62c43883-7ddf-4c88-b0af-906632f0966c', '{"action":"logout","actor_id":"e6fc595d-2e1f-4cd1-8d9f-72783645aac4","actor_username":"jaredbarojas90@gmail.com","actor_via_sso":false,"log_type":"account"}', '2024-04-01 00:51:40.403475-07', ''),
	('00000000-0000-0000-0000-000000000000', '2739146b-cdfb-4610-aa30-abfb9bdbbfed', '{"action":"login","actor_id":"e6fc595d-2e1f-4cd1-8d9f-72783645aac4","actor_username":"jaredbarojas90@gmail.com","actor_via_sso":false,"log_type":"account","traits":{"provider":"email"}}', '2024-04-01 00:51:48.84933-07', ''),
	('00000000-0000-0000-0000-000000000000', '74abf7be-9e75-4eb1-b5a7-401fb4e5f08a', '{"action":"logout","actor_id":"e6fc595d-2e1f-4cd1-8d9f-72783645aac4","actor_username":"jaredbarojas90@gmail.com","actor_via_sso":false,"log_type":"account"}', '2024-04-01 00:57:30.125564-07', ''),
	('00000000-0000-0000-0000-000000000000', '4b40cbd6-0cd0-4564-92c3-ab4435ea95ec', '{"action":"login","actor_id":"b6d38bb3-c954-415b-baf8-b91f322d2e6e","actor_username":"daeb2222@gmail.com","actor_via_sso":false,"log_type":"account","traits":{"provider":"email"}}', '2024-04-01 00:57:42.694569-07', ''),
	('00000000-0000-0000-0000-000000000000', '63b2f7b4-bba1-4225-a5a4-2ec521ee45c4', '{"action":"logout","actor_id":"b6d38bb3-c954-415b-baf8-b91f322d2e6e","actor_username":"daeb2222@gmail.com","actor_via_sso":false,"log_type":"account"}', '2024-04-01 00:58:34.893923-07', ''),
	('00000000-0000-0000-0000-000000000000', 'bbf09d8a-9643-4dc7-b08a-6d64d28e641e', '{"action":"login","actor_id":"45f4da3e-5b02-4c6e-9d3c-876831872686","actor_username":"yisusmaster1218@gmail.com","actor_via_sso":false,"log_type":"account","traits":{"provider":"email"}}', '2024-04-01 09:38:43.013099-07', ''),
	('00000000-0000-0000-0000-000000000000', 'bb761644-1626-4d72-ac4f-0b4ff13e799b', '{"action":"login","actor_id":"acd1d671-68f3-4e94-ae01-fc0633509896","actor_username":"luisdevv232@gmail.com","actor_via_sso":false,"log_type":"account","traits":{"provider":"email"}}', '2024-04-01 09:50:09.990832-07', ''),
	('00000000-0000-0000-0000-000000000000', '49551379-b7af-4b8d-8466-8b2f00cca6fe', '{"action":"user_recovery_requested","actor_id":"22957dd1-a482-4e43-bb51-9eb300af9d0f","actor_username":"a220200653@unison.mx","actor_via_sso":false,"log_type":"user"}', '2024-04-01 09:55:43.709943-07', ''),
	('00000000-0000-0000-0000-000000000000', 'f7fad405-8d6a-4e9c-ac8c-be1fe23b1f47', '{"action":"login","actor_id":"b41d54c5-24ab-4a7d-95f5-2ae9f79cd23d","actor_username":"osunadaniel39@gmail.com","actor_via_sso":false,"log_type":"account","traits":{"provider":"email"}}', '2024-04-01 09:56:56.989815-07', ''),
	('00000000-0000-0000-0000-000000000000', '648cbe0f-e768-49e5-bc38-7a8a58033c29', '{"action":"logout","actor_id":"b41d54c5-24ab-4a7d-95f5-2ae9f79cd23d","actor_username":"osunadaniel39@gmail.com","actor_via_sso":false,"log_type":"account"}', '2024-04-01 10:45:34.270552-07', ''),
	('00000000-0000-0000-0000-000000000000', '5a3cb3bc-b9a4-44a0-a60d-c1f6201943bb', '{"action":"login","actor_id":"b41d54c5-24ab-4a7d-95f5-2ae9f79cd23d","actor_username":"osunadaniel39@gmail.com","actor_via_sso":false,"log_type":"account","traits":{"provider":"email"}}', '2024-04-01 10:46:18.741673-07', ''),
	('00000000-0000-0000-0000-000000000000', '7bdda2dc-9884-4b61-b28b-4774ccb18aa2', '{"action":"token_refreshed","actor_id":"acd1d671-68f3-4e94-ae01-fc0633509896","actor_username":"luisdevv232@gmail.com","actor_via_sso":false,"log_type":"token"}', '2024-04-01 10:48:16.622677-07', ''),
	('00000000-0000-0000-0000-000000000000', 'e50d4c8d-f9ca-4a64-9887-abde8f4c0e30', '{"action":"token_revoked","actor_id":"acd1d671-68f3-4e94-ae01-fc0633509896","actor_username":"luisdevv232@gmail.com","actor_via_sso":false,"log_type":"token"}', '2024-04-01 10:48:16.623225-07', ''),
	('00000000-0000-0000-0000-000000000000', '28de28cf-aa6c-4fa9-a6c3-54a7a3b8c8ce', '{"action":"token_refreshed","actor_id":"45f4da3e-5b02-4c6e-9d3c-876831872686","actor_username":"yisusmaster1218@gmail.com","actor_via_sso":false,"log_type":"token"}', '2024-04-01 11:01:49.338562-07', ''),
	('00000000-0000-0000-0000-000000000000', '6eab4900-1ad7-4c03-84b6-e6a55d177a8a', '{"action":"token_revoked","actor_id":"45f4da3e-5b02-4c6e-9d3c-876831872686","actor_username":"yisusmaster1218@gmail.com","actor_via_sso":false,"log_type":"token"}', '2024-04-01 11:01:49.33991-07', ''),
	('00000000-0000-0000-0000-000000000000', 'de887b74-5b80-4422-bf62-a98de4f661d4', '{"action":"logout","actor_id":"45f4da3e-5b02-4c6e-9d3c-876831872686","actor_username":"yisusmaster1218@gmail.com","actor_via_sso":false,"log_type":"account"}', '2024-04-01 11:45:15.901803-07', ''),
	('00000000-0000-0000-0000-000000000000', '06ea7b36-e9be-4785-b4e6-296ae145a83c', '{"action":"login","actor_id":"45f4da3e-5b02-4c6e-9d3c-876831872686","actor_username":"yisusmaster1218@gmail.com","actor_via_sso":false,"log_type":"account","traits":{"provider":"email"}}', '2024-04-01 11:45:33.662185-07', ''),
	('00000000-0000-0000-0000-000000000000', 'dab0dc07-8351-426f-acaa-d18ad283cc01', '{"action":"login","actor_id":"e6fc595d-2e1f-4cd1-8d9f-72783645aac4","actor_username":"jaredbarojas90@gmail.com","actor_via_sso":false,"log_type":"account","traits":{"provider":"email"}}', '2024-04-01 11:51:20.365381-07', ''),
	('00000000-0000-0000-0000-000000000000', 'b161f12c-6d20-4e5b-af35-2366fa6aa64f', '{"action":"token_refreshed","actor_id":"45f4da3e-5b02-4c6e-9d3c-876831872686","actor_username":"yisusmaster1218@gmail.com","actor_via_sso":false,"log_type":"token"}', '2024-04-01 12:47:18.033632-07', ''),
	('00000000-0000-0000-0000-000000000000', 'e5b9bf2e-092f-489c-863e-83e1e869a9e8', '{"action":"token_revoked","actor_id":"45f4da3e-5b02-4c6e-9d3c-876831872686","actor_username":"yisusmaster1218@gmail.com","actor_via_sso":false,"log_type":"token"}', '2024-04-01 12:47:18.03428-07', ''),
	('00000000-0000-0000-0000-000000000000', '41210efb-af0b-401a-b957-051fe5b75896', '{"action":"token_refreshed","actor_id":"acd1d671-68f3-4e94-ae01-fc0633509896","actor_username":"luisdevv232@gmail.com","actor_via_sso":false,"log_type":"token"}', '2024-04-01 13:17:52.044296-07', ''),
	('00000000-0000-0000-0000-000000000000', 'c3b93a1f-bb36-43e8-adb5-4d6d198ceb9c', '{"action":"token_revoked","actor_id":"acd1d671-68f3-4e94-ae01-fc0633509896","actor_username":"luisdevv232@gmail.com","actor_via_sso":false,"log_type":"token"}', '2024-04-01 13:17:52.044866-07', ''),
	('00000000-0000-0000-0000-000000000000', 'd164af52-ef76-4001-99be-a6722001e532', '{"action":"login","actor_id":"8545bfd0-77ee-47a4-b1f7-17845d88bbbf","actor_username":"luisernestohernandez1@hotmail.com","actor_via_sso":false,"log_type":"account","traits":{"provider":"email"}}', '2024-04-01 13:20:28.107075-07', ''),
	('00000000-0000-0000-0000-000000000000', '66fd8791-c537-4792-a73c-1587cca04d6a', '{"action":"user_recovery_requested","actor_id":"d1ba8c84-7ce1-42f2-9f16-efa109d4d508","actor_username":"andresantelo89@gmail.com","actor_via_sso":false,"log_type":"user"}', '2024-04-01 13:21:52.430254-07', ''),
	('00000000-0000-0000-0000-000000000000', '6be40e38-2d88-42f0-8f8a-f3d52d339548', '{"action":"login","actor_id":"d1ba8c84-7ce1-42f2-9f16-efa109d4d508","actor_username":"andresantelo89@gmail.com","actor_via_sso":false,"log_type":"account"}', '2024-04-01 13:22:04.081603-07', ''),
	('00000000-0000-0000-0000-000000000000', '938d3725-c105-49d1-a13e-8efc7ad883db', '{"action":"token_refreshed","actor_id":"e6fc595d-2e1f-4cd1-8d9f-72783645aac4","actor_username":"jaredbarojas90@gmail.com","actor_via_sso":false,"log_type":"token"}', '2024-04-01 13:22:31.399011-07', ''),
	('00000000-0000-0000-0000-000000000000', 'd48a6f9f-e498-4a85-aeee-d5bcf4f22d85', '{"action":"token_revoked","actor_id":"e6fc595d-2e1f-4cd1-8d9f-72783645aac4","actor_username":"jaredbarojas90@gmail.com","actor_via_sso":false,"log_type":"token"}', '2024-04-01 13:22:31.399559-07', ''),
	('00000000-0000-0000-0000-000000000000', 'ce85d0dd-0550-4eb6-bdfa-ccf8a2d4d1ec', '{"action":"user_updated_password","actor_id":"d1ba8c84-7ce1-42f2-9f16-efa109d4d508","actor_username":"andresantelo89@gmail.com","actor_via_sso":false,"log_type":"user"}', '2024-04-01 13:23:07.773556-07', ''),
	('00000000-0000-0000-0000-000000000000', 'fc073e9b-5288-4c24-9aa3-adcf5fa5a488', '{"action":"user_modified","actor_id":"d1ba8c84-7ce1-42f2-9f16-efa109d4d508","actor_username":"andresantelo89@gmail.com","actor_via_sso":false,"log_type":"user"}', '2024-04-01 13:23:07.774132-07', ''),
	('00000000-0000-0000-0000-000000000000', '8d98a2f6-fa6f-4824-ad4a-0f4aea944b55', '{"action":"login","actor_id":"d1ba8c84-7ce1-42f2-9f16-efa109d4d508","actor_username":"andresantelo89@gmail.com","actor_via_sso":false,"log_type":"account","traits":{"provider":"email"}}', '2024-04-01 13:23:22.375319-07', ''),
	('00000000-0000-0000-0000-000000000000', 'af04d40c-acde-4f6e-bf79-79a9a11910d8', '{"action":"logout","actor_id":"e6fc595d-2e1f-4cd1-8d9f-72783645aac4","actor_username":"jaredbarojas90@gmail.com","actor_via_sso":false,"log_type":"account"}', '2024-04-01 13:28:43.554649-07', ''),
	('00000000-0000-0000-0000-000000000000', 'bdc174d6-dbb5-42fc-8ccd-595e998da06a', '{"action":"login","actor_id":"b6d38bb3-c954-415b-baf8-b91f322d2e6e","actor_username":"daeb2222@gmail.com","actor_via_sso":false,"log_type":"account","traits":{"provider":"email"}}', '2024-04-01 13:29:02.92288-07', ''),
	('00000000-0000-0000-0000-000000000000', '85d2ac05-59de-41af-8214-e04dab8a242d', '{"action":"login","actor_id":"4a05f22c-a7bc-4b0f-9028-00f389e6a6f7","actor_username":"andreadh01@gmail.com","actor_via_sso":false,"log_type":"account","traits":{"provider":"email"}}', '2024-04-01 13:42:45.542937-07', ''),
	('00000000-0000-0000-0000-000000000000', '8acc6958-6254-404a-9973-a346656b0b7f', '{"action":"token_refreshed","actor_id":"45f4da3e-5b02-4c6e-9d3c-876831872686","actor_username":"yisusmaster1218@gmail.com","actor_via_sso":false,"log_type":"token"}', '2024-04-01 13:45:42.660812-07', ''),
	('00000000-0000-0000-0000-000000000000', 'e53969e3-1d6b-4cde-a1f9-a6dd1d777aef', '{"action":"token_revoked","actor_id":"45f4da3e-5b02-4c6e-9d3c-876831872686","actor_username":"yisusmaster1218@gmail.com","actor_via_sso":false,"log_type":"token"}', '2024-04-01 13:45:42.661391-07', ''),
	('00000000-0000-0000-0000-000000000000', 'a2288a87-20cf-4a87-a271-1d31c72db899', '{"action":"token_refreshed","actor_id":"b6d38bb3-c954-415b-baf8-b91f322d2e6e","actor_username":"daeb2222@gmail.com","actor_via_sso":false,"log_type":"token"}', '2024-04-01 14:27:27.259542-07', ''),
	('00000000-0000-0000-0000-000000000000', 'e2cd47b8-439a-4180-a1d2-94c14a97bc09', '{"action":"token_revoked","actor_id":"b6d38bb3-c954-415b-baf8-b91f322d2e6e","actor_username":"daeb2222@gmail.com","actor_via_sso":false,"log_type":"token"}', '2024-04-01 14:27:27.260156-07', ''),
	('00000000-0000-0000-0000-000000000000', '272240f6-6a31-497e-833a-f49bca4ede0e', '{"action":"logout","actor_id":"b6d38bb3-c954-415b-baf8-b91f322d2e6e","actor_username":"daeb2222@gmail.com","actor_via_sso":false,"log_type":"account"}', '2024-04-01 14:27:46.274712-07', ''),
	('00000000-0000-0000-0000-000000000000', '81706063-deac-4099-b809-2b82b27f3a5e', '{"action":"login","actor_id":"e6fc595d-2e1f-4cd1-8d9f-72783645aac4","actor_username":"jaredbarojas90@gmail.com","actor_via_sso":false,"log_type":"account","traits":{"provider":"email"}}', '2024-04-01 14:27:56.15833-07', ''),
	('00000000-0000-0000-0000-000000000000', 'edf3d43c-40df-4dfe-a2ee-19c9c6da80e5', '{"action":"token_refreshed","actor_id":"4a05f22c-a7bc-4b0f-9028-00f389e6a6f7","actor_username":"andreadh01@gmail.com","actor_via_sso":false,"log_type":"token"}', '2024-04-01 14:40:57.671427-07', ''),
	('00000000-0000-0000-0000-000000000000', '5afeb63b-d0be-46ef-a9e7-a3913a524730', '{"action":"token_revoked","actor_id":"4a05f22c-a7bc-4b0f-9028-00f389e6a6f7","actor_username":"andreadh01@gmail.com","actor_via_sso":false,"log_type":"token"}', '2024-04-01 14:40:57.672029-07', ''),
	('00000000-0000-0000-0000-000000000000', 'a051273f-c541-4555-8c1b-85f390c614bb', '{"action":"token_refreshed","actor_id":"45f4da3e-5b02-4c6e-9d3c-876831872686","actor_username":"yisusmaster1218@gmail.com","actor_via_sso":false,"log_type":"token"}', '2024-04-01 15:19:24.990835-07', ''),
	('00000000-0000-0000-0000-000000000000', '227d695b-05d3-4294-9371-1eaff10e23e6', '{"action":"token_revoked","actor_id":"45f4da3e-5b02-4c6e-9d3c-876831872686","actor_username":"yisusmaster1218@gmail.com","actor_via_sso":false,"log_type":"token"}', '2024-04-01 15:19:24.991378-07', ''),
	('00000000-0000-0000-0000-000000000000', 'cc87a823-5f81-42b1-99cb-22ef5d947d14', '{"action":"logout","actor_id":"45f4da3e-5b02-4c6e-9d3c-876831872686","actor_username":"yisusmaster1218@gmail.com","actor_via_sso":false,"log_type":"account"}', '2024-04-01 15:41:57.425716-07', ''),
	('00000000-0000-0000-0000-000000000000', 'a2c2b980-b6e3-41bb-8438-c54ea539aef7', '{"action":"login","actor_id":"45f4da3e-5b02-4c6e-9d3c-876831872686","actor_username":"yisusmaster1218@gmail.com","actor_via_sso":false,"log_type":"account","traits":{"provider":"email"}}', '2024-04-01 15:42:10.535836-07', ''),
	('00000000-0000-0000-0000-000000000000', '86a49b9f-9cab-4332-9c6e-714387de35a9', '{"action":"token_refreshed","actor_id":"e6fc595d-2e1f-4cd1-8d9f-72783645aac4","actor_username":"jaredbarojas90@gmail.com","actor_via_sso":false,"log_type":"token"}', '2024-04-01 16:02:57.804288-07', ''),
	('00000000-0000-0000-0000-000000000000', '63c265f1-c3c6-4195-98cf-5d30433c03f0', '{"action":"token_revoked","actor_id":"e6fc595d-2e1f-4cd1-8d9f-72783645aac4","actor_username":"jaredbarojas90@gmail.com","actor_via_sso":false,"log_type":"token"}', '2024-04-01 16:02:57.804824-07', ''),
	('00000000-0000-0000-0000-000000000000', 'e7fa8399-7e5d-4f3f-afd2-e8197ec8b3a1', '{"action":"logout","actor_id":"e6fc595d-2e1f-4cd1-8d9f-72783645aac4","actor_username":"jaredbarojas90@gmail.com","actor_via_sso":false,"log_type":"account"}', '2024-04-01 16:05:37.515213-07', ''),
	('00000000-0000-0000-0000-000000000000', 'a698ba17-70d9-4220-b6df-10fa27f58271', '{"action":"login","actor_id":"e6fc595d-2e1f-4cd1-8d9f-72783645aac4","actor_username":"jaredbarojas90@gmail.com","actor_via_sso":false,"log_type":"account","traits":{"provider":"email"}}', '2024-04-01 16:06:30.920515-07', ''),
	('00000000-0000-0000-0000-000000000000', '6df24062-66e4-4185-9e08-3d50655936ec', '{"action":"token_refreshed","actor_id":"acd1d671-68f3-4e94-ae01-fc0633509896","actor_username":"luisdevv232@gmail.com","actor_via_sso":false,"log_type":"token"}', '2024-04-01 16:28:47.216523-07', ''),
	('00000000-0000-0000-0000-000000000000', 'fdfcdd03-b788-4c27-b0eb-4d216e712195', '{"action":"token_revoked","actor_id":"acd1d671-68f3-4e94-ae01-fc0633509896","actor_username":"luisdevv232@gmail.com","actor_via_sso":false,"log_type":"token"}', '2024-04-01 16:28:47.217082-07', ''),
	('00000000-0000-0000-0000-000000000000', '5e694df9-4fe4-44f4-9873-a7f33fecde50', '{"action":"token_refreshed","actor_id":"4a05f22c-a7bc-4b0f-9028-00f389e6a6f7","actor_username":"andreadh01@gmail.com","actor_via_sso":false,"log_type":"token"}', '2024-04-01 16:33:54.824301-07', ''),
	('00000000-0000-0000-0000-000000000000', '54f2c82b-6c44-4335-b181-e372fe617ec5', '{"action":"token_revoked","actor_id":"4a05f22c-a7bc-4b0f-9028-00f389e6a6f7","actor_username":"andreadh01@gmail.com","actor_via_sso":false,"log_type":"token"}', '2024-04-01 16:33:54.824903-07', ''),
	('00000000-0000-0000-0000-000000000000', '2845a838-489e-450b-9b7a-cb084f2899ce', '{"action":"logout","actor_id":"acd1d671-68f3-4e94-ae01-fc0633509896","actor_username":"luisdevv232@gmail.com","actor_via_sso":false,"log_type":"account"}', '2024-04-01 17:04:39.9674-07', ''),
	('00000000-0000-0000-0000-000000000000', '4abbb4c6-cccb-4654-8299-c307612389fa', '{"action":"token_refreshed","actor_id":"e6fc595d-2e1f-4cd1-8d9f-72783645aac4","actor_username":"jaredbarojas90@gmail.com","actor_via_sso":false,"log_type":"token"}', '2024-04-01 17:04:54.69692-07', ''),
	('00000000-0000-0000-0000-000000000000', '9b3fc456-8fb4-4008-99fb-6c6d1027cdcb', '{"action":"token_revoked","actor_id":"e6fc595d-2e1f-4cd1-8d9f-72783645aac4","actor_username":"jaredbarojas90@gmail.com","actor_via_sso":false,"log_type":"token"}', '2024-04-01 17:04:54.699309-07', ''),
	('00000000-0000-0000-0000-000000000000', '667e4974-a6bf-41de-9be6-b0f6fcab2c77', '{"action":"login","actor_id":"acd1d671-68f3-4e94-ae01-fc0633509896","actor_username":"luisdevv232@gmail.com","actor_via_sso":false,"log_type":"account","traits":{"provider":"email"}}', '2024-04-01 17:05:15.344423-07', ''),
	('00000000-0000-0000-0000-000000000000', 'e6ebb420-d1e7-445e-9384-f35c47ec447f', '{"action":"token_refreshed","actor_id":"acd1d671-68f3-4e94-ae01-fc0633509896","actor_username":"luisdevv232@gmail.com","actor_via_sso":false,"log_type":"token"}', '2024-04-01 18:04:03.356499-07', ''),
	('00000000-0000-0000-0000-000000000000', 'f922e7a2-e144-4cdd-9691-354ae41e44c2', '{"action":"token_revoked","actor_id":"acd1d671-68f3-4e94-ae01-fc0633509896","actor_username":"luisdevv232@gmail.com","actor_via_sso":false,"log_type":"token"}', '2024-04-01 18:04:03.357191-07', ''),
	('00000000-0000-0000-0000-000000000000', '43f695e0-99db-40c5-a9a3-4bc0d69866f7', '{"action":"logout","actor_id":"acd1d671-68f3-4e94-ae01-fc0633509896","actor_username":"luisdevv232@gmail.com","actor_via_sso":false,"log_type":"account"}', '2024-04-01 18:12:31.78033-07', ''),
	('00000000-0000-0000-0000-000000000000', '63161506-3519-4a34-a80f-450ae0c5c092', '{"action":"user_confirmation_requested","actor_id":"e82da664-c53b-4cef-8fc4-6034d0514f91","actor_username":"sinoio7898@gmail.com","actor_via_sso":false,"log_type":"user","traits":{"provider":"email"}}', '2024-04-01 18:14:35.347954-07', ''),
	('00000000-0000-0000-0000-000000000000', 'ffdf1d4a-a9d0-4fa8-90ee-dcd2ed49e434', '{"action":"user_signedup","actor_id":"e82da664-c53b-4cef-8fc4-6034d0514f91","actor_username":"sinoio7898@gmail.com","actor_via_sso":false,"log_type":"team"}', '2024-04-01 18:14:53.395028-07', ''),
	('00000000-0000-0000-0000-000000000000', 'a5fc5878-c27a-46ce-bdb5-b8e6ceeda1cc', '{"action":"logout","actor_id":"e82da664-c53b-4cef-8fc4-6034d0514f91","actor_username":"sinoio7898@gmail.com","actor_via_sso":false,"log_type":"account"}', '2024-04-01 18:21:36.347213-07', ''),
	('00000000-0000-0000-0000-000000000000', '366798d5-1f0b-48cf-8eb9-8034f7e96c29', '{"action":"login","actor_id":"acd1d671-68f3-4e94-ae01-fc0633509896","actor_username":"luisdevv232@gmail.com","actor_via_sso":false,"log_type":"account","traits":{"provider":"email"}}', '2024-04-01 18:21:44.924582-07', ''),
	('00000000-0000-0000-0000-000000000000', 'f9156200-2abe-40ba-a972-eaad64128b2f', '{"action":"logout","actor_id":"acd1d671-68f3-4e94-ae01-fc0633509896","actor_username":"luisdevv232@gmail.com","actor_via_sso":false,"log_type":"account"}', '2024-04-01 18:21:57.953197-07', ''),
	('00000000-0000-0000-0000-000000000000', 'f1c6f4cc-9ffd-493d-8cde-5c938b554755', '{"action":"login","actor_id":"e82da664-c53b-4cef-8fc4-6034d0514f91","actor_username":"sinoio7898@gmail.com","actor_via_sso":false,"log_type":"account","traits":{"provider":"email"}}', '2024-04-01 18:22:10.827447-07', ''),
	('00000000-0000-0000-0000-000000000000', '9d8442ab-9efb-4a31-a3cf-866e70426bb3', '{"action":"logout","actor_id":"e82da664-c53b-4cef-8fc4-6034d0514f91","actor_username":"sinoio7898@gmail.com","actor_via_sso":false,"log_type":"account"}', '2024-04-01 18:26:41.349797-07', ''),
	('00000000-0000-0000-0000-000000000000', '87f4fab8-d20f-4c3b-9fbb-0d1a9085441b', '{"action":"login","actor_id":"acd1d671-68f3-4e94-ae01-fc0633509896","actor_username":"luisdevv232@gmail.com","actor_via_sso":false,"log_type":"account","traits":{"provider":"email"}}', '2024-04-01 18:26:50.819053-07', ''),
	('00000000-0000-0000-0000-000000000000', '9e1778f2-f38c-4f55-ae19-676246a932d3', '{"action":"logout","actor_id":"acd1d671-68f3-4e94-ae01-fc0633509896","actor_username":"luisdevv232@gmail.com","actor_via_sso":false,"log_type":"account"}', '2024-04-01 18:27:07.739971-07', ''),
	('00000000-0000-0000-0000-000000000000', '540a0f26-d3c7-40d8-91fb-89bd8ef18bf8', '{"action":"login","actor_id":"e82da664-c53b-4cef-8fc4-6034d0514f91","actor_username":"sinoio7898@gmail.com","actor_via_sso":false,"log_type":"account","traits":{"provider":"email"}}', '2024-04-01 18:27:29.056758-07', ''),
	('00000000-0000-0000-0000-000000000000', 'cf967f9e-b8b9-4158-99db-c83d9897d334', '{"action":"logout","actor_id":"e82da664-c53b-4cef-8fc4-6034d0514f91","actor_username":"sinoio7898@gmail.com","actor_via_sso":false,"log_type":"account"}', '2024-04-01 18:29:02.190643-07', ''),
	('00000000-0000-0000-0000-000000000000', 'bd158dca-dd1a-4120-9090-a587dc890d88', '{"action":"login","actor_id":"acd1d671-68f3-4e94-ae01-fc0633509896","actor_username":"luisdevv232@gmail.com","actor_via_sso":false,"log_type":"account","traits":{"provider":"email"}}', '2024-04-01 18:29:11.936331-07', ''),
	('00000000-0000-0000-0000-000000000000', 'fbd57db5-cfcf-4a33-90d5-d2e15eb51d4b', '{"action":"logout","actor_id":"acd1d671-68f3-4e94-ae01-fc0633509896","actor_username":"luisdevv232@gmail.com","actor_via_sso":false,"log_type":"account"}', '2024-04-01 18:29:52.11941-07', ''),
	('00000000-0000-0000-0000-000000000000', '8b5e758f-4ba6-40c2-bc54-baf4689009dc', '{"action":"login","actor_id":"e82da664-c53b-4cef-8fc4-6034d0514f91","actor_username":"sinoio7898@gmail.com","actor_via_sso":false,"log_type":"account","traits":{"provider":"email"}}', '2024-04-01 18:30:07.820667-07', ''),
	('00000000-0000-0000-0000-000000000000', 'bfaf8df2-a173-4ac6-a98e-37be5125ff22', '{"action":"logout","actor_id":"e82da664-c53b-4cef-8fc4-6034d0514f91","actor_username":"sinoio7898@gmail.com","actor_via_sso":false,"log_type":"account"}', '2024-04-01 18:30:47.369063-07', ''),
	('00000000-0000-0000-0000-000000000000', '86bf655a-403f-467b-ad60-091583e6911c', '{"action":"login","actor_id":"acd1d671-68f3-4e94-ae01-fc0633509896","actor_username":"luisdevv232@gmail.com","actor_via_sso":false,"log_type":"account","traits":{"provider":"email"}}', '2024-04-01 18:30:56.986748-07', ''),
	('00000000-0000-0000-0000-000000000000', '818411ea-9dd5-4616-8a68-422a92bb23f3', '{"action":"logout","actor_id":"acd1d671-68f3-4e94-ae01-fc0633509896","actor_username":"luisdevv232@gmail.com","actor_via_sso":false,"log_type":"account"}', '2024-04-01 18:33:37.790265-07', ''),
	('00000000-0000-0000-0000-000000000000', '3a4dc320-847a-42b2-bca7-d24aac15a552', '{"action":"login","actor_id":"e82da664-c53b-4cef-8fc4-6034d0514f91","actor_username":"sinoio7898@gmail.com","actor_via_sso":false,"log_type":"account","traits":{"provider":"email"}}', '2024-04-01 18:33:50.811061-07', ''),
	('00000000-0000-0000-0000-000000000000', '32a36f26-4e60-4676-a66a-c675af70ea83', '{"action":"logout","actor_id":"e82da664-c53b-4cef-8fc4-6034d0514f91","actor_username":"sinoio7898@gmail.com","actor_via_sso":false,"log_type":"account"}', '2024-04-01 18:34:23.432495-07', ''),
	('00000000-0000-0000-0000-000000000000', '230dfce9-9057-4304-87be-7d3ee4cad3a9', '{"action":"login","actor_id":"acd1d671-68f3-4e94-ae01-fc0633509896","actor_username":"luisdevv232@gmail.com","actor_via_sso":false,"log_type":"account","traits":{"provider":"email"}}', '2024-04-01 18:34:36.298329-07', ''),
	('00000000-0000-0000-0000-000000000000', '94a9bfce-6ec5-47f5-9f6f-218d19061511', '{"action":"logout","actor_id":"acd1d671-68f3-4e94-ae01-fc0633509896","actor_username":"luisdevv232@gmail.com","actor_via_sso":false,"log_type":"account"}', '2024-04-01 18:35:06.343176-07', ''),
	('00000000-0000-0000-0000-000000000000', '1625e9d0-15d9-4d17-8ee3-2f6d79a03454', '{"action":"login","actor_id":"acd1d671-68f3-4e94-ae01-fc0633509896","actor_username":"luisdevv232@gmail.com","actor_via_sso":false,"log_type":"account","traits":{"provider":"email"}}', '2024-04-01 18:35:32.456426-07', ''),
	('00000000-0000-0000-0000-000000000000', '29f826b5-4ba1-44f0-b4af-f77b67b5c7dd', '{"action":"logout","actor_id":"acd1d671-68f3-4e94-ae01-fc0633509896","actor_username":"luisdevv232@gmail.com","actor_via_sso":false,"log_type":"account"}', '2024-04-01 18:36:14.365754-07', ''),
	('00000000-0000-0000-0000-000000000000', '1fdbc00a-0143-4815-bde3-dd2aad4bfa89', '{"action":"login","actor_id":"acd1d671-68f3-4e94-ae01-fc0633509896","actor_username":"luisdevv232@gmail.com","actor_via_sso":false,"log_type":"account","traits":{"provider":"email"}}', '2024-04-01 18:36:38.448654-07', ''),
	('00000000-0000-0000-0000-000000000000', 'e310dc44-884c-4a04-9bb0-4cbcfdeba34a', '{"action":"logout","actor_id":"acd1d671-68f3-4e94-ae01-fc0633509896","actor_username":"luisdevv232@gmail.com","actor_via_sso":false,"log_type":"account"}', '2024-04-01 18:37:05.608365-07', ''),
	('00000000-0000-0000-0000-000000000000', '99d44516-5003-4821-a526-9ffcdcabc506', '{"action":"login","actor_id":"acd1d671-68f3-4e94-ae01-fc0633509896","actor_username":"luisdevv232@gmail.com","actor_via_sso":false,"log_type":"account","traits":{"provider":"email"}}', '2024-04-01 18:37:55.325815-07', ''),
	('00000000-0000-0000-0000-000000000000', '10327066-487d-4819-9a48-6a517edfd27f', '{"action":"logout","actor_id":"acd1d671-68f3-4e94-ae01-fc0633509896","actor_username":"luisdevv232@gmail.com","actor_via_sso":false,"log_type":"account"}', '2024-04-01 18:38:31.328814-07', ''),
	('00000000-0000-0000-0000-000000000000', '480c3103-2a92-4bf2-ab45-74c2dd67b064', '{"action":"login","actor_id":"acd1d671-68f3-4e94-ae01-fc0633509896","actor_username":"luisdevv232@gmail.com","actor_via_sso":false,"log_type":"account","traits":{"provider":"email"}}', '2024-04-01 18:45:57.659421-07', ''),
	('00000000-0000-0000-0000-000000000000', '1105e817-9720-4eff-b69a-42bff954b7f5', '{"action":"logout","actor_id":"acd1d671-68f3-4e94-ae01-fc0633509896","actor_username":"luisdevv232@gmail.com","actor_via_sso":false,"log_type":"account"}', '2024-04-01 18:47:31.864153-07', ''),
	('00000000-0000-0000-0000-000000000000', 'bbb81a74-166a-415e-89fc-fda650e1b414', '{"action":"login","actor_id":"acd1d671-68f3-4e94-ae01-fc0633509896","actor_username":"luisdevv232@gmail.com","actor_via_sso":false,"log_type":"account","traits":{"provider":"email"}}', '2024-04-01 18:48:04.551523-07', ''),
	('00000000-0000-0000-0000-000000000000', 'fc0ddcae-767c-4912-88a6-42a2ad3ed8b4', '{"action":"logout","actor_id":"acd1d671-68f3-4e94-ae01-fc0633509896","actor_username":"luisdevv232@gmail.com","actor_via_sso":false,"log_type":"account"}', '2024-04-01 18:49:12.104833-07', ''),
	('00000000-0000-0000-0000-000000000000', '40be217a-034c-4d72-b00e-3dd1f8bfbc68', '{"action":"login","actor_id":"e82da664-c53b-4cef-8fc4-6034d0514f91","actor_username":"sinoio7898@gmail.com","actor_via_sso":false,"log_type":"account","traits":{"provider":"email"}}', '2024-04-01 18:49:34.45203-07', ''),
	('00000000-0000-0000-0000-000000000000', '37338ef1-13b2-4687-9f19-b082fd206012', '{"action":"logout","actor_id":"e82da664-c53b-4cef-8fc4-6034d0514f91","actor_username":"sinoio7898@gmail.com","actor_via_sso":false,"log_type":"account"}', '2024-04-01 18:49:50.341352-07', ''),
	('00000000-0000-0000-0000-000000000000', '683f39f2-53e9-43d6-901b-d709e0af9d1b', '{"action":"login","actor_id":"acd1d671-68f3-4e94-ae01-fc0633509896","actor_username":"luisdevv232@gmail.com","actor_via_sso":false,"log_type":"account","traits":{"provider":"email"}}', '2024-04-01 18:50:39.490811-07', ''),
	('00000000-0000-0000-0000-000000000000', '540903ee-c4cf-4da9-9470-1e0bddf862f0', '{"action":"logout","actor_id":"acd1d671-68f3-4e94-ae01-fc0633509896","actor_username":"luisdevv232@gmail.com","actor_via_sso":false,"log_type":"account"}', '2024-04-01 18:50:52.754006-07', ''),
	('00000000-0000-0000-0000-000000000000', 'f83122c9-dc29-4d74-85eb-e459140b9f0a', '{"action":"login","actor_id":"acd1d671-68f3-4e94-ae01-fc0633509896","actor_username":"luisdevv232@gmail.com","actor_via_sso":false,"log_type":"account","traits":{"provider":"email"}}', '2024-04-01 18:51:15.211067-07', ''),
	('00000000-0000-0000-0000-000000000000', '11384395-3b11-4331-b64e-b8b8fcdf29d4', '{"action":"logout","actor_id":"acd1d671-68f3-4e94-ae01-fc0633509896","actor_username":"luisdevv232@gmail.com","actor_via_sso":false,"log_type":"account"}', '2024-04-01 18:51:26.46634-07', ''),
	('00000000-0000-0000-0000-000000000000', '2ec43e5b-8ec1-448a-9f70-d9ff77863239', '{"action":"login","actor_id":"acd1d671-68f3-4e94-ae01-fc0633509896","actor_username":"luisdevv232@gmail.com","actor_via_sso":false,"log_type":"account","traits":{"provider":"email"}}', '2024-04-01 18:52:07.774299-07', ''),
	('00000000-0000-0000-0000-000000000000', '391f61dd-8dfa-42a3-843c-f362d2a65504', '{"action":"logout","actor_id":"acd1d671-68f3-4e94-ae01-fc0633509896","actor_username":"luisdevv232@gmail.com","actor_via_sso":false,"log_type":"account"}', '2024-04-01 18:52:17.497072-07', ''),
	('00000000-0000-0000-0000-000000000000', '7db2c73f-ba70-4f81-bdb1-4f2d2c03cc78', '{"action":"login","actor_id":"acd1d671-68f3-4e94-ae01-fc0633509896","actor_username":"luisdevv232@gmail.com","actor_via_sso":false,"log_type":"account","traits":{"provider":"email"}}', '2024-04-01 18:53:12.277968-07', ''),
	('00000000-0000-0000-0000-000000000000', '9cbf17c1-68ec-4ad7-aecd-1e4c6565f63a', '{"action":"logout","actor_id":"acd1d671-68f3-4e94-ae01-fc0633509896","actor_username":"luisdevv232@gmail.com","actor_via_sso":false,"log_type":"account"}', '2024-04-01 18:54:33.71784-07', ''),
	('00000000-0000-0000-0000-000000000000', '49740e06-ccb7-4305-9d53-03b60ab31bc8', '{"action":"login","actor_id":"acd1d671-68f3-4e94-ae01-fc0633509896","actor_username":"luisdevv232@gmail.com","actor_via_sso":false,"log_type":"account","traits":{"provider":"email"}}', '2024-04-01 18:54:42.821325-07', ''),
	('00000000-0000-0000-0000-000000000000', '962ee719-3071-4d7c-bf03-0894c82e582b', '{"action":"logout","actor_id":"acd1d671-68f3-4e94-ae01-fc0633509896","actor_username":"luisdevv232@gmail.com","actor_via_sso":false,"log_type":"account"}', '2024-04-01 18:54:55.767888-07', ''),
	('00000000-0000-0000-0000-000000000000', '6c4af2c0-c1f4-4b10-9368-d37070449a45', '{"action":"login","actor_id":"e82da664-c53b-4cef-8fc4-6034d0514f91","actor_username":"sinoio7898@gmail.com","actor_via_sso":false,"log_type":"account","traits":{"provider":"email"}}', '2024-04-01 18:55:11.187679-07', ''),
	('00000000-0000-0000-0000-000000000000', '2e19b557-077d-45aa-8cc8-c4ebd3bf7df3', '{"action":"logout","actor_id":"e82da664-c53b-4cef-8fc4-6034d0514f91","actor_username":"sinoio7898@gmail.com","actor_via_sso":false,"log_type":"account"}', '2024-04-01 18:55:27.99258-07', ''),
	('00000000-0000-0000-0000-000000000000', '470d0d3b-36c0-4107-b30a-994b32ff1425', '{"action":"login","actor_id":"acd1d671-68f3-4e94-ae01-fc0633509896","actor_username":"luisdevv232@gmail.com","actor_via_sso":false,"log_type":"account","traits":{"provider":"email"}}', '2024-04-01 18:55:39.600217-07', ''),
	('00000000-0000-0000-0000-000000000000', '200d9256-3f2e-4a2f-9667-f5c5ea298701', '{"action":"logout","actor_id":"acd1d671-68f3-4e94-ae01-fc0633509896","actor_username":"luisdevv232@gmail.com","actor_via_sso":false,"log_type":"account"}', '2024-04-01 18:56:11.936718-07', ''),
	('00000000-0000-0000-0000-000000000000', '5b61226b-5518-4247-9dfc-c262d49bf446', '{"action":"login","actor_id":"acd1d671-68f3-4e94-ae01-fc0633509896","actor_username":"luisdevv232@gmail.com","actor_via_sso":false,"log_type":"account","traits":{"provider":"email"}}', '2024-04-01 18:56:40.272144-07', ''),
	('00000000-0000-0000-0000-000000000000', 'b6dd6b99-bf07-4450-97df-85cfce9e17b7', '{"action":"token_refreshed","actor_id":"e6fc595d-2e1f-4cd1-8d9f-72783645aac4","actor_username":"jaredbarojas90@gmail.com","actor_via_sso":false,"log_type":"token"}', '2024-04-01 19:39:49.255845-07', ''),
	('00000000-0000-0000-0000-000000000000', '3e4db903-e532-4373-81d0-9f9488eb4ff6', '{"action":"token_revoked","actor_id":"e6fc595d-2e1f-4cd1-8d9f-72783645aac4","actor_username":"jaredbarojas90@gmail.com","actor_via_sso":false,"log_type":"token"}', '2024-04-01 19:39:49.256422-07', ''),
	('00000000-0000-0000-0000-000000000000', 'b3b47e92-9f81-4d1e-8879-a932eb7253c0', '{"action":"logout","actor_id":"e6fc595d-2e1f-4cd1-8d9f-72783645aac4","actor_username":"jaredbarojas90@gmail.com","actor_via_sso":false,"log_type":"account"}', '2024-04-01 20:34:48.286733-07', ''),
	('00000000-0000-0000-0000-000000000000', 'a5413790-abbd-49f4-949f-21eec69763f5', '{"action":"login","actor_id":"e6fc595d-2e1f-4cd1-8d9f-72783645aac4","actor_username":"jaredbarojas90@gmail.com","actor_via_sso":false,"log_type":"account","traits":{"provider":"email"}}', '2024-04-01 20:34:57.970235-07', ''),
	('00000000-0000-0000-0000-000000000000', 'ecb76131-353e-4bc8-8f0c-97c577ccffbe', '{"action":"logout","actor_id":"e6fc595d-2e1f-4cd1-8d9f-72783645aac4","actor_username":"jaredbarojas90@gmail.com","actor_via_sso":false,"log_type":"account"}', '2024-04-01 20:41:59.07566-07', ''),
	('00000000-0000-0000-0000-000000000000', '25aa17d9-13a1-4e5f-b6b4-81adf07827bd', '{"action":"login","actor_id":"e6fc595d-2e1f-4cd1-8d9f-72783645aac4","actor_username":"jaredbarojas90@gmail.com","actor_via_sso":false,"log_type":"account","traits":{"provider":"email"}}', '2024-04-01 20:42:07.721099-07', ''),
	('00000000-0000-0000-0000-000000000000', 'e83d31ae-d338-4caf-9d08-61f81ed23ade', '{"action":"login","actor_id":"45f4da3e-5b02-4c6e-9d3c-876831872686","actor_username":"yisusmaster1218@gmail.com","actor_via_sso":false,"log_type":"account","traits":{"provider":"email"}}', '2024-04-01 21:07:00.604861-07', ''),
	('00000000-0000-0000-0000-000000000000', '75190db4-4c4c-4afb-be57-e950933b64f7', '{"action":"token_refreshed","actor_id":"e6fc595d-2e1f-4cd1-8d9f-72783645aac4","actor_username":"jaredbarojas90@gmail.com","actor_via_sso":false,"log_type":"token"}', '2024-04-01 21:40:15.790825-07', ''),
	('00000000-0000-0000-0000-000000000000', '59107b9a-304f-42a0-8e7c-d206277994be', '{"action":"token_revoked","actor_id":"e6fc595d-2e1f-4cd1-8d9f-72783645aac4","actor_username":"jaredbarojas90@gmail.com","actor_via_sso":false,"log_type":"token"}', '2024-04-01 21:40:15.791386-07', ''),
	('00000000-0000-0000-0000-000000000000', 'c66b8000-7fde-4285-941f-816fe0d9fa43', '{"action":"token_refreshed","actor_id":"4a05f22c-a7bc-4b0f-9028-00f389e6a6f7","actor_username":"andreadh01@gmail.com","actor_via_sso":false,"log_type":"token"}', '2024-04-01 22:56:26.422948-07', ''),
	('00000000-0000-0000-0000-000000000000', 'f88ee931-beeb-4ec2-99d2-f7a052ad3bc8', '{"action":"token_revoked","actor_id":"4a05f22c-a7bc-4b0f-9028-00f389e6a6f7","actor_username":"andreadh01@gmail.com","actor_via_sso":false,"log_type":"token"}', '2024-04-01 22:56:26.42355-07', ''),
	('00000000-0000-0000-0000-000000000000', 'd0ee81b1-2c65-4459-87bd-3d0bb6b2b794', '{"action":"token_refreshed","actor_id":"45f4da3e-5b02-4c6e-9d3c-876831872686","actor_username":"yisusmaster1218@gmail.com","actor_via_sso":false,"log_type":"token"}', '2024-04-01 23:27:57.234097-07', ''),
	('00000000-0000-0000-0000-000000000000', '922a307a-405b-4c2f-9ff0-986d3f597132', '{"action":"token_revoked","actor_id":"45f4da3e-5b02-4c6e-9d3c-876831872686","actor_username":"yisusmaster1218@gmail.com","actor_via_sso":false,"log_type":"token"}', '2024-04-01 23:27:57.235085-07', ''),
	('00000000-0000-0000-0000-000000000000', 'e3373f55-eda8-48ad-a871-020faebb5d9d', '{"action":"login","actor_id":"45f4da3e-5b02-4c6e-9d3c-876831872686","actor_username":"yisusmaster1218@gmail.com","actor_via_sso":false,"log_type":"account","traits":{"provider":"email"}}', '2024-04-01 23:28:10.015584-07', ''),
	('00000000-0000-0000-0000-000000000000', 'ca56be4f-f806-47e0-affc-8f4b1de41347', '{"action":"token_refreshed","actor_id":"45f4da3e-5b02-4c6e-9d3c-876831872686","actor_username":"yisusmaster1218@gmail.com","actor_via_sso":false,"log_type":"token"}', '2024-04-02 00:26:42.206173-07', ''),
	('00000000-0000-0000-0000-000000000000', 'aa8c2846-6261-402d-85c7-6d8c8026b172', '{"action":"token_revoked","actor_id":"45f4da3e-5b02-4c6e-9d3c-876831872686","actor_username":"yisusmaster1218@gmail.com","actor_via_sso":false,"log_type":"token"}', '2024-04-02 00:26:42.20682-07', ''),
	('00000000-0000-0000-0000-000000000000', '3df7bb63-a1a1-4ef0-a82c-dbfc221b60d7', '{"action":"token_refreshed","actor_id":"45f4da3e-5b02-4c6e-9d3c-876831872686","actor_username":"yisusmaster1218@gmail.com","actor_via_sso":false,"log_type":"token"}', '2024-04-02 09:26:58.775595-07', ''),
	('00000000-0000-0000-0000-000000000000', '3284faa8-385c-4af9-b5a5-f851ed163f4d', '{"action":"token_revoked","actor_id":"45f4da3e-5b02-4c6e-9d3c-876831872686","actor_username":"yisusmaster1218@gmail.com","actor_via_sso":false,"log_type":"token"}', '2024-04-02 09:26:58.778037-07', ''),
	('00000000-0000-0000-0000-000000000000', '446b0fac-feb7-47e4-8b5e-6ba56d8ef0ca', '{"action":"token_refreshed","actor_id":"45f4da3e-5b02-4c6e-9d3c-876831872686","actor_username":"yisusmaster1218@gmail.com","actor_via_sso":false,"log_type":"token"}', '2024-04-02 10:39:08.28214-07', ''),
	('00000000-0000-0000-0000-000000000000', 'd142e0ff-1494-4a35-ae4c-35f458281791', '{"action":"token_revoked","actor_id":"45f4da3e-5b02-4c6e-9d3c-876831872686","actor_username":"yisusmaster1218@gmail.com","actor_via_sso":false,"log_type":"token"}', '2024-04-02 10:39:08.282699-07', ''),
	('00000000-0000-0000-0000-000000000000', '43966e67-dee5-4e2a-8bff-b4edd3db0ac4', '{"action":"token_refreshed","actor_id":"4a05f22c-a7bc-4b0f-9028-00f389e6a6f7","actor_username":"andreadh01@gmail.com","actor_via_sso":false,"log_type":"token"}', '2024-04-02 10:43:15.269012-07', ''),
	('00000000-0000-0000-0000-000000000000', '9f242efd-ed9f-4053-aeeb-1be91b162552', '{"action":"token_revoked","actor_id":"4a05f22c-a7bc-4b0f-9028-00f389e6a6f7","actor_username":"andreadh01@gmail.com","actor_via_sso":false,"log_type":"token"}', '2024-04-02 10:43:15.269564-07', ''),
	('00000000-0000-0000-0000-000000000000', 'baa3d7ba-2a25-4a8e-9e13-486c15b85a3e', '{"action":"token_refreshed","actor_id":"e6fc595d-2e1f-4cd1-8d9f-72783645aac4","actor_username":"jaredbarojas90@gmail.com","actor_via_sso":false,"log_type":"token"}', '2024-04-02 11:52:12.159014-07', ''),
	('00000000-0000-0000-0000-000000000000', 'cd26596c-738c-4b25-b779-fc76c6374e4a', '{"action":"token_revoked","actor_id":"e6fc595d-2e1f-4cd1-8d9f-72783645aac4","actor_username":"jaredbarojas90@gmail.com","actor_via_sso":false,"log_type":"token"}', '2024-04-02 11:52:12.159635-07', ''),
	('00000000-0000-0000-0000-000000000000', '7dcd4f92-2ef2-4421-af91-79c6b0c8c2eb', '{"action":"token_refreshed","actor_id":"e6fc595d-2e1f-4cd1-8d9f-72783645aac4","actor_username":"jaredbarojas90@gmail.com","actor_via_sso":false,"log_type":"token"}', '2024-04-02 12:50:13.985804-07', ''),
	('00000000-0000-0000-0000-000000000000', '1f255aa1-9cec-4e4f-9719-cfe1fe05ff5e', '{"action":"token_revoked","actor_id":"e6fc595d-2e1f-4cd1-8d9f-72783645aac4","actor_username":"jaredbarojas90@gmail.com","actor_via_sso":false,"log_type":"token"}', '2024-04-02 12:50:13.987618-07', ''),
	('00000000-0000-0000-0000-000000000000', '16c34804-61a5-490a-bcc8-73123ad94f6e', '{"action":"token_refreshed","actor_id":"45f4da3e-5b02-4c6e-9d3c-876831872686","actor_username":"yisusmaster1218@gmail.com","actor_via_sso":false,"log_type":"token"}', '2024-04-02 13:27:40.500046-07', ''),
	('00000000-0000-0000-0000-000000000000', 'b856ee34-ad56-4f8e-82f6-a742005d885a', '{"action":"token_revoked","actor_id":"45f4da3e-5b02-4c6e-9d3c-876831872686","actor_username":"yisusmaster1218@gmail.com","actor_via_sso":false,"log_type":"token"}', '2024-04-02 13:27:40.500757-07', ''),
	('00000000-0000-0000-0000-000000000000', '627cd62c-64aa-47af-b004-a0335467da3d', '{"action":"token_refreshed","actor_id":"45f4da3e-5b02-4c6e-9d3c-876831872686","actor_username":"yisusmaster1218@gmail.com","actor_via_sso":false,"log_type":"token"}', '2024-04-02 14:45:55.421687-07', ''),
	('00000000-0000-0000-0000-000000000000', 'a8ceb65c-e59a-4527-a87a-116c3764fac1', '{"action":"token_revoked","actor_id":"45f4da3e-5b02-4c6e-9d3c-876831872686","actor_username":"yisusmaster1218@gmail.com","actor_via_sso":false,"log_type":"token"}', '2024-04-02 14:45:55.423637-07', ''),
	('00000000-0000-0000-0000-000000000000', '6ad58822-b92b-4dee-9e9e-fcde651ba61d', '{"action":"token_refreshed","actor_id":"e6fc595d-2e1f-4cd1-8d9f-72783645aac4","actor_username":"jaredbarojas90@gmail.com","actor_via_sso":false,"log_type":"token"}', '2024-04-02 17:09:59.884315-07', ''),
	('00000000-0000-0000-0000-000000000000', '39f1bf4a-3ca6-4d0c-b40b-26768680e3bb', '{"action":"token_revoked","actor_id":"e6fc595d-2e1f-4cd1-8d9f-72783645aac4","actor_username":"jaredbarojas90@gmail.com","actor_via_sso":false,"log_type":"token"}', '2024-04-02 17:09:59.884916-07', ''),
	('00000000-0000-0000-0000-000000000000', '5e4e8240-2948-4573-a4fd-371e473667fe', '{"action":"token_refreshed","actor_id":"4a05f22c-a7bc-4b0f-9028-00f389e6a6f7","actor_username":"andreadh01@gmail.com","actor_via_sso":false,"log_type":"token"}', '2024-04-02 19:18:47.758464-07', ''),
	('00000000-0000-0000-0000-000000000000', '1c9a8b87-6a09-440a-87a2-e25f8a0a45ae', '{"action":"token_revoked","actor_id":"4a05f22c-a7bc-4b0f-9028-00f389e6a6f7","actor_username":"andreadh01@gmail.com","actor_via_sso":false,"log_type":"token"}', '2024-04-02 19:18:47.759116-07', ''),
	('00000000-0000-0000-0000-000000000000', '73133f0a-a21e-4dcb-ab6b-bbb0b75849d2', '{"action":"token_refreshed","actor_id":"4a05f22c-a7bc-4b0f-9028-00f389e6a6f7","actor_username":"andreadh01@gmail.com","actor_via_sso":false,"log_type":"token"}', '2024-04-02 20:17:06.500886-07', ''),
	('00000000-0000-0000-0000-000000000000', '71cdca3d-5952-484d-be6d-0c77a0b99131', '{"action":"token_revoked","actor_id":"4a05f22c-a7bc-4b0f-9028-00f389e6a6f7","actor_username":"andreadh01@gmail.com","actor_via_sso":false,"log_type":"token"}', '2024-04-02 20:17:06.503239-07', ''),
	('00000000-0000-0000-0000-000000000000', '77c13754-a356-4349-91fa-a04d917e7571', '{"action":"token_refreshed","actor_id":"4a05f22c-a7bc-4b0f-9028-00f389e6a6f7","actor_username":"andreadh01@gmail.com","actor_via_sso":false,"log_type":"token"}', '2024-04-02 21:15:13.290372-07', ''),
	('00000000-0000-0000-0000-000000000000', '3bd21b67-cb08-402c-a624-93edf63c0abb', '{"action":"token_revoked","actor_id":"4a05f22c-a7bc-4b0f-9028-00f389e6a6f7","actor_username":"andreadh01@gmail.com","actor_via_sso":false,"log_type":"token"}', '2024-04-02 21:15:13.290955-07', ''),
	('00000000-0000-0000-0000-000000000000', 'f32f8b7e-558a-4dbd-af0f-68eb45f62af1', '{"action":"token_refreshed","actor_id":"45f4da3e-5b02-4c6e-9d3c-876831872686","actor_username":"yisusmaster1218@gmail.com","actor_via_sso":false,"log_type":"token"}', '2024-04-03 00:02:18.083094-07', ''),
	('00000000-0000-0000-0000-000000000000', '97f7e786-0a3d-4a90-ad08-567026a3423d', '{"action":"token_revoked","actor_id":"45f4da3e-5b02-4c6e-9d3c-876831872686","actor_username":"yisusmaster1218@gmail.com","actor_via_sso":false,"log_type":"token"}', '2024-04-03 00:02:18.084904-07', ''),
	('00000000-0000-0000-0000-000000000000', 'a20411b3-0614-4ddd-becd-14bad6cdbbbb', '{"action":"token_refreshed","actor_id":"45f4da3e-5b02-4c6e-9d3c-876831872686","actor_username":"yisusmaster1218@gmail.com","actor_via_sso":false,"log_type":"token"}', '2024-04-03 01:00:30.50308-07', ''),
	('00000000-0000-0000-0000-000000000000', 'a2289d34-f6c1-45f9-a3cc-7140a15dd5b7', '{"action":"token_revoked","actor_id":"45f4da3e-5b02-4c6e-9d3c-876831872686","actor_username":"yisusmaster1218@gmail.com","actor_via_sso":false,"log_type":"token"}', '2024-04-03 01:00:30.504555-07', ''),
	('00000000-0000-0000-0000-000000000000', '465f3bb0-5179-4ab2-bac5-a9e53eb2b2e6', '{"action":"logout","actor_id":"45f4da3e-5b02-4c6e-9d3c-876831872686","actor_username":"yisusmaster1218@gmail.com","actor_via_sso":false,"log_type":"account"}', '2024-04-03 01:09:31.04497-07', ''),
	('00000000-0000-0000-0000-000000000000', 'f96f9992-26ab-4be4-bf8d-cf2b038bd013', '{"action":"login","actor_id":"45f4da3e-5b02-4c6e-9d3c-876831872686","actor_username":"yisusmaster1218@gmail.com","actor_via_sso":false,"log_type":"account","traits":{"provider":"email"}}', '2024-04-03 01:12:18.244039-07', ''),
	('00000000-0000-0000-0000-000000000000', '77d241ad-b541-4d0b-b880-bfdd8ea0a266', '{"action":"login","actor_id":"45f4da3e-5b02-4c6e-9d3c-876831872686","actor_username":"yisusmaster1218@gmail.com","actor_via_sso":false,"log_type":"account","traits":{"provider":"email"}}', '2024-04-03 10:04:18.969449-07', ''),
	('00000000-0000-0000-0000-000000000000', 'd3963dcd-cd47-4ef3-bca9-82fa7175397e', '{"action":"token_refreshed","actor_id":"45f4da3e-5b02-4c6e-9d3c-876831872686","actor_username":"yisusmaster1218@gmail.com","actor_via_sso":false,"log_type":"token"}', '2024-04-03 11:07:19.798247-07', ''),
	('00000000-0000-0000-0000-000000000000', '27aecdd7-b01c-46a6-9186-639a6c709e11', '{"action":"token_revoked","actor_id":"45f4da3e-5b02-4c6e-9d3c-876831872686","actor_username":"yisusmaster1218@gmail.com","actor_via_sso":false,"log_type":"token"}', '2024-04-03 11:07:19.799352-07', ''),
	('00000000-0000-0000-0000-000000000000', 'd7f41cc1-0061-480e-9d65-6362dafbbdbb', '{"action":"token_refreshed","actor_id":"45f4da3e-5b02-4c6e-9d3c-876831872686","actor_username":"yisusmaster1218@gmail.com","actor_via_sso":false,"log_type":"token"}', '2024-04-03 12:10:08.261624-07', ''),
	('00000000-0000-0000-0000-000000000000', 'ccecfcc6-f129-45e5-8dcb-09833b737170', '{"action":"token_revoked","actor_id":"45f4da3e-5b02-4c6e-9d3c-876831872686","actor_username":"yisusmaster1218@gmail.com","actor_via_sso":false,"log_type":"token"}', '2024-04-03 12:10:08.262259-07', ''),
	('00000000-0000-0000-0000-000000000000', '99f3e9dd-1a47-402f-bd5e-d261ab14e848', '{"action":"token_refreshed","actor_id":"e6fc595d-2e1f-4cd1-8d9f-72783645aac4","actor_username":"jaredbarojas90@gmail.com","actor_via_sso":false,"log_type":"token"}', '2024-04-03 12:28:24.087765-07', ''),
	('00000000-0000-0000-0000-000000000000', '041a25f4-154a-4368-a3f6-fc0d2db01340', '{"action":"token_revoked","actor_id":"e6fc595d-2e1f-4cd1-8d9f-72783645aac4","actor_username":"jaredbarojas90@gmail.com","actor_via_sso":false,"log_type":"token"}', '2024-04-03 12:28:24.088339-07', ''),
	('00000000-0000-0000-0000-000000000000', '98572aba-3357-4414-9352-c31cb9af8298', '{"action":"logout","actor_id":"e6fc595d-2e1f-4cd1-8d9f-72783645aac4","actor_username":"jaredbarojas90@gmail.com","actor_via_sso":false,"log_type":"account"}', '2024-04-03 12:32:40.33111-07', ''),
	('00000000-0000-0000-0000-000000000000', 'baa3c2d6-1cde-4c22-842c-b4830a6b1d9f', '{"action":"login","actor_id":"b6d38bb3-c954-415b-baf8-b91f322d2e6e","actor_username":"daeb2222@gmail.com","actor_via_sso":false,"log_type":"account","traits":{"provider":"email"}}', '2024-04-03 12:32:53.265161-07', ''),
	('00000000-0000-0000-0000-000000000000', '343e16e0-0cb2-421c-b7ce-c0ff14739aa4', '{"action":"logout","actor_id":"b6d38bb3-c954-415b-baf8-b91f322d2e6e","actor_username":"daeb2222@gmail.com","actor_via_sso":false,"log_type":"account"}', '2024-04-03 12:33:15.735053-07', ''),
	('00000000-0000-0000-0000-000000000000', 'cbe515a3-fb1d-425e-9962-791b53d2381b', '{"action":"login","actor_id":"e6fc595d-2e1f-4cd1-8d9f-72783645aac4","actor_username":"jaredbarojas90@gmail.com","actor_via_sso":false,"log_type":"account","traits":{"provider":"email"}}', '2024-04-03 12:34:15.445047-07', ''),
	('00000000-0000-0000-0000-000000000000', 'bfd798f0-8a85-4c64-b00f-a9b10637f8ac', '{"action":"logout","actor_id":"e6fc595d-2e1f-4cd1-8d9f-72783645aac4","actor_username":"jaredbarojas90@gmail.com","actor_via_sso":false,"log_type":"account"}', '2024-04-03 13:04:49.728656-07', ''),
	('00000000-0000-0000-0000-000000000000', '9d30a961-6954-4b87-a283-ea1b3ace2142', '{"action":"login","actor_id":"e6fc595d-2e1f-4cd1-8d9f-72783645aac4","actor_username":"jaredbarojas90@gmail.com","actor_via_sso":false,"log_type":"account","traits":{"provider":"email"}}', '2024-04-03 13:05:00.33164-07', ''),
	('00000000-0000-0000-0000-000000000000', 'ca263707-d4f3-4415-9e4e-62c1a29d397c', '{"action":"token_refreshed","actor_id":"4a05f22c-a7bc-4b0f-9028-00f389e6a6f7","actor_username":"andreadh01@gmail.com","actor_via_sso":false,"log_type":"token"}', '2024-04-03 13:07:06.744576-07', ''),
	('00000000-0000-0000-0000-000000000000', '273cc241-0546-4706-8aa3-4d32665b4b3b', '{"action":"token_revoked","actor_id":"4a05f22c-a7bc-4b0f-9028-00f389e6a6f7","actor_username":"andreadh01@gmail.com","actor_via_sso":false,"log_type":"token"}', '2024-04-03 13:07:06.745762-07', ''),
	('00000000-0000-0000-0000-000000000000', 'e769f0da-b9f6-454a-90ae-88a7da17a688', '{"action":"logout","actor_id":"e6fc595d-2e1f-4cd1-8d9f-72783645aac4","actor_username":"jaredbarojas90@gmail.com","actor_via_sso":false,"log_type":"account"}', '2024-04-03 13:09:09.714175-07', ''),
	('00000000-0000-0000-0000-000000000000', '99a687d5-b714-4400-9ea6-2003871e3259', '{"action":"login","actor_id":"e6fc595d-2e1f-4cd1-8d9f-72783645aac4","actor_username":"jaredbarojas90@gmail.com","actor_via_sso":false,"log_type":"account","traits":{"provider":"email"}}', '2024-04-03 13:09:25.069626-07', ''),
	('00000000-0000-0000-0000-000000000000', '1d6e168d-74a6-46e4-a9d5-ad6d5ed3f19b', '{"action":"logout","actor_id":"e6fc595d-2e1f-4cd1-8d9f-72783645aac4","actor_username":"jaredbarojas90@gmail.com","actor_via_sso":false,"log_type":"account"}', '2024-04-03 13:09:36.291545-07', ''),
	('00000000-0000-0000-0000-000000000000', '0c60e779-7307-4363-85de-ea8b21167928', '{"action":"login","actor_id":"e6fc595d-2e1f-4cd1-8d9f-72783645aac4","actor_username":"jaredbarojas90@gmail.com","actor_via_sso":false,"log_type":"account","traits":{"provider":"email"}}', '2024-04-03 13:09:47.57438-07', ''),
	('00000000-0000-0000-0000-000000000000', '5ac2e72e-82cf-480a-bd61-c43583b78b01', '{"action":"token_refreshed","actor_id":"45f4da3e-5b02-4c6e-9d3c-876831872686","actor_username":"yisusmaster1218@gmail.com","actor_via_sso":false,"log_type":"token"}', '2024-04-03 13:55:18.513204-07', ''),
	('00000000-0000-0000-0000-000000000000', '19d03228-2e0f-473e-8cb1-d68f54d62594', '{"action":"token_revoked","actor_id":"45f4da3e-5b02-4c6e-9d3c-876831872686","actor_username":"yisusmaster1218@gmail.com","actor_via_sso":false,"log_type":"token"}', '2024-04-03 13:55:18.514402-07', ''),
	('00000000-0000-0000-0000-000000000000', '7ea2c723-59c5-445b-8160-5eb10d31b392', '{"action":"token_refreshed","actor_id":"4a05f22c-a7bc-4b0f-9028-00f389e6a6f7","actor_username":"andreadh01@gmail.com","actor_via_sso":false,"log_type":"token"}', '2024-04-03 14:05:36.287354-07', ''),
	('00000000-0000-0000-0000-000000000000', 'abc2ee84-ef1a-4785-8257-eb67308b258c', '{"action":"token_revoked","actor_id":"4a05f22c-a7bc-4b0f-9028-00f389e6a6f7","actor_username":"andreadh01@gmail.com","actor_via_sso":false,"log_type":"token"}', '2024-04-03 14:05:36.287944-07', ''),
	('00000000-0000-0000-0000-000000000000', '6f231cba-54c6-45a1-9ecf-0a60a392f202', '{"action":"token_refreshed","actor_id":"e6fc595d-2e1f-4cd1-8d9f-72783645aac4","actor_username":"jaredbarojas90@gmail.com","actor_via_sso":false,"log_type":"token"}', '2024-04-03 14:08:01.857932-07', ''),
	('00000000-0000-0000-0000-000000000000', 'bd00abbb-45d5-4a11-b378-b3acda975612', '{"action":"token_revoked","actor_id":"e6fc595d-2e1f-4cd1-8d9f-72783645aac4","actor_username":"jaredbarojas90@gmail.com","actor_via_sso":false,"log_type":"token"}', '2024-04-03 14:08:01.858515-07', ''),
	('00000000-0000-0000-0000-000000000000', '4badbe0c-5bf3-40e3-b373-7ebba0092eb8', '{"action":"token_refreshed","actor_id":"45f4da3e-5b02-4c6e-9d3c-876831872686","actor_username":"yisusmaster1218@gmail.com","actor_via_sso":false,"log_type":"token"}', '2024-04-03 14:54:08.326224-07', ''),
	('00000000-0000-0000-0000-000000000000', '7032b954-c5ba-46f2-9842-4ca4378d7890', '{"action":"token_revoked","actor_id":"45f4da3e-5b02-4c6e-9d3c-876831872686","actor_username":"yisusmaster1218@gmail.com","actor_via_sso":false,"log_type":"token"}', '2024-04-03 14:54:08.326813-07', ''),
	('00000000-0000-0000-0000-000000000000', '32d0b8c3-0005-4044-9a9d-739b2255a889', '{"action":"token_refreshed","actor_id":"e6fc595d-2e1f-4cd1-8d9f-72783645aac4","actor_username":"jaredbarojas90@gmail.com","actor_via_sso":false,"log_type":"token"}', '2024-04-03 15:29:22.122809-07', ''),
	('00000000-0000-0000-0000-000000000000', 'f38cfc3e-1fe2-4c1d-8c02-157b8d83abc0', '{"action":"token_revoked","actor_id":"e6fc595d-2e1f-4cd1-8d9f-72783645aac4","actor_username":"jaredbarojas90@gmail.com","actor_via_sso":false,"log_type":"token"}', '2024-04-03 15:29:22.123382-07', ''),
	('00000000-0000-0000-0000-000000000000', 'c6df534a-faea-4c8d-a3dc-f256469f28a3', '{"action":"logout","actor_id":"e6fc595d-2e1f-4cd1-8d9f-72783645aac4","actor_username":"jaredbarojas90@gmail.com","actor_via_sso":false,"log_type":"account"}', '2024-04-03 15:59:18.855935-07', ''),
	('00000000-0000-0000-0000-000000000000', '29fe9290-89f7-447f-9db8-c45ffd1673b8', '{"action":"login","actor_id":"e6fc595d-2e1f-4cd1-8d9f-72783645aac4","actor_username":"jaredbarojas90@gmail.com","actor_via_sso":false,"log_type":"account","traits":{"provider":"email"}}', '2024-04-03 15:59:27.645427-07', ''),
	('00000000-0000-0000-0000-000000000000', 'daf6559c-9175-4089-8f7b-31dccdf752a1', '{"action":"logout","actor_id":"e6fc595d-2e1f-4cd1-8d9f-72783645aac4","actor_username":"jaredbarojas90@gmail.com","actor_via_sso":false,"log_type":"account"}', '2024-04-03 16:06:01.221458-07', ''),
	('00000000-0000-0000-0000-000000000000', '9d3336be-fb6c-46f5-93ed-e10232283d7b', '{"action":"login","actor_id":"b6d38bb3-c954-415b-baf8-b91f322d2e6e","actor_username":"daeb2222@gmail.com","actor_via_sso":false,"log_type":"account","traits":{"provider":"email"}}', '2024-04-03 16:06:15.398184-07', ''),
	('00000000-0000-0000-0000-000000000000', '4c9c4758-77d8-4f08-9764-d18966bffda9', '{"action":"token_refreshed","actor_id":"b6d38bb3-c954-415b-baf8-b91f322d2e6e","actor_username":"daeb2222@gmail.com","actor_via_sso":false,"log_type":"token"}', '2024-04-03 17:04:39.615933-07', ''),
	('00000000-0000-0000-0000-000000000000', 'e5531ece-c9c2-4388-85a6-da2cdc661c1b', '{"action":"token_revoked","actor_id":"b6d38bb3-c954-415b-baf8-b91f322d2e6e","actor_username":"daeb2222@gmail.com","actor_via_sso":false,"log_type":"token"}', '2024-04-03 17:04:39.616503-07', ''),
	('00000000-0000-0000-0000-000000000000', 'cfc34a14-dbe9-4008-9eda-b226c14d791d', '{"action":"token_refreshed","actor_id":"4a05f22c-a7bc-4b0f-9028-00f389e6a6f7","actor_username":"andreadh01@gmail.com","actor_via_sso":false,"log_type":"token"}', '2024-04-03 18:14:04.690802-07', ''),
	('00000000-0000-0000-0000-000000000000', '61425242-9130-49db-8746-ce688db53dd9', '{"action":"token_revoked","actor_id":"4a05f22c-a7bc-4b0f-9028-00f389e6a6f7","actor_username":"andreadh01@gmail.com","actor_via_sso":false,"log_type":"token"}', '2024-04-03 18:14:04.691364-07', ''),
	('00000000-0000-0000-0000-000000000000', '4de6661a-1b7d-4442-bc84-7ce59f9e0b3b', '{"action":"token_refreshed","actor_id":"4a05f22c-a7bc-4b0f-9028-00f389e6a6f7","actor_username":"andreadh01@gmail.com","actor_via_sso":false,"log_type":"token"}', '2024-04-03 19:12:04.254636-07', ''),
	('00000000-0000-0000-0000-000000000000', '95a235ba-89c5-44f5-8444-7bcc4ca51ab6', '{"action":"token_revoked","actor_id":"4a05f22c-a7bc-4b0f-9028-00f389e6a6f7","actor_username":"andreadh01@gmail.com","actor_via_sso":false,"log_type":"token"}', '2024-04-03 19:12:04.256006-07', ''),
	('00000000-0000-0000-0000-000000000000', 'def02dbb-357b-498b-ae39-9e1c13a8f894', '{"action":"token_refreshed","actor_id":"4a05f22c-a7bc-4b0f-9028-00f389e6a6f7","actor_username":"andreadh01@gmail.com","actor_via_sso":false,"log_type":"token"}', '2024-04-03 20:28:31.10038-07', ''),
	('00000000-0000-0000-0000-000000000000', '9a3174c1-fd22-499f-bced-760cb3092f21', '{"action":"token_revoked","actor_id":"4a05f22c-a7bc-4b0f-9028-00f389e6a6f7","actor_username":"andreadh01@gmail.com","actor_via_sso":false,"log_type":"token"}', '2024-04-03 20:28:31.100973-07', ''),
	('00000000-0000-0000-0000-000000000000', '2fd65f3e-88e7-45cb-ae2d-9e1e68fd5ebd', '{"action":"token_refreshed","actor_id":"4a05f22c-a7bc-4b0f-9028-00f389e6a6f7","actor_username":"andreadh01@gmail.com","actor_via_sso":false,"log_type":"token"}', '2024-04-03 21:31:04.540161-07', ''),
	('00000000-0000-0000-0000-000000000000', '96ea238f-5091-49c1-bf4a-6893df9fbf46', '{"action":"token_revoked","actor_id":"4a05f22c-a7bc-4b0f-9028-00f389e6a6f7","actor_username":"andreadh01@gmail.com","actor_via_sso":false,"log_type":"token"}', '2024-04-03 21:31:04.541295-07', ''),
	('00000000-0000-0000-0000-000000000000', '48c8c86a-1584-428c-b387-e12cd4c94ed0', '{"action":"login","actor_id":"9437bf93-7184-43d2-832f-c420b2e3ab02","actor_username":"harevalo1000@gmail.com","actor_via_sso":false,"log_type":"account","traits":{"provider":"email"}}', '2024-04-03 22:12:47.551203-07', ''),
	('00000000-0000-0000-0000-000000000000', '0f63d92c-6b31-4fc8-a8de-79cf53c624dd', '{"action":"token_refreshed","actor_id":"45f4da3e-5b02-4c6e-9d3c-876831872686","actor_username":"yisusmaster1218@gmail.com","actor_via_sso":false,"log_type":"token"}', '2024-04-03 22:13:40.047704-07', ''),
	('00000000-0000-0000-0000-000000000000', 'a96a13e2-aad3-422b-ac89-4be95db86a7b', '{"action":"token_revoked","actor_id":"45f4da3e-5b02-4c6e-9d3c-876831872686","actor_username":"yisusmaster1218@gmail.com","actor_via_sso":false,"log_type":"token"}', '2024-04-03 22:13:40.04828-07', ''),
	('00000000-0000-0000-0000-000000000000', 'f3b567cf-03e9-4c08-9794-5e6d9af727f6', '{"action":"user_repeated_signup","actor_id":"9437bf93-7184-43d2-832f-c420b2e3ab02","actor_username":"harevalo1000@gmail.com","actor_via_sso":false,"log_type":"user","traits":{"provider":"email"}}', '2024-04-03 22:26:31.997629-07', ''),
	('00000000-0000-0000-0000-000000000000', '5ba0fda5-f8d2-42dc-85b7-f66a9691a6c7', '{"action":"user_recovery_requested","actor_id":"9437bf93-7184-43d2-832f-c420b2e3ab02","actor_username":"harevalo1000@gmail.com","actor_via_sso":false,"log_type":"user"}', '2024-04-03 22:27:10.033986-07', ''),
	('00000000-0000-0000-0000-000000000000', '530186bd-5cc3-4559-8ac1-b550b3899b7f', '{"action":"login","actor_id":"9437bf93-7184-43d2-832f-c420b2e3ab02","actor_username":"harevalo1000@gmail.com","actor_via_sso":false,"log_type":"account"}', '2024-04-03 22:27:22.538449-07', ''),
	('00000000-0000-0000-0000-000000000000', '8bb589dd-96b3-4062-9a1a-d84f9b6ca46a', '{"action":"token_refreshed","actor_id":"4a05f22c-a7bc-4b0f-9028-00f389e6a6f7","actor_username":"andreadh01@gmail.com","actor_via_sso":false,"log_type":"token"}', '2024-04-03 22:29:06.414555-07', ''),
	('00000000-0000-0000-0000-000000000000', '28cf059f-06a3-4d1e-9039-b515751b33aa', '{"action":"token_revoked","actor_id":"4a05f22c-a7bc-4b0f-9028-00f389e6a6f7","actor_username":"andreadh01@gmail.com","actor_via_sso":false,"log_type":"token"}', '2024-04-03 22:29:06.415805-07', ''),
	('00000000-0000-0000-0000-000000000000', 'f5f7d3ec-f417-4bd7-b425-fe4ceb26f5df', '{"action":"user_deleted","actor_id":"00000000-0000-0000-0000-000000000000","actor_username":"service_role","actor_via_sso":false,"log_type":"team","traits":{"user_email":"harevalo1000@gmail.com","user_id":"9437bf93-7184-43d2-832f-c420b2e3ab02","user_phone":""}}', '2024-04-03 22:52:20.34759-07', ''),
	('00000000-0000-0000-0000-000000000000', '6623fb19-1005-4752-b5f9-18fb59e23483', '{"action":"user_confirmation_requested","actor_id":"37ea1226-7967-436d-973b-aaac691ff5e3","actor_username":"harevalo1000@gmail.com","actor_via_sso":false,"log_type":"user","traits":{"provider":"email"}}', '2024-04-03 23:04:13.972679-07', ''),
	('00000000-0000-0000-0000-000000000000', 'ca77d112-005d-433a-b94f-63008bc6eaf0', '{"action":"user_signedup","actor_id":"37ea1226-7967-436d-973b-aaac691ff5e3","actor_username":"harevalo1000@gmail.com","actor_via_sso":false,"log_type":"team"}', '2024-04-03 23:04:31.586561-07', ''),
	('00000000-0000-0000-0000-000000000000', '5a56abc4-5360-4b1b-9954-50e5b0d36444', '{"action":"token_refreshed","actor_id":"45f4da3e-5b02-4c6e-9d3c-876831872686","actor_username":"yisusmaster1218@gmail.com","actor_via_sso":false,"log_type":"token"}', '2024-04-03 23:11:49.843177-07', ''),
	('00000000-0000-0000-0000-000000000000', 'f4926774-22b4-4722-80c0-76d6b86d769a', '{"action":"token_revoked","actor_id":"45f4da3e-5b02-4c6e-9d3c-876831872686","actor_username":"yisusmaster1218@gmail.com","actor_via_sso":false,"log_type":"token"}', '2024-04-03 23:11:49.843813-07', ''),
	('00000000-0000-0000-0000-000000000000', '472ac905-2796-4753-8d57-f5a84886160e', '{"action":"token_refreshed","actor_id":"4a05f22c-a7bc-4b0f-9028-00f389e6a6f7","actor_username":"andreadh01@gmail.com","actor_via_sso":false,"log_type":"token"}', '2024-04-03 23:27:29.257518-07', ''),
	('00000000-0000-0000-0000-000000000000', '6286e7be-ff6d-48f6-aeff-ffc84fe2151e', '{"action":"token_revoked","actor_id":"4a05f22c-a7bc-4b0f-9028-00f389e6a6f7","actor_username":"andreadh01@gmail.com","actor_via_sso":false,"log_type":"token"}', '2024-04-03 23:27:29.258083-07', ''),
	('00000000-0000-0000-0000-000000000000', '52368d30-517c-4724-be62-61dda9a644e2', '{"action":"token_refreshed","actor_id":"45f4da3e-5b02-4c6e-9d3c-876831872686","actor_username":"yisusmaster1218@gmail.com","actor_via_sso":false,"log_type":"token"}', '2024-04-04 00:10:10.213071-07', ''),
	('00000000-0000-0000-0000-000000000000', 'ce6eebf2-8240-4d97-9663-9e716109330b', '{"action":"token_revoked","actor_id":"45f4da3e-5b02-4c6e-9d3c-876831872686","actor_username":"yisusmaster1218@gmail.com","actor_via_sso":false,"log_type":"token"}', '2024-04-04 00:10:10.213663-07', ''),
	('00000000-0000-0000-0000-000000000000', '7174f8e7-6dbb-41ce-a4ef-3fe4a57e0638', '{"action":"token_refreshed","actor_id":"4a05f22c-a7bc-4b0f-9028-00f389e6a6f7","actor_username":"andreadh01@gmail.com","actor_via_sso":false,"log_type":"token"}', '2024-04-04 00:25:44.347444-07', ''),
	('00000000-0000-0000-0000-000000000000', '674d7cc2-128d-4770-b565-148cd1ff5e16', '{"action":"token_revoked","actor_id":"4a05f22c-a7bc-4b0f-9028-00f389e6a6f7","actor_username":"andreadh01@gmail.com","actor_via_sso":false,"log_type":"token"}', '2024-04-04 00:25:44.348012-07', ''),
	('00000000-0000-0000-0000-000000000000', '84c816aa-2212-4b7c-841f-f8351dd89e68', '{"action":"logout","actor_id":"4a05f22c-a7bc-4b0f-9028-00f389e6a6f7","actor_username":"andreadh01@gmail.com","actor_via_sso":false,"log_type":"account"}', '2024-04-04 01:09:56.919396-07', ''),
	('00000000-0000-0000-0000-000000000000', 'd5f41c3f-5b9f-4441-86f3-8916f177b460', '{"action":"login","actor_id":"4a05f22c-a7bc-4b0f-9028-00f389e6a6f7","actor_username":"andreadh01@gmail.com","actor_via_sso":false,"log_type":"account","traits":{"provider":"email"}}', '2024-04-04 01:10:15.731816-07', ''),
	('00000000-0000-0000-0000-000000000000', 'b6150309-7d7d-4972-8a45-aa82c356295d', '{"action":"token_refreshed","actor_id":"37ea1226-7967-436d-973b-aaac691ff5e3","actor_username":"harevalo1000@gmail.com","actor_via_sso":false,"log_type":"token"}', '2024-04-04 07:04:00.203801-07', ''),
	('00000000-0000-0000-0000-000000000000', '32401842-01a8-418f-9968-44495ed78652', '{"action":"token_revoked","actor_id":"37ea1226-7967-436d-973b-aaac691ff5e3","actor_username":"harevalo1000@gmail.com","actor_via_sso":false,"log_type":"token"}', '2024-04-04 07:04:00.204373-07', ''),
	('00000000-0000-0000-0000-000000000000', '2fa83fa5-226f-4126-bc6b-302a167432c3', '{"action":"token_refreshed","actor_id":"37ea1226-7967-436d-973b-aaac691ff5e3","actor_username":"harevalo1000@gmail.com","actor_via_sso":false,"log_type":"token"}', '2024-04-04 08:25:16.921654-07', ''),
	('00000000-0000-0000-0000-000000000000', '6032339c-9e7b-41f7-9775-6f42fb53b757', '{"action":"token_revoked","actor_id":"37ea1226-7967-436d-973b-aaac691ff5e3","actor_username":"harevalo1000@gmail.com","actor_via_sso":false,"log_type":"token"}', '2024-04-04 08:25:16.924217-07', ''),
	('00000000-0000-0000-0000-000000000000', 'd8d99564-de33-4419-9aee-164c099b6006', '{"action":"login","actor_id":"acd1d671-68f3-4e94-ae01-fc0633509896","actor_username":"luisdevv232@gmail.com","actor_via_sso":false,"log_type":"account","traits":{"provider":"email"}}', '2024-04-04 08:28:10.151884-07', ''),
	('00000000-0000-0000-0000-000000000000', '543c4c37-e392-489a-98da-41d54da5bc11', '{"action":"logout","actor_id":"acd1d671-68f3-4e94-ae01-fc0633509896","actor_username":"luisdevv232@gmail.com","actor_via_sso":false,"log_type":"account"}', '2024-04-04 08:36:29.646966-07', ''),
	('00000000-0000-0000-0000-000000000000', 'b9bf4f57-4689-4625-8971-1ccddd372b9d', '{"action":"logout","actor_id":"37ea1226-7967-436d-973b-aaac691ff5e3","actor_username":"harevalo1000@gmail.com","actor_via_sso":false,"log_type":"account"}', '2024-04-04 08:39:24.751706-07', ''),
	('00000000-0000-0000-0000-000000000000', '14019902-c8c7-4132-82b5-726a4e865495', '{"action":"login","actor_id":"acd1d671-68f3-4e94-ae01-fc0633509896","actor_username":"luisdevv232@gmail.com","actor_via_sso":false,"log_type":"account","traits":{"provider":"email"}}', '2024-04-04 08:39:57.838431-07', ''),
	('00000000-0000-0000-0000-000000000000', 'f99cb1e4-77bb-4640-b168-fff565cd32e5', '{"action":"login","actor_id":"37ea1226-7967-436d-973b-aaac691ff5e3","actor_username":"harevalo1000@gmail.com","actor_via_sso":false,"log_type":"account","traits":{"provider":"email"}}', '2024-04-04 08:43:58.224614-07', ''),
	('00000000-0000-0000-0000-000000000000', '0b21ea37-67ef-4b9a-927e-f6cfc660ef16', '{"action":"logout","actor_id":"acd1d671-68f3-4e94-ae01-fc0633509896","actor_username":"luisdevv232@gmail.com","actor_via_sso":false,"log_type":"account"}', '2024-04-04 08:48:44.932705-07', ''),
	('00000000-0000-0000-0000-000000000000', '6573ecf6-de30-404b-bd54-87341a41c058', '{"action":"login","actor_id":"37ea1226-7967-436d-973b-aaac691ff5e3","actor_username":"harevalo1000@gmail.com","actor_via_sso":false,"log_type":"account","traits":{"provider":"email"}}', '2024-04-04 08:49:00.692943-07', ''),
	('00000000-0000-0000-0000-000000000000', 'e336bbf4-31d4-44be-9253-adbb1214934a', '{"action":"login","actor_id":"acd1d671-68f3-4e94-ae01-fc0633509896","actor_username":"luisdevv232@gmail.com","actor_via_sso":false,"log_type":"account","traits":{"provider":"email"}}', '2024-04-04 08:49:30.691766-07', ''),
	('00000000-0000-0000-0000-000000000000', '159b2db6-32b5-4851-9014-2bc5c1817b3a', '{"action":"token_refreshed","actor_id":"45f4da3e-5b02-4c6e-9d3c-876831872686","actor_username":"yisusmaster1218@gmail.com","actor_via_sso":false,"log_type":"token"}', '2024-04-04 10:45:26.057137-07', ''),
	('00000000-0000-0000-0000-000000000000', '6340b37c-2ac6-4996-9f04-376d478695ff', '{"action":"token_revoked","actor_id":"45f4da3e-5b02-4c6e-9d3c-876831872686","actor_username":"yisusmaster1218@gmail.com","actor_via_sso":false,"log_type":"token"}', '2024-04-04 10:45:26.057737-07', ''),
	('00000000-0000-0000-0000-000000000000', '3d20c9e1-2dfa-4032-bf7e-3cc9f2cfc083', '{"action":"token_refreshed","actor_id":"b6d38bb3-c954-415b-baf8-b91f322d2e6e","actor_username":"daeb2222@gmail.com","actor_via_sso":false,"log_type":"token"}', '2024-04-04 12:10:46.9904-07', ''),
	('00000000-0000-0000-0000-000000000000', '9127f39d-89c3-4838-8f25-fac2b636120b', '{"action":"token_revoked","actor_id":"b6d38bb3-c954-415b-baf8-b91f322d2e6e","actor_username":"daeb2222@gmail.com","actor_via_sso":false,"log_type":"token"}', '2024-04-04 12:10:46.991658-07', ''),
	('00000000-0000-0000-0000-000000000000', 'd8b04192-daea-4e82-b0b4-7d278d887c1b', '{"action":"logout","actor_id":"b6d38bb3-c954-415b-baf8-b91f322d2e6e","actor_username":"daeb2222@gmail.com","actor_via_sso":false,"log_type":"account"}', '2024-04-04 13:05:55.763992-07', ''),
	('00000000-0000-0000-0000-000000000000', '49e008b5-3c42-421a-a57e-14f9e7aa6c7b', '{"action":"login","actor_id":"e6fc595d-2e1f-4cd1-8d9f-72783645aac4","actor_username":"jaredbarojas90@gmail.com","actor_via_sso":false,"log_type":"account","traits":{"provider":"email"}}', '2024-04-04 13:09:17.718525-07', ''),
	('00000000-0000-0000-0000-000000000000', '083e3183-605c-44bd-b463-420d2108a3a0', '{"action":"login","actor_id":"b6d38bb3-c954-415b-baf8-b91f322d2e6e","actor_username":"daeb2222@gmail.com","actor_via_sso":false,"log_type":"account","traits":{"provider":"email"}}', '2024-04-04 13:11:42.63631-07', ''),
	('00000000-0000-0000-0000-000000000000', '7848c4db-91b2-4c5c-9d5e-0111297feb3f', '{"action":"logout","actor_id":"e6fc595d-2e1f-4cd1-8d9f-72783645aac4","actor_username":"jaredbarojas90@gmail.com","actor_via_sso":false,"log_type":"account"}', '2024-04-04 13:33:10.422612-07', ''),
	('00000000-0000-0000-0000-000000000000', '032ccc59-e0ff-4020-83a4-e1ddc827a85e', '{"action":"login","actor_id":"e6fc595d-2e1f-4cd1-8d9f-72783645aac4","actor_username":"jaredbarojas90@gmail.com","actor_via_sso":false,"log_type":"account","traits":{"provider":"email"}}', '2024-04-04 13:33:24.309067-07', ''),
	('00000000-0000-0000-0000-000000000000', 'fd79ee0e-7a0d-4d35-bf16-60ee72845811', '{"action":"token_refreshed","actor_id":"45f4da3e-5b02-4c6e-9d3c-876831872686","actor_username":"yisusmaster1218@gmail.com","actor_via_sso":false,"log_type":"token"}', '2024-04-04 13:42:50.368817-07', ''),
	('00000000-0000-0000-0000-000000000000', 'ec071751-4ee1-40f3-bd90-95fc9c997434', '{"action":"token_revoked","actor_id":"45f4da3e-5b02-4c6e-9d3c-876831872686","actor_username":"yisusmaster1218@gmail.com","actor_via_sso":false,"log_type":"token"}', '2024-04-04 13:42:50.369379-07', ''),
	('00000000-0000-0000-0000-000000000000', 'b655c7af-f718-41f2-b01d-19d56e17229c', '{"action":"login","actor_id":"acd1d671-68f3-4e94-ae01-fc0633509896","actor_username":"luisdevv232@gmail.com","actor_via_sso":false,"log_type":"account","traits":{"provider":"email"}}', '2024-04-04 13:49:38.189462-07', ''),
	('00000000-0000-0000-0000-000000000000', 'e7038820-ff63-42c2-b0ae-1a7b58da658e', '{"action":"logout","actor_id":"acd1d671-68f3-4e94-ae01-fc0633509896","actor_username":"luisdevv232@gmail.com","actor_via_sso":false,"log_type":"account"}', '2024-04-04 13:51:32.291086-07', ''),
	('00000000-0000-0000-0000-000000000000', 'ce1c3e06-78ba-44e8-8170-7a4cd83cecd3', '{"action":"login","actor_id":"b41d54c5-24ab-4a7d-95f5-2ae9f79cd23d","actor_username":"osunadaniel39@gmail.com","actor_via_sso":false,"log_type":"account","traits":{"provider":"email"}}', '2024-04-04 13:51:41.054748-07', ''),
	('00000000-0000-0000-0000-000000000000', 'e37efd27-da50-4dc0-bbca-44344a65460a', '{"action":"logout","actor_id":"b41d54c5-24ab-4a7d-95f5-2ae9f79cd23d","actor_username":"osunadaniel39@gmail.com","actor_via_sso":false,"log_type":"account"}', '2024-04-04 13:53:18.948914-07', ''),
	('00000000-0000-0000-0000-000000000000', 'beab31cb-3391-4a6b-a517-169b41431067', '{"action":"token_refreshed","actor_id":"b6d38bb3-c954-415b-baf8-b91f322d2e6e","actor_username":"daeb2222@gmail.com","actor_via_sso":false,"log_type":"token"}', '2024-04-04 14:10:24.710984-07', ''),
	('00000000-0000-0000-0000-000000000000', '25173b17-810d-47bc-98c6-734f80a9fbae', '{"action":"token_revoked","actor_id":"b6d38bb3-c954-415b-baf8-b91f322d2e6e","actor_username":"daeb2222@gmail.com","actor_via_sso":false,"log_type":"token"}', '2024-04-04 14:10:24.711593-07', ''),
	('00000000-0000-0000-0000-000000000000', '4bfb4d97-15cf-4a54-8172-5372c951d9f8', '{"action":"login","actor_id":"acd1d671-68f3-4e94-ae01-fc0633509896","actor_username":"luisdevv232@gmail.com","actor_via_sso":false,"log_type":"account","traits":{"provider":"email"}}', '2024-04-04 14:13:31.36958-07', ''),
	('00000000-0000-0000-0000-000000000000', 'eb0f51cb-afce-4c97-9367-503eecb257e6', '{"action":"logout","actor_id":"acd1d671-68f3-4e94-ae01-fc0633509896","actor_username":"luisdevv232@gmail.com","actor_via_sso":false,"log_type":"account"}', '2024-04-04 14:28:34.31023-07', ''),
	('00000000-0000-0000-0000-000000000000', 'b00a5888-5608-4ad5-8f89-c36dbdf2f14b', '{"action":"login","actor_id":"acd1d671-68f3-4e94-ae01-fc0633509896","actor_username":"luisdevv232@gmail.com","actor_via_sso":false,"log_type":"account","traits":{"provider":"email"}}', '2024-04-04 14:28:42.837166-07', ''),
	('00000000-0000-0000-0000-000000000000', '5105568f-38f3-4813-a4d2-abb20d1992dc', '{"action":"token_refreshed","actor_id":"e6fc595d-2e1f-4cd1-8d9f-72783645aac4","actor_username":"jaredbarojas90@gmail.com","actor_via_sso":false,"log_type":"token"}', '2024-04-04 14:31:48.286275-07', ''),
	('00000000-0000-0000-0000-000000000000', 'd9c81071-c6f6-4194-92ff-cc649053d43c', '{"action":"token_revoked","actor_id":"e6fc595d-2e1f-4cd1-8d9f-72783645aac4","actor_username":"jaredbarojas90@gmail.com","actor_via_sso":false,"log_type":"token"}', '2024-04-04 14:31:48.286852-07', ''),
	('00000000-0000-0000-0000-000000000000', 'c9aa937f-aa43-4fcb-90be-9ac63387549b', '{"action":"token_refreshed","actor_id":"45f4da3e-5b02-4c6e-9d3c-876831872686","actor_username":"yisusmaster1218@gmail.com","actor_via_sso":false,"log_type":"token"}', '2024-04-04 14:40:57.01378-07', ''),
	('00000000-0000-0000-0000-000000000000', '1efb7a85-77a4-4e49-8858-3802be2c870a', '{"action":"token_revoked","actor_id":"45f4da3e-5b02-4c6e-9d3c-876831872686","actor_username":"yisusmaster1218@gmail.com","actor_via_sso":false,"log_type":"token"}', '2024-04-04 14:40:57.014371-07', ''),
	('00000000-0000-0000-0000-000000000000', 'a96d07cb-9e77-4487-84b4-3ca16dd79b8d', '{"action":"token_refreshed","actor_id":"acd1d671-68f3-4e94-ae01-fc0633509896","actor_username":"luisdevv232@gmail.com","actor_via_sso":false,"log_type":"token"}', '2024-04-04 15:27:06.681221-07', ''),
	('00000000-0000-0000-0000-000000000000', '11db314b-a88e-4daf-8452-1321e98bc863', '{"action":"token_revoked","actor_id":"acd1d671-68f3-4e94-ae01-fc0633509896","actor_username":"luisdevv232@gmail.com","actor_via_sso":false,"log_type":"token"}', '2024-04-04 15:27:06.681823-07', ''),
	('00000000-0000-0000-0000-000000000000', 'cb57bf51-ba20-4f22-ba4f-0d092baa9441', '{"action":"token_refreshed","actor_id":"acd1d671-68f3-4e94-ae01-fc0633509896","actor_username":"luisdevv232@gmail.com","actor_via_sso":false,"log_type":"token"}', '2024-04-04 16:25:36.105045-07', ''),
	('00000000-0000-0000-0000-000000000000', '2d34f176-9991-452c-adc0-ef4dc2a2d698', '{"action":"token_revoked","actor_id":"acd1d671-68f3-4e94-ae01-fc0633509896","actor_username":"luisdevv232@gmail.com","actor_via_sso":false,"log_type":"token"}', '2024-04-04 16:25:36.10568-07', ''),
	('00000000-0000-0000-0000-000000000000', 'f3faef8a-0283-4897-b595-cb08f1e156c9', '{"action":"token_refreshed","actor_id":"acd1d671-68f3-4e94-ae01-fc0633509896","actor_username":"luisdevv232@gmail.com","actor_via_sso":false,"log_type":"token"}', '2024-04-04 17:50:54.464607-07', ''),
	('00000000-0000-0000-0000-000000000000', '1bffe345-8bd9-4fdd-9681-6287bbe06700', '{"action":"token_revoked","actor_id":"acd1d671-68f3-4e94-ae01-fc0633509896","actor_username":"luisdevv232@gmail.com","actor_via_sso":false,"log_type":"token"}', '2024-04-04 17:50:54.465192-07', ''),
	('00000000-0000-0000-0000-000000000000', '130df2b2-d7aa-44b9-bff0-fc4cd3da9847', '{"action":"token_refreshed","actor_id":"45f4da3e-5b02-4c6e-9d3c-876831872686","actor_username":"yisusmaster1218@gmail.com","actor_via_sso":false,"log_type":"token"}', '2024-04-04 20:23:03.318568-07', ''),
	('00000000-0000-0000-0000-000000000000', 'af3b7849-0a22-42bd-912a-31ef4f538f55', '{"action":"token_revoked","actor_id":"45f4da3e-5b02-4c6e-9d3c-876831872686","actor_username":"yisusmaster1218@gmail.com","actor_via_sso":false,"log_type":"token"}', '2024-04-04 20:23:03.320774-07', ''),
	('00000000-0000-0000-0000-000000000000', '296f678b-12b7-4989-804a-7c86fc2ab471', '{"action":"login","actor_id":"45f4da3e-5b02-4c6e-9d3c-876831872686","actor_username":"yisusmaster1218@gmail.com","actor_via_sso":false,"log_type":"account","traits":{"provider":"email"}}', '2024-04-04 20:23:21.925758-07', ''),
	('00000000-0000-0000-0000-000000000000', '52f91110-37ac-44ac-a365-043f04393490', '{"action":"login","actor_id":"acd1d671-68f3-4e94-ae01-fc0633509896","actor_username":"luisdevv232@gmail.com","actor_via_sso":false,"log_type":"account","traits":{"provider":"email"}}', '2024-04-04 20:56:16.174293-07', ''),
	('00000000-0000-0000-0000-000000000000', '45d6e50b-d5c5-4946-a454-eec7ad96d89d', '{"action":"token_refreshed","actor_id":"45f4da3e-5b02-4c6e-9d3c-876831872686","actor_username":"yisusmaster1218@gmail.com","actor_via_sso":false,"log_type":"token"}', '2024-04-04 21:21:37.343054-07', ''),
	('00000000-0000-0000-0000-000000000000', 'd9705823-41d1-4a00-a12b-ee96294c2f4a', '{"action":"token_revoked","actor_id":"45f4da3e-5b02-4c6e-9d3c-876831872686","actor_username":"yisusmaster1218@gmail.com","actor_via_sso":false,"log_type":"token"}', '2024-04-04 21:21:37.346103-07', ''),
	('00000000-0000-0000-0000-000000000000', '40247187-04f0-456c-b47e-860608401999', '{"action":"token_refreshed","actor_id":"acd1d671-68f3-4e94-ae01-fc0633509896","actor_username":"luisdevv232@gmail.com","actor_via_sso":false,"log_type":"token"}', '2024-04-04 21:54:30.79424-07', ''),
	('00000000-0000-0000-0000-000000000000', '782458cc-c63f-4b30-845f-9bd436ea9cd1', '{"action":"token_revoked","actor_id":"acd1d671-68f3-4e94-ae01-fc0633509896","actor_username":"luisdevv232@gmail.com","actor_via_sso":false,"log_type":"token"}', '2024-04-04 21:54:30.794787-07', ''),
	('00000000-0000-0000-0000-000000000000', '131ce013-2998-4eb9-a795-076954c7aee9', '{"action":"token_refreshed","actor_id":"acd1d671-68f3-4e94-ae01-fc0633509896","actor_username":"luisdevv232@gmail.com","actor_via_sso":false,"log_type":"token"}', '2024-04-04 22:55:09.752925-07', ''),
	('00000000-0000-0000-0000-000000000000', '7a83611c-cb08-41b3-bf9f-e1ffbb5cbdd1', '{"action":"token_revoked","actor_id":"acd1d671-68f3-4e94-ae01-fc0633509896","actor_username":"luisdevv232@gmail.com","actor_via_sso":false,"log_type":"token"}', '2024-04-04 22:55:09.75417-07', ''),
	('00000000-0000-0000-0000-000000000000', 'f88cb01d-59ef-439d-afc1-3b1b79758019', '{"action":"token_refreshed","actor_id":"45f4da3e-5b02-4c6e-9d3c-876831872686","actor_username":"yisusmaster1218@gmail.com","actor_via_sso":false,"log_type":"token"}', '2024-04-05 13:04:09.792072-07', ''),
	('00000000-0000-0000-0000-000000000000', '11520ddb-4ff0-4727-ac2c-39756c8ade7b', '{"action":"token_revoked","actor_id":"45f4da3e-5b02-4c6e-9d3c-876831872686","actor_username":"yisusmaster1218@gmail.com","actor_via_sso":false,"log_type":"token"}', '2024-04-05 13:04:09.793142-07', ''),
	('00000000-0000-0000-0000-000000000000', 'b1435b17-7ee5-4bdd-ab92-c16134d2f0c9', '{"action":"token_refreshed","actor_id":"4a05f22c-a7bc-4b0f-9028-00f389e6a6f7","actor_username":"andreadh01@gmail.com","actor_via_sso":false,"log_type":"token"}', '2024-04-06 12:13:43.016782-07', ''),
	('00000000-0000-0000-0000-000000000000', '9205c661-efa3-4f37-b1bf-475c1a745c5c', '{"action":"token_revoked","actor_id":"4a05f22c-a7bc-4b0f-9028-00f389e6a6f7","actor_username":"andreadh01@gmail.com","actor_via_sso":false,"log_type":"token"}', '2024-04-06 12:13:43.021843-07', ''),
	('00000000-0000-0000-0000-000000000000', 'cef86adb-91af-41be-a679-e153690c68e9', '{"action":"token_refreshed","actor_id":"4a05f22c-a7bc-4b0f-9028-00f389e6a6f7","actor_username":"andreadh01@gmail.com","actor_via_sso":false,"log_type":"token"}', '2024-04-06 13:11:51.892671-07', ''),
	('00000000-0000-0000-0000-000000000000', '9d20fe28-563e-4cc0-a562-e2d9ec37c7bf', '{"action":"token_revoked","actor_id":"4a05f22c-a7bc-4b0f-9028-00f389e6a6f7","actor_username":"andreadh01@gmail.com","actor_via_sso":false,"log_type":"token"}', '2024-04-06 13:11:51.893211-07', ''),
	('00000000-0000-0000-0000-000000000000', '54c27304-755e-46a0-9238-9432ac47dce5', '{"action":"token_refreshed","actor_id":"4a05f22c-a7bc-4b0f-9028-00f389e6a6f7","actor_username":"andreadh01@gmail.com","actor_via_sso":false,"log_type":"token"}', '2024-04-06 14:09:57.919788-07', ''),
	('00000000-0000-0000-0000-000000000000', '95c51d4b-310b-4f7a-a16e-79e59cf0b5dd', '{"action":"token_revoked","actor_id":"4a05f22c-a7bc-4b0f-9028-00f389e6a6f7","actor_username":"andreadh01@gmail.com","actor_via_sso":false,"log_type":"token"}', '2024-04-06 14:09:57.921218-07', ''),
	('00000000-0000-0000-0000-000000000000', '453eb58d-5943-4292-9fb1-5062b4caafa0', '{"action":"login","actor_id":"e6fc595d-2e1f-4cd1-8d9f-72783645aac4","actor_username":"jaredbarojas90@gmail.com","actor_via_sso":false,"log_type":"account","traits":{"provider":"email"}}', '2024-04-06 19:16:27.265925-07', ''),
	('00000000-0000-0000-0000-000000000000', '0968745b-06c8-4833-aef0-441a1d9f2d99', '{"action":"login","actor_id":"45f4da3e-5b02-4c6e-9d3c-876831872686","actor_username":"yisusmaster1218@gmail.com","actor_via_sso":false,"log_type":"account","traits":{"provider":"email"}}', '2024-04-06 20:26:06.100949-07', '');


--
-- Data for Name: flow_state; Type: TABLE DATA; Schema: auth; Owner: supabase_auth_admin
--



--
-- Data for Name: users; Type: TABLE DATA; Schema: auth; Owner: supabase_auth_admin
--

INSERT INTO "auth"."users" ("instance_id", "id", "aud", "role", "email", "encrypted_password", "email_confirmed_at", "invited_at", "confirmation_token", "confirmation_sent_at", "recovery_token", "recovery_sent_at", "email_change_token_new", "email_change", "email_change_sent_at", "last_sign_in_at", "raw_app_meta_data", "raw_user_meta_data", "is_super_admin", "created_at", "updated_at", "phone", "phone_confirmed_at", "phone_change", "phone_change_token", "phone_change_sent_at", "email_change_token_current", "email_change_confirm_status", "banned_until", "reauthentication_token", "reauthentication_sent_at", "is_sso_user", "deleted_at", "is_anonymous") VALUES
	('00000000-0000-0000-0000-000000000000', '2961f497-101d-4dc4-92a5-998499d0d6a9', 'authenticated', 'authenticated', 'resostenidobusiness@gmail.com', '$2a$10$NKY2LOmH37EpVFHAXNGAZuoYK6v4aJMc.vI5CId7pjnnsRA3/vkQ.', '2024-02-17 14:52:48.216787-07', NULL, '', '2024-02-17 14:51:23.145313-07', '', NULL, '', '', NULL, '2024-03-29 19:12:57.887106-07', '{"provider": "email", "providers": ["email"]}', '{"phone": "6621345698"}', NULL, '2024-02-17 14:51:23.140911-07', '2024-03-29 19:12:57.888584-07', NULL, NULL, '', '', NULL, '', 0, NULL, '', NULL, false, NULL, false),
	('00000000-0000-0000-0000-000000000000', '67ad521e-c8d4-409f-98f8-2ef3ba44e0ae', 'authenticated', 'authenticated', 'danielon002@gmail.com', '$2a$10$ajggNdD9/5/TobMyFMTWwO.MjQi5JNr/ndLYNqM4MP/UhHGQ/KIf.', NULL, NULL, 'b91ce3778c3659bfc39e8ec0c03cec70f4af05ddb146ff46a2bea800', '2024-02-16 02:04:45.56328-07', '', NULL, '', '', NULL, NULL, '{"provider": "email", "providers": ["email"]}', '{"phone": "6622793384"}', NULL, '2024-02-16 02:04:45.558496-07', '2024-02-16 02:04:46.823873-07', NULL, NULL, '', '', NULL, '', 0, NULL, '', NULL, false, NULL, false),
	('00000000-0000-0000-0000-000000000000', 'd3cf5372-8388-48f2-b9e8-5e94269ec671', 'authenticated', 'authenticated', 'karolina14badilla@gmail.com', '$2a$10$uN0pFwHFkKE9pL7RJd9JmutJaOBw5zqhL3ZjG4fh7g8C3xNXKAjs2', '2024-02-16 02:01:45.704403-07', NULL, '', '2024-02-16 02:01:28.05935-07', '', NULL, '', '', NULL, '2024-03-21 22:46:30.814044-07', '{"provider": "email", "providers": ["email"]}', '{"phone": "6623514245"}', NULL, '2024-02-16 02:01:28.055559-07', '2024-03-21 22:46:30.815783-07', NULL, NULL, '', '', NULL, '', 0, NULL, '', NULL, false, NULL, false),
	('00000000-0000-0000-0000-000000000000', '960a5d81-c083-4556-881b-4596a351ff97', 'authenticated', 'authenticated', 'loncitooo17@gmail.com', '$2a$10$WQq5MjaEZ7IM0C9RpOwaC.1G64XS55Z0h5TvcXEDnvu5ks5CyRDB.', '2024-02-16 02:06:34.710414-07', NULL, '', '2024-02-16 02:05:55.72511-07', '', NULL, '', '', NULL, '2024-02-16 02:06:34.711042-07', '{"provider": "email", "providers": ["email"]}', '{"phone": "6621246357"}', NULL, '2024-02-16 02:05:55.721575-07', '2024-02-16 02:06:34.71848-07', NULL, NULL, '', '', NULL, '', 0, NULL, '', NULL, false, NULL, false),
	('00000000-0000-0000-0000-000000000000', '06d6fe74-d185-4dda-bf92-f83d9f6db3f1', 'authenticated', 'authenticated', 'davidnunez635@gmail.com', '$2a$10$Ks7drTckyc04N79wbsoMZOwEICDmq4TXIVBqduEt5Ws609VETcIcC', '2024-02-17 16:56:01.519947-07', NULL, '', '2024-02-17 16:55:35.913468-07', '', NULL, '', '', NULL, '2024-03-19 13:46:12.166652-07', '{"provider": "email", "providers": ["email"]}', '{"phone": "662152478"}', NULL, '2024-02-17 16:55:35.908208-07', '2024-03-19 13:46:12.168909-07', NULL, NULL, '', '', NULL, '', 0, NULL, '', NULL, false, NULL, false),
	('00000000-0000-0000-0000-000000000000', 'e17749d1-92d4-41ec-8145-9c8f13e27d3d', 'authenticated', 'authenticated', 'jdav38791@gmail.com', '$2a$10$juNjNce.4/gA8mgiYWw/LeceNNJ4JlV/.7MZGslsUrFjq8u99C9cO', '2024-03-04 12:34:28.680859-07', NULL, '', '2024-03-04 12:34:06.649268-07', '', NULL, '', '', NULL, '2024-03-04 12:34:28.681496-07', '{"provider": "email", "providers": ["email"]}', '{"phone": "6621666666"}', NULL, '2024-03-04 12:34:06.645846-07', '2024-03-04 12:34:28.683068-07', NULL, NULL, '', '', NULL, '', 0, NULL, '', NULL, false, NULL, false),
	('00000000-0000-0000-0000-000000000000', 'b6d38bb3-c954-415b-baf8-b91f322d2e6e', 'authenticated', 'authenticated', 'daeb2222@gmail.com', '$2a$10$zXeaFPcm9tEsb0edABBOHev09ZnipRDxmCS2RoUImMM1R.Bgbg55i', '2024-02-17 18:10:37.953705-07', NULL, '', '2024-02-17 18:08:53.718217-07', '', NULL, '', '', NULL, '2024-04-04 13:11:42.636961-07', '{"provider": "email", "providers": ["email"]}', '{"phone": "6625932306"}', NULL, '2024-02-17 18:08:53.714981-07', '2024-04-04 14:10:24.71332-07', NULL, NULL, '', '', NULL, '', 0, NULL, '', NULL, false, NULL, false),
	('00000000-0000-0000-0000-000000000000', 'acd1d671-68f3-4e94-ae01-fc0633509896', 'authenticated', 'authenticated', 'luisdevv232@gmail.com', '$2a$10$eizBLsprwp7t7xLEREPz0O9PMH5XHCRYgsKMTybV2mtAWea851x8.', '2024-02-17 09:27:41.249683-07', NULL, '', '2024-02-17 09:26:36.66409-07', '', NULL, '', '', NULL, '2024-04-04 20:56:16.174929-07', '{"provider": "email", "providers": ["email"]}', '{"phone": "6621323232"}', NULL, '2024-02-17 09:26:36.660738-07', '2024-04-04 22:55:09.758711-07', NULL, NULL, '', '', NULL, '', 0, NULL, '', NULL, false, NULL, false),
	('00000000-0000-0000-0000-000000000000', '8545bfd0-77ee-47a4-b1f7-17845d88bbbf', 'authenticated', 'authenticated', 'luisernestohernandez1@hotmail.com', '$2a$10$oShsTwB5UdVijotIYrrlLumA.s.tROGxJdQPrwmOdDARV./4SSZam', '2024-02-15 13:36:15.787089-07', NULL, '', '2024-02-15 13:35:05.273716-07', '', NULL, '', '', NULL, '2024-04-01 13:20:28.107639-07', '{"provider": "email", "providers": ["email"]}', '{"phone": "6621932761"}', NULL, '2024-02-15 13:35:05.270207-07', '2024-04-01 13:20:28.109149-07', NULL, NULL, '', '', NULL, '', 0, NULL, '', NULL, false, NULL, false),
	('00000000-0000-0000-0000-000000000000', '55592903-75fc-4f11-8ca9-b69c853acf6b', 'authenticated', 'authenticated', 'a220213915@unison.mx', '$2a$10$N3uC4zRMootiCiqhYOecKea/x3hqzoQo0mnOKet0tj5gBrt.7Oh02', '2024-02-17 17:43:59.047076-07', NULL, '', '2024-02-17 17:43:27.595428-07', '', NULL, '', '', NULL, '2024-02-17 17:43:59.047795-07', '{"provider": "email", "providers": ["email"]}', '{"phone": "6621935761"}', NULL, '2024-02-17 17:43:27.592117-07', '2024-02-17 17:43:59.051484-07', NULL, NULL, '', '', NULL, '', 0, NULL, '', NULL, false, NULL, false),
	('00000000-0000-0000-0000-000000000000', '66c17225-b3b5-4178-83fe-c92b38c25eb0', 'authenticated', 'authenticated', 'a@gmail.com', '$2a$10$kUVaieFiGiMo3oxGpgAw1eNmEZREO.MmaioEYpaEpavQYcC9eODnG', NULL, NULL, 'b021353685f0d96ee3d04b7cefb6cc684a1417e9a4b9c09adc9e3cea', '2024-02-15 16:07:32.976036-07', '', NULL, '', '', NULL, NULL, '{"provider": "email", "providers": ["email"]}', '{"phone": "54278181"}', NULL, '2024-02-15 16:07:32.97246-07', '2024-02-15 16:07:34.069686-07', NULL, NULL, '', '', NULL, '', 0, NULL, '', NULL, false, NULL, false),
	('00000000-0000-0000-0000-000000000000', '4a05f22c-a7bc-4b0f-9028-00f389e6a6f7', 'authenticated', 'authenticated', 'andreadh01@gmail.com', '$2a$10$uHmdK0jpb.MfoTUON2YKYOJs3L60Tx4bN9KH29653LFxtZDgYEKNK', '2024-02-17 01:46:20.4715-07', NULL, '', '2024-02-17 01:46:02.872083-07', '', NULL, '', '', NULL, '2024-04-04 01:10:15.732379-07', '{"provider": "email", "providers": ["email"]}', '{"phone": "6621392968"}', NULL, '2024-02-15 16:06:34.792687-07', '2024-04-06 14:09:57.923367-07', NULL, NULL, '', '', NULL, '', 0, NULL, '', NULL, false, NULL, false),
	('00000000-0000-0000-0000-000000000000', 'afb3caae-a422-4ff4-a208-d375189a1cd6', 'authenticated', 'authenticated', 'andrea@gmail.com', '$2a$10$hjcrJLq1ZFUyOttALqwEkOu4ffzgDympG7vy.chCUTJ/x0mM6oh8W', NULL, NULL, 'cba8404156405a292fe09e4e45d7ac196728b621734a7ea1f88719ce', '2024-02-17 01:42:43.962605-07', '', NULL, '', '', NULL, NULL, '{"provider": "email", "providers": ["email"]}', '{"phone": "6621392225"}', NULL, '2024-02-17 01:42:43.958054-07', '2024-02-17 01:42:45.06903-07', NULL, NULL, '', '', NULL, '', 0, NULL, '', NULL, false, NULL, false),
	('00000000-0000-0000-0000-000000000000', '45f4da3e-5b02-4c6e-9d3c-876831872686', 'authenticated', 'authenticated', 'yisusmaster1218@gmail.com', '$2a$10$xeenYfj1dnBcCsBXaV20Te5MJITS0khxC/Lm6IYlTxsdztV68vsHS', '2024-03-02 13:49:15.405923-07', NULL, '', '2024-02-16 02:01:28.558471-07', '', '2024-03-02 13:48:51.892651-07', '', '', NULL, '2024-04-06 20:26:06.103641-07', '{"provider": "email", "providers": ["email"]}', '{"phone": "6622567114"}', NULL, '2024-02-16 02:01:28.552965-07', '2024-04-06 20:26:06.106406-07', NULL, NULL, '', '', NULL, '', 0, NULL, '', NULL, false, NULL, false),
	('00000000-0000-0000-0000-000000000000', '02804ea9-c8d2-45f0-bc1c-eb3c59a0f34d', 'authenticated', 'authenticated', 'figiyal129@rohoza.com', '$2a$10$KmLC1ugMt5V0l/.V9GKScecFwLnDjKpdL7XwL6l9EOvIK1YwMhYOO', NULL, NULL, 'a0bbf85cdde0b60596e806e2ad6bc69007ca0b7c6978b8ae3acddb6e', '2024-02-17 01:44:22.088937-07', '', NULL, '', '', NULL, NULL, '{"provider": "email", "providers": ["email"]}', '{"phone": "6621392964"}', NULL, '2024-02-17 01:44:22.085537-07', '2024-02-17 01:44:23.040081-07', NULL, NULL, '', '', NULL, '', 0, NULL, '', NULL, false, NULL, false),
	('00000000-0000-0000-0000-000000000000', '9a3857ba-fcd8-47a1-a80a-e32ccbd0bee9', 'authenticated', 'authenticated', 'a220214016@unison.mx', '$2a$10$dtmEFgBP56b/f/OEQAPJremxPUCGf4iDc9/81EsVwacFvuegRQtz6', '2024-02-16 19:40:25.833827-07', NULL, '', '2024-02-16 19:38:21.338384-07', '', NULL, '', '', NULL, '2024-02-17 09:32:28.856858-07', '{"provider": "email", "providers": ["email"]}', '{"phone": "6666666666"}', NULL, '2024-02-16 19:38:21.334914-07', '2024-02-17 14:15:30.134097-07', NULL, NULL, '', '', NULL, '', 0, NULL, '', NULL, false, NULL, false),
	('00000000-0000-0000-0000-000000000000', 'cec72efd-7174-4423-be0b-8fc5075419de', 'authenticated', 'authenticated', 'luisosuna1034@gmail.com', '$2a$10$gQbTHgGpeuARpoQ3kQKlV.HfO/abTJIysfZ8i2GxFOgCEzl/HcZTm', '2024-02-17 17:47:37.94808-07', NULL, '', '2024-02-17 17:47:26.100219-07', '', NULL, '', '', NULL, '2024-02-17 17:47:37.948719-07', '{"provider": "email", "providers": ["email"]}', '{"phone": "6632121212"}', NULL, '2024-02-17 17:47:26.09706-07', '2024-02-17 21:24:43.333327-07', NULL, NULL, '', '', NULL, '', 0, NULL, '', NULL, false, NULL, false),
	('00000000-0000-0000-0000-000000000000', '36a42894-ff8b-4339-afc4-1ba31c3692e2', 'authenticated', 'authenticated', 'eqingsoftware12@gmail.com', '$2a$10$vrKVh1.LDJHHslxGi7Yo3egP4KUP.TbU3qPkADDQUGmC3Fm1YY97m', '2024-02-17 14:48:49.393812-07', NULL, '', '2024-02-17 14:48:28.071853-07', '', NULL, '', '', NULL, '2024-02-17 14:48:49.395142-07', '{"provider": "email", "providers": ["email"]}', '{"phone": "6621313131"}', NULL, '2024-02-17 14:48:28.063527-07', '2024-02-17 14:48:49.398432-07', NULL, NULL, '', '', NULL, '', 0, NULL, '', NULL, false, NULL, false),
	('00000000-0000-0000-0000-000000000000', 'aabf1223-2b84-4950-9933-7aacd9d86901', 'authenticated', 'authenticated', 'kkjkkk9@hotmail.com', '$2a$10$9IdN.18tSL0IpR2F8nmz.eeJih4P/L53b1BLnE.nD1aQzwbCEcIgG', NULL, NULL, 'b82142c3f06e96e4d9fe7c6405c814c8b211fb71317f2aec248eb4a0', '2024-02-18 12:39:56.633348-07', '', NULL, '', '', NULL, NULL, '{"provider": "email", "providers": ["email"]}', '{"phone": "9442251369"}', NULL, '2024-02-18 12:30:19.009971-07', '2024-02-18 12:39:57.63033-07', NULL, NULL, '', '', NULL, '', 0, NULL, '', NULL, false, NULL, false),
	('00000000-0000-0000-0000-000000000000', '70697050-79f1-4db2-96cf-3432da782fe7', 'authenticated', 'authenticated', 'dobledany13@gmail.com', '$2a$10$kyh.1E82PlNFU1YTvU3uGuQEqe4eT7JI9So20IQH2sGfbVbqcQW/y', '2024-02-17 21:00:52.000476-07', NULL, '', '2024-02-17 21:00:25.066802-07', '', '2024-02-18 13:03:33.790805-07', '', '', NULL, '2024-03-04 12:51:50.893029-07', '{"provider": "email", "providers": ["email"]}', '{"phone": "6623405007"}', NULL, '2024-02-17 21:00:25.06317-07', '2024-03-06 09:36:26.075123-07', NULL, NULL, '', '', NULL, '', 0, NULL, '', NULL, false, NULL, false),
	('00000000-0000-0000-0000-000000000000', '9b35935f-ba81-4876-a989-a463308d35e6', 'authenticated', 'authenticated', 'kkkkk@gmail.com', '$2a$10$za/7aOjOnhky77qdBXmlcOVcyTXItPUkKJCZkyhaOL34mfo9seV22', NULL, NULL, 'c105d32c71deebfd1739615c83c9aff42f7af8d22f0861a95b66e280', '2024-02-18 12:49:10.787103-07', '', NULL, '', '', NULL, NULL, '{"provider": "email", "providers": ["email"]}', '{"phone": "1223654789"}', NULL, '2024-02-18 12:49:10.783869-07', '2024-02-18 12:49:11.816806-07', NULL, NULL, '', '', NULL, '', 0, NULL, '', NULL, false, NULL, false),
	('00000000-0000-0000-0000-000000000000', 'c1d198f0-8e90-4b44-b03a-277a436d784d', 'authenticated', 'authenticated', 'arturoestrada.gyro@gmail.com', '$2a$10$UTvK6VWL2S9ehHxKkdwhMOK7EQtEGcdXKnozMwInCEvln9fx04mSe', '2024-02-18 12:11:35.489019-07', NULL, '', '2024-02-18 12:08:48.592419-07', '', NULL, '', '', NULL, '2024-03-09 19:47:06.627117-07', '{"provider": "email", "providers": ["email"]}', '{"phone": "1111111111"}', NULL, '2024-02-18 12:08:48.589046-07', '2024-03-09 19:47:06.628695-07', NULL, NULL, '', '', NULL, '', 0, NULL, '', NULL, false, NULL, false),
	('00000000-0000-0000-0000-000000000000', '6712184a-73b8-4541-add0-db439070c061', 'authenticated', 'authenticated', 'lisaaghnic07@gmail.com', '$2a$10$lEjUWqABNu9EQ6q6.c49GuC0uLDVnwPAybyJQCuz149d/1OQL8Rye', '2024-02-18 10:34:27.367023-07', NULL, '', '2024-02-18 10:33:03.043956-07', '', NULL, '', '', NULL, '2024-02-18 21:18:23.909139-07', '{"provider": "email", "providers": ["email"]}', '{"phone": "6623505259"}', NULL, '2024-02-18 10:33:03.036425-07', '2024-03-06 14:30:35.092445-07', NULL, NULL, '', '', NULL, '', 0, NULL, '', NULL, false, NULL, false),
	('00000000-0000-0000-0000-000000000000', 'da97de6f-73ff-4335-88da-2cd0b67a3433', 'authenticated', 'authenticated', 'karla13goldstar@gmail.com', '$2a$10$jlMtjeL1DiUWAbNBbh9fwu5bxh45n6rqOVgnCrjxHzKb.hJu8keJe', '2024-02-17 21:45:52.728958-07', NULL, '', '2024-02-17 21:45:13.205523-07', '', NULL, '', '', NULL, '2024-02-17 21:45:52.72972-07', '{"provider": "email", "providers": ["email"]}', '{"phone": "6621284028"}', NULL, '2024-02-17 21:45:13.201651-07', '2024-02-17 21:45:52.73124-07', NULL, NULL, '', '', NULL, '', 0, NULL, '', NULL, false, NULL, false),
	('00000000-0000-0000-0000-000000000000', 'c820cd07-b8fe-4613-b125-775d442b309f', 'authenticated', 'authenticated', 'joseluis.ochoa@unison.mx', '$2a$10$hCLUfvSlw1hRKsWnkP3tnOUnz2a3ZloQQQvjvHRAqV/N2ZteT1VHu', '2024-02-19 13:34:53.897117-07', NULL, '', '2024-02-19 13:34:35.398178-07', '', '2024-03-11 13:37:29.189422-07', '', '', NULL, '2024-03-11 13:38:00.132579-07', '{"provider": "email", "providers": ["email"]}', '{"phone": "6621346522"}', NULL, '2024-02-19 13:34:35.395004-07', '2024-03-11 13:38:00.143453-07', NULL, NULL, '', '', NULL, '', 0, NULL, '', NULL, false, NULL, false),
	('00000000-0000-0000-0000-000000000000', '0296a7ef-9b7e-45b4-9686-fd60e50aa956', 'authenticated', 'authenticated', 'texika3543@fkcod.com', '$2a$10$JG4Nwdq99Ec3jd5mK/uAZ.CL6XSOKyzpD72OUTsJfUhPbGwTkUn96', NULL, NULL, '38a2fd7ce235031a92ca279d5db843429d23b4f214f68bc3448f6fe5', '2024-02-18 13:08:39.916006-07', '', NULL, '', '', NULL, NULL, '{"provider": "email", "providers": ["email"]}', '{"phone": "3697852419"}', NULL, '2024-02-18 13:08:39.91251-07', '2024-02-18 13:08:40.939507-07', NULL, NULL, '', '', NULL, '', 0, NULL, '', NULL, false, NULL, false),
	('00000000-0000-0000-0000-000000000000', 'e6fc595d-2e1f-4cd1-8d9f-72783645aac4', 'authenticated', 'authenticated', 'jaredbarojas90@gmail.com', '$2a$06$pH/.R6hdJNOFR/AbPQJ3ruRMdDDXp1ConW3MaM7zhL9SUtbrU7P5a', '2024-02-18 21:04:58.782127-07', NULL, '', '2024-02-18 21:04:38.662333-07', '', NULL, '', '', NULL, '2024-04-06 19:16:27.267344-07', '{"provider": "email", "providers": ["email"]}', '{"phone": "6621426598"}', NULL, '2024-02-18 21:04:38.658899-07', '2024-04-06 19:16:27.27672-07', NULL, NULL, '', '', NULL, '', 0, NULL, '', NULL, false, NULL, false),
	('00000000-0000-0000-0000-000000000000', '15ddb30e-44dd-45dd-a15e-869d77183d96', 'authenticated', 'authenticated', 'athenamiami96@gmail.com', '$2a$10$SoTMwt1PgzosavT88vIKXOlV2okDY8f.whRktFJUZQbDqVfHZcrYm', '2024-03-04 12:26:28.32197-07', NULL, '', '2024-03-04 12:26:07.920866-07', '', NULL, '', '', NULL, '2024-03-04 12:26:28.32261-07', '{"provider": "email", "providers": ["email"]}', '{"phone": "6453510602"}', NULL, '2024-03-04 12:26:07.904946-07', '2024-03-04 12:26:28.324177-07', NULL, NULL, '', '', NULL, '', 0, NULL, '', NULL, false, NULL, false),
	('00000000-0000-0000-0000-000000000000', '2b8056a9-476b-41ef-a60e-8b234f9e732d', 'authenticated', 'authenticated', 'karolina11abigail@gmail.com', '$2a$10$astxewc9sIVzKEwT4X90Y.ztc92NHsepea0fU86q4dikjSgGIIywS', '2024-03-04 12:27:30.063776-07', NULL, '', '2024-03-04 12:27:08.538324-07', '', NULL, '', '', NULL, '2024-03-04 12:27:30.065133-07', '{"provider": "email", "providers": ["email"]}', '{"phone": "6623514243"}', NULL, '2024-03-04 12:27:08.535062-07', '2024-03-04 12:27:30.066812-07', NULL, NULL, '', '', NULL, '', 0, NULL, '', NULL, false, NULL, false),
	('00000000-0000-0000-0000-000000000000', 'faf903c8-5f72-4318-81f3-da97ba95cac1', 'authenticated', 'authenticated', 'estefyloona@gmail.com', '$2a$10$d37nqtuBwa9viFlfv/gU0ud86Ykutk/l0d3yBQy/M8ERcofPlgL9G', '2024-03-04 12:27:42.187666-07', NULL, '', '2024-03-04 12:27:20.912038-07', '', NULL, '', '', NULL, '2024-03-04 12:27:42.188285-07', '{"provider": "email", "providers": ["email"]}', '{"phone": "66244844"}', NULL, '2024-03-04 12:27:20.907224-07', '2024-03-04 12:27:42.189783-07', NULL, NULL, '', '', NULL, '', 0, NULL, '', NULL, false, NULL, false),
	('00000000-0000-0000-0000-000000000000', 'e7ea82e0-5f4a-4a3b-ae12-2366d0009459', 'authenticated', 'authenticated', 'papitochulo@gmail.com', '$2a$10$Du7kl5m4P85dr4Ky/qpzCehhIdJ0g/NIW3.PbY8jyvB8bV5FTy43q', NULL, NULL, '683dc6927e00af8ec653484c1a41882a4bb63347b88db2143d5f9890', '2024-03-04 12:27:56.354553-07', '', NULL, '', '', NULL, NULL, '{"provider": "email", "providers": ["email"]}', '{"phone": "1234567894"}', NULL, '2024-03-04 12:27:56.351311-07', '2024-03-04 12:27:57.320141-07', NULL, NULL, '', '', NULL, '', 0, NULL, '', NULL, false, NULL, false),
	('00000000-0000-0000-0000-000000000000', 'de2d79cb-19fb-4d98-9ea1-54ee7218c129', 'authenticated', 'authenticated', 'zlokitoclan@gmail.com', '$2a$10$88a4KPNlBBN8j0sf1wMcm.If1bQx.HTIl8xQpweN7K.3quv5SSGja', '2024-03-04 12:28:24.650309-07', NULL, '', '2024-03-04 12:28:06.988848-07', '', NULL, '', '', NULL, '2024-03-04 12:28:24.650904-07', '{"provider": "email", "providers": ["email"]}', '{"phone": "6451160876"}', NULL, '2024-03-04 12:28:06.985596-07', '2024-03-04 12:28:24.652381-07', NULL, NULL, '', '', NULL, '', 0, NULL, '', NULL, false, NULL, false),
	('00000000-0000-0000-0000-000000000000', 'b315d333-e3fb-448f-b6c5-9c69cc6512f8', 'authenticated', 'authenticated', 'a220204087@unison.mx', '$2a$10$ifWva.X2ksffwen6t3Ay/.0gCeO9R3Ei02UAK1ZNFFx1qUAHpJxRy', '2024-03-04 12:28:33.740517-07', NULL, '', '2024-03-04 12:26:58.679398-07', '', NULL, '', '', NULL, '2024-03-04 12:28:33.741121-07', '{"provider": "email", "providers": ["email"]}', '{"phone": "6621152478"}', NULL, '2024-03-04 12:26:58.67601-07', '2024-03-04 12:28:33.742614-07', NULL, NULL, '', '', NULL, '', 0, NULL, '', NULL, false, NULL, false),
	('00000000-0000-0000-0000-000000000000', '8fa98f1a-7041-4220-90b0-9974e7c6a465', 'authenticated', 'authenticated', 'andresantelo12@gmail.com', '$2a$10$w0uxpFf.kzXptAVZqNLBweW4PKSLeNeBgUIbB22rnecfeGKFAC.uK', '2024-03-04 12:30:08.833361-07', NULL, '', '2024-03-04 12:28:54.07262-07', '', NULL, '', '', NULL, '2024-03-04 12:30:08.833994-07', '{"provider": "email", "providers": ["email"]}', '{"phone": "1234567897"}', NULL, '2024-03-04 12:28:54.066083-07', '2024-03-04 12:30:08.835467-07', NULL, NULL, '', '', NULL, '', 0, NULL, '', NULL, false, NULL, false),
	('00000000-0000-0000-0000-000000000000', 'ec3e4043-cb3e-4f5f-a947-f6120b44159b', 'authenticated', 'authenticated', 'arelylafea96@gmail.com', '$2a$10$9uPD8cqKgMDU95EXlj4.XO29ufuryUlAXuy9Q8ap29ruP3DD6zmyS', '2024-03-04 12:30:52.360596-07', NULL, '', '2024-03-04 12:30:37.803419-07', '', NULL, '', '', NULL, '2024-03-04 12:30:52.361181-07', '{"provider": "email", "providers": ["email"]}', '{"phone": "6623405001"}', NULL, '2024-03-04 12:30:37.796333-07', '2024-03-04 12:30:52.362727-07', NULL, NULL, '', '', NULL, '', 0, NULL, '', NULL, false, NULL, false),
	('00000000-0000-0000-0000-000000000000', '4d6b8b64-1100-4d3b-ac62-292dc1a82184', 'authenticated', 'authenticated', 'josegilbertodavilabailon15@gmail.com', '$2a$10$8q1auIQ/3fLcUfLG3ejT6.e5qz4ro4Ga84V.4M6OqWw0M58doqo0e', '2024-03-04 12:31:14.731869-07', NULL, '', '2024-03-04 12:30:47.741354-07', '', NULL, '', '', NULL, '2024-03-04 12:31:14.732437-07', '{"provider": "email", "providers": ["email"]}', '{"phone": "6621931068"}', NULL, '2024-03-04 12:30:47.738112-07', '2024-03-04 12:31:14.734008-07', NULL, NULL, '', '', NULL, '', 0, NULL, '', NULL, false, NULL, false),
	('00000000-0000-0000-0000-000000000000', '964d5641-a9d6-4213-9d1f-995b8613450b', 'authenticated', 'authenticated', 'badilla.ramirez.k.prog@gmail.com', '$2a$10$ec242ARkxetPYLkDAK4fAet9qy64LxxaXxWiYogHzZeyQDRr/Z6ZW', '2024-03-04 12:30:50.751271-07', NULL, '', '2024-03-04 12:30:37.374751-07', '', NULL, '', '', NULL, '2024-03-04 12:30:50.751974-07', '{"provider": "email", "providers": ["email"]}', '{"phone": "6623514242"}', NULL, '2024-03-04 12:30:37.371631-07', '2024-03-04 12:30:50.754327-07', NULL, NULL, '', '', NULL, '', 0, NULL, '', NULL, false, NULL, false),
	('00000000-0000-0000-0000-000000000000', '234c9f6a-8dc8-4170-8a3d-c24c2de575ab', 'authenticated', 'authenticated', 'a220209301@unison.mx', '$2a$10$t399hNrAK3TiikHzyHvRBuzQrYIPpTqeiYrXGfattRZ703fPsKMoe', '2024-03-04 13:08:28.585613-07', NULL, '', '2024-03-04 12:49:18.332293-07', '', '2024-03-04 13:08:06.958418-07', '', '', NULL, '2024-03-04 13:09:17.873536-07', '{"provider": "email", "providers": ["email"]}', '{"phone": "6666666667"}', NULL, '2024-03-04 12:49:18.329054-07', '2024-03-04 13:09:17.875159-07', NULL, NULL, '', '', NULL, '', 0, NULL, '', NULL, false, NULL, false),
	('00000000-0000-0000-0000-000000000000', 'eb9b49bb-e61e-4ef1-ae97-415cdcf9b58e', 'authenticated', 'authenticated', 'andreaarizagahdz@gmail.com', '$2a$10$s/EJfCOPHO7KI5dFaChfH.QN.Lo6YtN4SM1audLUH7cJ4T7D849hq', '2024-03-04 12:35:19.824205-07', NULL, '', '2024-03-04 12:35:02.10473-07', '', NULL, '', '', NULL, '2024-03-09 20:54:41.956381-07', '{"provider": "email", "providers": ["email"]}', '{"phone": "6625551317"}', NULL, '2024-03-04 12:35:02.101332-07', '2024-03-09 22:43:51.769329-07', NULL, NULL, '', '', NULL, '', 0, NULL, '', NULL, false, NULL, false),
	('00000000-0000-0000-0000-000000000000', '67a37000-7a88-4aba-8fbd-253730b5be3b', 'authenticated', 'authenticated', 'a220210687@unison.mx', '$2a$10$T7RPJX9ADKl2lz/JrTDtb.I8j5wGYqzfJ/T58HIw6BKMqcJ9.gBke', NULL, NULL, '28d0322fb688f3d14eed4c1e6cf4d0f69521216e2531904d4260adc5', '2024-03-04 12:46:29.663692-07', '', NULL, '', '', NULL, NULL, '{"provider": "email", "providers": ["email"]}', '{"phone": "6623514241"}', NULL, '2024-03-04 12:46:29.660499-07', '2024-03-04 12:46:30.651775-07', NULL, NULL, '', '', NULL, '', 0, NULL, '', NULL, false, NULL, false),
	('00000000-0000-0000-0000-000000000000', '55226b2b-9573-4bd6-85b3-dc0ae41d5416', 'authenticated', 'authenticated', 'prueba@gmaio.com', '$2a$10$.7ZNYfi2W8ahRsUitDq94uQ.SiMDYT5LXacOBKfqNVbl7nyhBYDDu', NULL, NULL, 'f3990304c2e8e72cdebc1cf1dbb7713f78a8a039273d03333076bbb0', '2024-03-30 18:06:05.907433-07', '', NULL, '', '', NULL, NULL, '{"provider": "email", "providers": ["email"]}', '{"sub": "55226b2b-9573-4bd6-85b3-dc0ae41d5416", "email": "prueba@gmaio.com", "phone": "6621111111", "email_verified": false, "phone_verified": false}', NULL, '2024-03-30 18:06:05.869214-07', '2024-03-30 18:06:06.916588-07', NULL, NULL, '', '', NULL, '', 0, NULL, '', NULL, false, NULL, false),
	('00000000-0000-0000-0000-000000000000', '9c6bf4f4-58f8-4319-bc3f-3454d501f1b9', 'authenticated', 'authenticated', 'ernestohernandez675@gmail.com', '$2a$10$p8Kbn/Q2Q4vHRnezOWwa9uh8BFOZ6DlmN9VirwP.cnfh1G/ywtEMi', '2024-03-04 12:52:48.047068-07', NULL, '', '2024-03-04 12:51:57.160464-07', '', NULL, '', '', NULL, '2024-03-04 12:52:48.047718-07', '{"provider": "email", "providers": ["email"]}', '{"phone": "6621935762"}', NULL, '2024-03-04 12:51:57.157291-07', '2024-03-04 12:52:48.049376-07', NULL, NULL, '', '', NULL, '', 0, NULL, '', NULL, false, NULL, false),
	('00000000-0000-0000-0000-000000000000', 'd9331c5f-3a25-4bd4-94ec-b9bdda4c453c', 'authenticated', 'authenticated', 'jesusangel18jz@gmail.com', '$2a$10$S/0PI0oz7edK9vgDRs4v7.whRZ7DcE2TZc61AafksHXT2t7Ydt1UK', '2024-03-04 12:40:07.293168-07', NULL, '', '2024-03-04 12:39:12.400426-07', '', NULL, '', '', NULL, '2024-03-04 12:40:07.293791-07', '{"provider": "email", "providers": ["email"]}', '{"phone": "6621535442"}', NULL, '2024-03-04 12:39:12.397243-07', '2024-03-05 09:31:57.274202-07', NULL, NULL, '', '', NULL, '', 0, NULL, '', NULL, false, NULL, false),
	('00000000-0000-0000-0000-000000000000', '0f304c6a-1920-4e3b-bd04-069223de36cd', 'authenticated', 'authenticated', 'andresantelo89@gmail.con', '$2a$10$fhFVRnZ2LeZP0ExMAYYSQObxe9ulBeOdGaS7Ti.E37axwE3JfIEGq', NULL, NULL, '2b3998599becf462d7a30650a66455a25c47ac6c375c4dfa472706b9', '2024-03-06 11:46:10.625953-07', '', NULL, '', '', NULL, NULL, '{"provider": "email", "providers": ["email"]}', '{"phone": "6471222924"}', NULL, '2024-03-06 11:46:10.613032-07', '2024-03-06 11:46:11.615414-07', NULL, NULL, '', '', NULL, '', 0, NULL, '', NULL, false, NULL, false),
	('00000000-0000-0000-0000-000000000000', '58e35886-7591-4610-bbe3-2b2b581077bb', 'authenticated', 'authenticated', 'a220215783@unison.mx', '$2a$10$nnxl9LNEVQX0/gsXNAdf3uwhd7cDSOiWhS7uU/WwzjEvB8L0UDk5S', NULL, NULL, '140f0cecb8f79828232ca02a144e6346ecd7540b89b4c6a1b52168f7', '2024-03-06 12:07:49.187855-07', '', NULL, '', '', NULL, NULL, '{"provider": "email", "providers": ["email"]}', '{"phone": "6221037852"}', NULL, '2024-03-06 12:07:49.183178-07', '2024-03-06 12:07:50.167104-07', NULL, NULL, '', '', NULL, '', 0, NULL, '', NULL, false, NULL, false),
	('00000000-0000-0000-0000-000000000000', '2f53f080-a602-410d-b40b-d4728a7879b8', 'authenticated', 'authenticated', 'luis_estradar89@hotmail.com', '$2a$10$ldMyq534NgC.bGBHT6SxYOtFIMQu7DVoZWYJjWDTGyPh/04z5XbuW', '2024-02-18 13:12:22.139969-07', NULL, '', '2024-02-18 13:11:29.530003-07', '', '2024-03-09 19:59:20.609442-07', '', '', NULL, '2024-03-09 20:00:14.811682-07', '{"provider": "email", "providers": ["email"]}', '{"phone": "3697852411"}', NULL, '2024-02-18 13:11:29.526735-07', '2024-03-09 20:00:14.813989-07', NULL, NULL, '', '', NULL, '', 0, NULL, '', NULL, false, NULL, false),
	('00000000-0000-0000-0000-000000000000', '37ea1226-7967-436d-973b-aaac691ff5e3', 'authenticated', 'authenticated', 'harevalo1000@gmail.com', '$2a$10$rr9k5upUV.iupPyri6kKWOUSNg5lwp3EInVe190U0Dg.Q9R5pPDy6', '2024-04-03 23:04:31.587896-07', NULL, '', '2024-04-03 23:04:13.973224-07', '', NULL, '', '', NULL, '2024-04-04 08:49:00.693572-07', '{"provider": "email", "providers": ["email"]}', '{"sub": "37ea1226-7967-436d-973b-aaac691ff5e3", "email": "harevalo1000@gmail.com", "phone": "6623563481", "email_verified": false, "phone_verified": false}', NULL, '2024-04-03 23:04:13.954288-07', '2024-04-04 08:49:00.695197-07', NULL, NULL, '', '', NULL, '', 0, NULL, '', NULL, false, NULL, false),
	('00000000-0000-0000-0000-000000000000', 'b41d54c5-24ab-4a7d-95f5-2ae9f79cd23d', 'authenticated', 'authenticated', 'osunadaniel39@gmail.com', '$2a$10$VVhYn2T27XuvucVfGBYQQe2FBmompWSmy1SA3xg3kMrejia.GZFkK', '2024-02-15 13:31:54.031288-07', NULL, '', '2024-02-15 13:31:28.557923-07', '', '2024-03-29 13:22:04.823991-07', '', '', NULL, '2024-04-04 13:51:41.055317-07', '{"provider": "email", "providers": ["email"]}', '{"phone": "3649494949"}', NULL, '2024-02-15 13:31:28.554135-07', '2024-04-04 13:51:41.056786-07', NULL, NULL, '', '', NULL, '', 0, NULL, '', NULL, false, NULL, false),
	('00000000-0000-0000-0000-000000000000', 'b6766ad1-7c39-46e0-b1a5-492125cf2309', 'authenticated', 'authenticated', 'chipotleavocadosauce@gmail.com', '$2a$10$uT1FVh0xv0Cu7jFIBEWqSOvn6Jh1wt5fEY0OdZlbVWNUGrEVE6WOy', '2024-03-04 13:28:58.372153-07', NULL, '', '2024-03-04 13:26:45.604616-07', '', NULL, '', '', NULL, '2024-03-04 13:28:58.372698-07', '{"provider": "email", "providers": ["email"]}', '{"phone": "6621426599"}', NULL, '2024-03-04 13:26:45.601361-07', '2024-03-04 13:28:58.374237-07', NULL, NULL, '', '', NULL, '', 0, NULL, '', NULL, false, NULL, false),
	('00000000-0000-0000-0000-000000000000', '18ca3414-8e4d-4fc5-b506-75fcce51f43d', 'authenticated', 'authenticated', 'andresantelo51@gmail.com', '$2a$10$mxGjMpPFREuhKqEKznlH9OVVS.7gWCAjzJ/eWsoCLSv.XDrIYnSP2', '2024-03-04 12:32:04.295723-07', NULL, '', '2024-03-04 12:31:40.944793-07', '', NULL, '', '', NULL, '2024-03-04 12:32:04.296345-07', '{"provider": "email", "providers": ["email"]}', '{"phone": "1234566542"}', NULL, '2024-03-04 12:31:40.941524-07', '2024-03-04 12:32:04.297994-07', NULL, NULL, '', '', NULL, '', 0, NULL, '', NULL, false, NULL, false),
	('00000000-0000-0000-0000-000000000000', 'dc25822b-f6f2-4325-9e80-5f958c6167ba', 'authenticated', 'authenticated', 'karlaarlethlerma@gmail.com', '$2a$10$/lejQoUjdd1Rx15Ilq2tIOdx.5xPDrvJlyht1Ih7.xxDrU4r.7tZy', '2024-03-04 13:05:20.234679-07', NULL, '', '2024-03-04 13:04:59.849219-07', '', NULL, '', '', NULL, '2024-03-04 13:05:20.235172-07', '{"provider": "email", "providers": ["email"]}', '{"phone": "6622284028"}', NULL, '2024-03-04 13:04:59.84593-07', '2024-03-04 13:05:20.236708-07', NULL, NULL, '', '', NULL, '', 0, NULL, '', NULL, false, NULL, false),
	('00000000-0000-0000-0000-000000000000', 'e9fd0665-76f1-4781-9a8d-7c5ffa2ecd88', 'authenticated', 'authenticated', 'estefygravan@gmail.com', '$2a$10$7eDOB7rGXarBjDF/9SgoNe/2iJDwqNluUTBPTnJRX7teoWl8VlUnG', '2024-03-04 13:27:15.479778-07', NULL, '', '2024-03-04 13:26:41.751143-07', '', NULL, '', '', NULL, '2024-03-06 23:19:43.033394-07', '{"provider": "email", "providers": ["email"]}', '{"phone": "6624484073"}', NULL, '2024-03-04 13:26:41.747773-07', '2024-03-06 23:19:43.035424-07', NULL, NULL, '', '', NULL, '', 0, NULL, '', NULL, false, NULL, false),
	('00000000-0000-0000-0000-000000000000', '6b1c2983-ff2a-46c6-bc0b-932c1d380ee4', 'authenticated', 'authenticated', 'luis_hernandez675@outlook.com', '$2a$10$kG.4TW3yY/5J5Cj6SdYQlexXMyrrUpESeMHgWo7cjc.5y/ddkeyEe', '2024-03-04 13:15:31.615462-07', NULL, '', '2024-03-04 13:15:00.330611-07', '', NULL, '', '', NULL, '2024-03-04 13:15:31.616114-07', '{"provider": "email", "providers": ["email"]}', '{"phone": "6621932765"}', NULL, '2024-03-04 13:15:00.327298-07', '2024-03-04 13:15:31.61785-07', NULL, NULL, '', '', NULL, '', 0, NULL, '', NULL, false, NULL, false),
	('00000000-0000-0000-0000-000000000000', '2b6145ed-e2b0-44b6-b4fc-215875857d87', 'authenticated', 'authenticated', 'harevalocanales@gmail.com', '$2a$10$OvVKeTOhgThrubh/9vzkyuRYdSPGmN82d4qfz7RMObDR8Kr39qarq', NULL, NULL, '2a45472cb9a6d805ef173baf3248f174faade412e3b9b022bb52a3c5', '2024-03-04 13:22:06.328908-07', '', NULL, '', '', NULL, NULL, '{"provider": "email", "providers": ["email"]}', '{"phone": "6621935768"}', NULL, '2024-03-04 13:22:06.325842-07', '2024-03-04 13:22:07.314595-07', NULL, NULL, '', '', NULL, '', 0, NULL, '', NULL, false, NULL, false),
	('00000000-0000-0000-0000-000000000000', 'e82da664-c53b-4cef-8fc4-6034d0514f91', 'authenticated', 'authenticated', 'sinoio7898@gmail.com', '$2a$10$MDF9v/.ZuqYPjps44uG31uhtynBDsX6QIw2OhaOmZafP63Naf86NW', '2024-04-01 18:14:53.395567-07', NULL, '', '2024-04-01 18:14:35.348441-07', '', NULL, '', '', NULL, '2024-04-01 18:55:11.188261-07', '{"provider": "email", "providers": ["email"]}', '{"sub": "e82da664-c53b-4cef-8fc4-6034d0514f91", "email": "sinoio7898@gmail.com", "phone": "6621111113", "email_verified": false, "phone_verified": false}', NULL, '2024-04-01 18:14:35.332844-07', '2024-04-01 18:55:11.189794-07', NULL, NULL, '', '', NULL, '', 0, NULL, '', NULL, false, NULL, false),
	('00000000-0000-0000-0000-000000000000', '22957dd1-a482-4e43-bb51-9eb300af9d0f', 'authenticated', 'authenticated', 'a220200653@unison.mx', '$2a$10$NdLROqbwV1ye9Q22HiKwmug8NKDSW4B5uBuRuUw1NeCrFHbkqyrnu', '2024-03-13 09:42:37.985064-07', NULL, '', '2024-03-13 09:39:32.417129-07', 'd397c705578a63d5da7023bb81645893f2b830277bbcb99c50d5d005', '2024-04-01 09:55:43.710511-07', '', '', NULL, '2024-03-13 09:42:37.986345-07', '{"provider": "email", "providers": ["email"]}', '{"phone": "123456789"}', NULL, '2024-03-13 09:39:32.385993-07', '2024-04-01 09:55:44.658869-07', NULL, NULL, '', '', NULL, '', 0, NULL, '', NULL, false, NULL, false),
	('00000000-0000-0000-0000-000000000000', 'a1ce72b2-352c-449f-9a99-d2787f200c11', 'authenticated', 'authenticated', 'andresantelo02@gmail.com', '$2a$10$RSE7UnFPn8yTbu6Y40nyBuE1Hs/ZQyBGDlro0/306fNiw4FM25cTO', '2024-03-07 11:45:21.833746-07', NULL, '', '2024-03-07 11:44:38.619621-07', '', NULL, '', '', NULL, '2024-03-07 11:45:21.834893-07', '{"provider": "email", "providers": ["email"]}', '{"phone": "6622392412"}', NULL, '2024-03-07 11:44:38.616479-07', '2024-03-07 11:45:21.836407-07', NULL, NULL, '', '', NULL, '', 0, NULL, '', NULL, false, NULL, false),
	('00000000-0000-0000-0000-000000000000', 'd1ba8c84-7ce1-42f2-9f16-efa109d4d508', 'authenticated', 'authenticated', 'andresantelo89@gmail.com', '$2a$10$zegdZcp4wv4yNJqltmhWD.A.D.Zkmilx7HjscSe.Ee0qP0SVi47Ea', '2024-02-19 09:25:54.2745-07', NULL, '', '2024-02-19 09:25:40.72502-07', '', '2024-04-01 13:21:52.430772-07', '', '', NULL, '2024-04-01 13:23:22.375923-07', '{"provider": "email", "providers": ["email"]}', '{"phone": "6471241225"}', NULL, '2024-02-19 09:25:40.721737-07', '2024-04-01 13:23:22.377426-07', NULL, NULL, '', '', NULL, '', 0, NULL, '', NULL, false, NULL, false);


--
-- Data for Name: identities; Type: TABLE DATA; Schema: auth; Owner: supabase_auth_admin
--

INSERT INTO "auth"."identities" ("provider_id", "user_id", "identity_data", "provider", "last_sign_in_at", "created_at", "updated_at", "id") VALUES
	('36a42894-ff8b-4339-afc4-1ba31c3692e2', '36a42894-ff8b-4339-afc4-1ba31c3692e2', '{"sub": "36a42894-ff8b-4339-afc4-1ba31c3692e2", "email": "eqingsoftware12@gmail.com", "email_verified": false, "phone_verified": false}', 'email', '2024-02-17 14:48:28.069171-07', '2024-02-17 14:48:28.06922-07', '2024-02-17 14:48:28.06922-07', '3ddf4102-01e0-422e-b193-eb221bdc4898'),
	('2961f497-101d-4dc4-92a5-998499d0d6a9', '2961f497-101d-4dc4-92a5-998499d0d6a9', '{"sub": "2961f497-101d-4dc4-92a5-998499d0d6a9", "email": "resostenidobusiness@gmail.com", "email_verified": false, "phone_verified": false}', 'email', '2024-02-17 14:51:23.143867-07', '2024-02-17 14:51:23.143913-07', '2024-02-17 14:51:23.143913-07', '10eb55cb-7196-4f60-afa4-b0988a0c0eb6'),
	('06d6fe74-d185-4dda-bf92-f83d9f6db3f1', '06d6fe74-d185-4dda-bf92-f83d9f6db3f1', '{"sub": "06d6fe74-d185-4dda-bf92-f83d9f6db3f1", "email": "davidnunez635@gmail.com", "email_verified": false, "phone_verified": false}', 'email', '2024-02-17 16:55:35.910197-07', '2024-02-17 16:55:35.910247-07', '2024-02-17 16:55:35.910247-07', '976b8a88-849f-431e-8865-399069ebdabe'),
	('55592903-75fc-4f11-8ca9-b69c853acf6b', '55592903-75fc-4f11-8ca9-b69c853acf6b', '{"sub": "55592903-75fc-4f11-8ca9-b69c853acf6b", "email": "a220213915@unison.mx", "email_verified": false, "phone_verified": false}', 'email', '2024-02-17 17:43:27.594235-07', '2024-02-17 17:43:27.594279-07', '2024-02-17 17:43:27.594279-07', '038a7bc8-0b32-4c3c-95da-c2c502a2faac'),
	('cec72efd-7174-4423-be0b-8fc5075419de', 'cec72efd-7174-4423-be0b-8fc5075419de', '{"sub": "cec72efd-7174-4423-be0b-8fc5075419de", "email": "luisosuna1034@gmail.com", "email_verified": false, "phone_verified": false}', 'email', '2024-02-17 17:47:26.099045-07', '2024-02-17 17:47:26.099097-07', '2024-02-17 17:47:26.099097-07', '776b9afb-4f70-4587-a41c-e571070cb168'),
	('b41d54c5-24ab-4a7d-95f5-2ae9f79cd23d', 'b41d54c5-24ab-4a7d-95f5-2ae9f79cd23d', '{"sub": "b41d54c5-24ab-4a7d-95f5-2ae9f79cd23d", "email": "osunadaniel39@gmail.com", "email_verified": false, "phone_verified": false}', 'email', '2024-02-15 13:31:28.556393-07', '2024-02-15 13:31:28.556444-07', '2024-02-15 13:31:28.556444-07', '390f6b77-9d67-4fdf-9b8d-fd7c219ecc8e'),
	('8545bfd0-77ee-47a4-b1f7-17845d88bbbf', '8545bfd0-77ee-47a4-b1f7-17845d88bbbf', '{"sub": "8545bfd0-77ee-47a4-b1f7-17845d88bbbf", "email": "luisernestohernandez1@hotmail.com", "email_verified": false, "phone_verified": false}', 'email', '2024-02-15 13:35:05.272395-07', '2024-02-15 13:35:05.272441-07', '2024-02-15 13:35:05.272441-07', '37b1045e-2529-481b-a343-f981648f6062'),
	('b6d38bb3-c954-415b-baf8-b91f322d2e6e', 'b6d38bb3-c954-415b-baf8-b91f322d2e6e', '{"sub": "b6d38bb3-c954-415b-baf8-b91f322d2e6e", "email": "daeb2222@gmail.com", "email_verified": false, "phone_verified": false}', 'email', '2024-02-17 18:08:53.716963-07', '2024-02-17 18:08:53.717012-07', '2024-02-17 18:08:53.717012-07', '092199fd-32b0-4bd4-9e7f-fc9318da20f5'),
	('70697050-79f1-4db2-96cf-3432da782fe7', '70697050-79f1-4db2-96cf-3432da782fe7', '{"sub": "70697050-79f1-4db2-96cf-3432da782fe7", "email": "dobledany13@gmail.com", "email_verified": false, "phone_verified": false}', 'email', '2024-02-17 21:00:25.065284-07', '2024-02-17 21:00:25.065332-07', '2024-02-17 21:00:25.065332-07', '2d9a8335-30eb-4fac-8752-0875c8f6d708'),
	('da97de6f-73ff-4335-88da-2cd0b67a3433', 'da97de6f-73ff-4335-88da-2cd0b67a3433', '{"sub": "da97de6f-73ff-4335-88da-2cd0b67a3433", "email": "karla13goldstar@gmail.com", "email_verified": false, "phone_verified": false}', 'email', '2024-02-17 21:45:13.204141-07', '2024-02-17 21:45:13.204192-07', '2024-02-17 21:45:13.204192-07', '7b6545ce-6aa9-449e-904e-78daa324df67'),
	('6712184a-73b8-4541-add0-db439070c061', '6712184a-73b8-4541-add0-db439070c061', '{"sub": "6712184a-73b8-4541-add0-db439070c061", "email": "lisaaghnic07@gmail.com", "email_verified": false, "phone_verified": false}', 'email', '2024-02-18 10:33:03.041321-07', '2024-02-18 10:33:03.04137-07', '2024-02-18 10:33:03.04137-07', '755cb007-4476-4879-bddf-62e6ca6b1aa5'),
	('c1d198f0-8e90-4b44-b03a-277a436d784d', 'c1d198f0-8e90-4b44-b03a-277a436d784d', '{"sub": "c1d198f0-8e90-4b44-b03a-277a436d784d", "email": "arturoestrada.gyro@gmail.com", "email_verified": false, "phone_verified": false}', 'email', '2024-02-18 12:08:48.591133-07', '2024-02-18 12:08:48.591181-07', '2024-02-18 12:08:48.591181-07', 'e6de93bc-0eee-4a76-91cd-bb8342dbc84d'),
	('aabf1223-2b84-4950-9933-7aacd9d86901', 'aabf1223-2b84-4950-9933-7aacd9d86901', '{"sub": "aabf1223-2b84-4950-9933-7aacd9d86901", "email": "kkjkkk9@hotmail.com", "email_verified": false, "phone_verified": false}', 'email', '2024-02-18 12:30:19.012066-07', '2024-02-18 12:30:19.012109-07', '2024-02-18 12:30:19.012109-07', 'f74196c6-06f9-4cee-baf7-4c082ece1d41'),
	('9b35935f-ba81-4876-a989-a463308d35e6', '9b35935f-ba81-4876-a989-a463308d35e6', '{"sub": "9b35935f-ba81-4876-a989-a463308d35e6", "email": "kkkkk@gmail.com", "email_verified": false, "phone_verified": false}', 'email', '2024-02-18 12:49:10.785886-07', '2024-02-18 12:49:10.785934-07', '2024-02-18 12:49:10.785934-07', '9272c36d-eac1-4c92-8e1c-d8b86c177174'),
	('4a05f22c-a7bc-4b0f-9028-00f389e6a6f7', '4a05f22c-a7bc-4b0f-9028-00f389e6a6f7', '{"sub": "4a05f22c-a7bc-4b0f-9028-00f389e6a6f7", "email": "andreadh01@gmail.com", "email_verified": false, "phone_verified": false}', 'email', '2024-02-15 16:06:34.794893-07', '2024-02-15 16:06:34.794939-07', '2024-02-15 16:06:34.794939-07', '6397bcdb-a6ba-48ea-b89d-e7cc409dca9a'),
	('66c17225-b3b5-4178-83fe-c92b38c25eb0', '66c17225-b3b5-4178-83fe-c92b38c25eb0', '{"sub": "66c17225-b3b5-4178-83fe-c92b38c25eb0", "email": "a@gmail.com", "email_verified": false, "phone_verified": false}', 'email', '2024-02-15 16:07:32.974572-07', '2024-02-15 16:07:32.974624-07', '2024-02-15 16:07:32.974624-07', 'b5eb1413-ae98-440d-b851-b1a2df9693f3'),
	('0296a7ef-9b7e-45b4-9686-fd60e50aa956', '0296a7ef-9b7e-45b4-9686-fd60e50aa956', '{"sub": "0296a7ef-9b7e-45b4-9686-fd60e50aa956", "email": "texika3543@fkcod.com", "email_verified": false, "phone_verified": false}', 'email', '2024-02-18 13:08:39.91466-07', '2024-02-18 13:08:39.914706-07', '2024-02-18 13:08:39.914706-07', 'b352849c-dfb5-4e91-9a9e-52f47ae10b41'),
	('d3cf5372-8388-48f2-b9e8-5e94269ec671', 'd3cf5372-8388-48f2-b9e8-5e94269ec671', '{"sub": "d3cf5372-8388-48f2-b9e8-5e94269ec671", "email": "karolina14badilla@gmail.com", "email_verified": false, "phone_verified": false}', 'email', '2024-02-16 02:01:28.057826-07', '2024-02-16 02:01:28.057873-07', '2024-02-16 02:01:28.057873-07', '5ff452bc-9998-4847-b99a-33af537de554'),
	('45f4da3e-5b02-4c6e-9d3c-876831872686', '45f4da3e-5b02-4c6e-9d3c-876831872686', '{"sub": "45f4da3e-5b02-4c6e-9d3c-876831872686", "email": "yisusmaster1218@gmail.com", "email_verified": false, "phone_verified": false}', 'email', '2024-02-16 02:01:28.556742-07', '2024-02-16 02:01:28.55679-07', '2024-02-16 02:01:28.55679-07', '065d35b6-8e6d-4188-bc66-ae2e5187dc16'),
	('67ad521e-c8d4-409f-98f8-2ef3ba44e0ae', '67ad521e-c8d4-409f-98f8-2ef3ba44e0ae', '{"sub": "67ad521e-c8d4-409f-98f8-2ef3ba44e0ae", "email": "danielon002@gmail.com", "email_verified": false, "phone_verified": false}', 'email', '2024-02-16 02:04:45.561871-07', '2024-02-16 02:04:45.561925-07', '2024-02-16 02:04:45.561925-07', '72554c0e-f9d4-45b9-a58a-cd0c2fcbe0f0'),
	('960a5d81-c083-4556-881b-4596a351ff97', '960a5d81-c083-4556-881b-4596a351ff97', '{"sub": "960a5d81-c083-4556-881b-4596a351ff97", "email": "loncitooo17@gmail.com", "email_verified": false, "phone_verified": false}', 'email', '2024-02-16 02:05:55.723817-07', '2024-02-16 02:05:55.723873-07', '2024-02-16 02:05:55.723873-07', 'c92c6bff-54bb-4fb8-9ee2-ea3e1bd07d78'),
	('9a3857ba-fcd8-47a1-a80a-e32ccbd0bee9', '9a3857ba-fcd8-47a1-a80a-e32ccbd0bee9', '{"sub": "9a3857ba-fcd8-47a1-a80a-e32ccbd0bee9", "email": "a220214016@unison.mx", "email_verified": false, "phone_verified": false}', 'email', '2024-02-16 19:38:21.337053-07', '2024-02-16 19:38:21.3371-07', '2024-02-16 19:38:21.3371-07', '9e1662c2-d697-436c-90e6-8ce76a6e6b8f'),
	('afb3caae-a422-4ff4-a208-d375189a1cd6', 'afb3caae-a422-4ff4-a208-d375189a1cd6', '{"sub": "afb3caae-a422-4ff4-a208-d375189a1cd6", "email": "andrea@gmail.com", "email_verified": false, "phone_verified": false}', 'email', '2024-02-17 01:42:43.960729-07', '2024-02-17 01:42:43.960777-07', '2024-02-17 01:42:43.960777-07', '57a8e2d3-21f2-44d7-8ffe-fc48c563ab8b'),
	('02804ea9-c8d2-45f0-bc1c-eb3c59a0f34d', '02804ea9-c8d2-45f0-bc1c-eb3c59a0f34d', '{"sub": "02804ea9-c8d2-45f0-bc1c-eb3c59a0f34d", "email": "figiyal129@rohoza.com", "email_verified": false, "phone_verified": false}', 'email', '2024-02-17 01:44:22.087565-07', '2024-02-17 01:44:22.08761-07', '2024-02-17 01:44:22.08761-07', '144f27cb-7930-4d38-80c8-12a08038a9b9'),
	('acd1d671-68f3-4e94-ae01-fc0633509896', 'acd1d671-68f3-4e94-ae01-fc0633509896', '{"sub": "acd1d671-68f3-4e94-ae01-fc0633509896", "email": "luisdevv232@gmail.com", "email_verified": false, "phone_verified": false}', 'email', '2024-02-17 09:26:36.662773-07', '2024-02-17 09:26:36.662823-07', '2024-02-17 09:26:36.662823-07', '5f89d5a0-29c4-465e-9f95-b7d7b1b8dba6'),
	('2f53f080-a602-410d-b40b-d4728a7879b8', '2f53f080-a602-410d-b40b-d4728a7879b8', '{"sub": "2f53f080-a602-410d-b40b-d4728a7879b8", "email": "luis_estradar89@hotmail.com", "email_verified": false, "phone_verified": false}', 'email', '2024-02-18 13:11:29.528668-07', '2024-02-18 13:11:29.528715-07', '2024-02-18 13:11:29.528715-07', 'af712cc2-01bc-4e0d-a07b-06747608c46b'),
	('e6fc595d-2e1f-4cd1-8d9f-72783645aac4', 'e6fc595d-2e1f-4cd1-8d9f-72783645aac4', '{"sub": "e6fc595d-2e1f-4cd1-8d9f-72783645aac4", "email": "jaredbarojas90@gmail.com", "email_verified": false, "phone_verified": false}', 'email', '2024-02-18 21:04:38.660932-07', '2024-02-18 21:04:38.660985-07', '2024-02-18 21:04:38.660985-07', '4efcf0d5-d987-4134-b3f7-fddad2af8c81'),
	('d1ba8c84-7ce1-42f2-9f16-efa109d4d508', 'd1ba8c84-7ce1-42f2-9f16-efa109d4d508', '{"sub": "d1ba8c84-7ce1-42f2-9f16-efa109d4d508", "email": "andresantelo89@gmail.com", "email_verified": false, "phone_verified": false}', 'email', '2024-02-19 09:25:40.72378-07', '2024-02-19 09:25:40.723826-07', '2024-02-19 09:25:40.723826-07', '4e1fb661-d357-4ddd-a9bc-08a81b31c864'),
	('c820cd07-b8fe-4613-b125-775d442b309f', 'c820cd07-b8fe-4613-b125-775d442b309f', '{"sub": "c820cd07-b8fe-4613-b125-775d442b309f", "email": "joseluis.ochoa@unison.mx", "email_verified": false, "phone_verified": false}', 'email', '2024-02-19 13:34:35.396956-07', '2024-02-19 13:34:35.397001-07', '2024-02-19 13:34:35.397001-07', 'fa2e24fe-c65f-430c-ab2f-d6a69e38cc9f'),
	('15ddb30e-44dd-45dd-a15e-869d77183d96', '15ddb30e-44dd-45dd-a15e-869d77183d96', '{"sub": "15ddb30e-44dd-45dd-a15e-869d77183d96", "email": "athenamiami96@gmail.com", "email_verified": false, "phone_verified": false}', 'email', '2024-03-04 12:26:07.917022-07', '2024-03-04 12:26:07.917078-07', '2024-03-04 12:26:07.917078-07', 'a06eb2b7-67fa-4faa-bd4f-3edde95d19b2'),
	('b315d333-e3fb-448f-b6c5-9c69cc6512f8', 'b315d333-e3fb-448f-b6c5-9c69cc6512f8', '{"sub": "b315d333-e3fb-448f-b6c5-9c69cc6512f8", "email": "a220204087@unison.mx", "email_verified": false, "phone_verified": false}', 'email', '2024-03-04 12:26:58.678083-07', '2024-03-04 12:26:58.678127-07', '2024-03-04 12:26:58.678127-07', '0e386352-af42-435f-a1fe-677ca8d5b058'),
	('2b8056a9-476b-41ef-a60e-8b234f9e732d', '2b8056a9-476b-41ef-a60e-8b234f9e732d', '{"sub": "2b8056a9-476b-41ef-a60e-8b234f9e732d", "email": "karolina11abigail@gmail.com", "email_verified": false, "phone_verified": false}', 'email', '2024-03-04 12:27:08.537089-07', '2024-03-04 12:27:08.537133-07', '2024-03-04 12:27:08.537133-07', '2e37dc11-5db4-4af3-8896-6e530618457d'),
	('faf903c8-5f72-4318-81f3-da97ba95cac1', 'faf903c8-5f72-4318-81f3-da97ba95cac1', '{"sub": "faf903c8-5f72-4318-81f3-da97ba95cac1", "email": "estefyloona@gmail.com", "email_verified": false, "phone_verified": false}', 'email', '2024-03-04 12:27:20.910823-07', '2024-03-04 12:27:20.910872-07', '2024-03-04 12:27:20.910872-07', '64d5d075-b7e2-43c1-a263-8290afcaa273'),
	('e7ea82e0-5f4a-4a3b-ae12-2366d0009459', 'e7ea82e0-5f4a-4a3b-ae12-2366d0009459', '{"sub": "e7ea82e0-5f4a-4a3b-ae12-2366d0009459", "email": "papitochulo@gmail.com", "email_verified": false, "phone_verified": false}', 'email', '2024-03-04 12:27:56.353284-07', '2024-03-04 12:27:56.353329-07', '2024-03-04 12:27:56.353329-07', '70370bcd-58e0-4149-ac84-6818406c2ddc'),
	('de2d79cb-19fb-4d98-9ea1-54ee7218c129', 'de2d79cb-19fb-4d98-9ea1-54ee7218c129', '{"sub": "de2d79cb-19fb-4d98-9ea1-54ee7218c129", "email": "zlokitoclan@gmail.com", "email_verified": false, "phone_verified": false}', 'email', '2024-03-04 12:28:06.987621-07', '2024-03-04 12:28:06.987665-07', '2024-03-04 12:28:06.987665-07', 'df0d00bb-3162-4bdf-958b-8110012cff35'),
	('8fa98f1a-7041-4220-90b0-9974e7c6a465', '8fa98f1a-7041-4220-90b0-9974e7c6a465', '{"sub": "8fa98f1a-7041-4220-90b0-9974e7c6a465", "email": "andresantelo12@gmail.com", "email_verified": false, "phone_verified": false}', 'email', '2024-03-04 12:28:54.070508-07', '2024-03-04 12:28:54.070569-07', '2024-03-04 12:28:54.070569-07', 'f3ae8d03-9db4-4935-8a8f-32ef05eefda2'),
	('964d5641-a9d6-4213-9d1f-995b8613450b', '964d5641-a9d6-4213-9d1f-995b8613450b', '{"sub": "964d5641-a9d6-4213-9d1f-995b8613450b", "email": "badilla.ramirez.k.prog@gmail.com", "email_verified": false, "phone_verified": false}', 'email', '2024-03-04 12:30:37.373487-07', '2024-03-04 12:30:37.373532-07', '2024-03-04 12:30:37.373532-07', '135d28bd-ddae-446d-ad16-ee704e48ace7'),
	('ec3e4043-cb3e-4f5f-a947-f6120b44159b', 'ec3e4043-cb3e-4f5f-a947-f6120b44159b', '{"sub": "ec3e4043-cb3e-4f5f-a947-f6120b44159b", "email": "arelylafea96@gmail.com", "email_verified": false, "phone_verified": false}', 'email', '2024-03-04 12:30:37.801922-07', '2024-03-04 12:30:37.801969-07', '2024-03-04 12:30:37.801969-07', 'fbfd1c37-d3ab-45ad-8cd7-719de2fc4972'),
	('4d6b8b64-1100-4d3b-ac62-292dc1a82184', '4d6b8b64-1100-4d3b-ac62-292dc1a82184', '{"sub": "4d6b8b64-1100-4d3b-ac62-292dc1a82184", "email": "josegilbertodavilabailon15@gmail.com", "email_verified": false, "phone_verified": false}', 'email', '2024-03-04 12:30:47.740136-07', '2024-03-04 12:30:47.74018-07', '2024-03-04 12:30:47.74018-07', '43bcd30e-dc90-49af-b6c2-d1f4723fc8af'),
	('18ca3414-8e4d-4fc5-b506-75fcce51f43d', '18ca3414-8e4d-4fc5-b506-75fcce51f43d', '{"sub": "18ca3414-8e4d-4fc5-b506-75fcce51f43d", "email": "andresantelo51@gmail.com", "email_verified": false, "phone_verified": false}', 'email', '2024-03-04 12:31:40.94357-07', '2024-03-04 12:31:40.94362-07', '2024-03-04 12:31:40.94362-07', 'c204ac9c-47af-41c3-8a56-835299941575'),
	('e17749d1-92d4-41ec-8145-9c8f13e27d3d', 'e17749d1-92d4-41ec-8145-9c8f13e27d3d', '{"sub": "e17749d1-92d4-41ec-8145-9c8f13e27d3d", "email": "jdav38791@gmail.com", "email_verified": false, "phone_verified": false}', 'email', '2024-03-04 12:34:06.647937-07', '2024-03-04 12:34:06.647987-07', '2024-03-04 12:34:06.647987-07', '61bd47bb-20e1-4441-8e7a-d3a49177423d'),
	('eb9b49bb-e61e-4ef1-ae97-415cdcf9b58e', 'eb9b49bb-e61e-4ef1-ae97-415cdcf9b58e', '{"sub": "eb9b49bb-e61e-4ef1-ae97-415cdcf9b58e", "email": "andreaarizagahdz@gmail.com", "email_verified": false, "phone_verified": false}', 'email', '2024-03-04 12:35:02.103332-07', '2024-03-04 12:35:02.103377-07', '2024-03-04 12:35:02.103377-07', 'd318a01e-fb96-4b7a-8159-91d0b5565b25'),
	('d9331c5f-3a25-4bd4-94ec-b9bdda4c453c', 'd9331c5f-3a25-4bd4-94ec-b9bdda4c453c', '{"sub": "d9331c5f-3a25-4bd4-94ec-b9bdda4c453c", "email": "jesusangel18jz@gmail.com", "email_verified": false, "phone_verified": false}', 'email', '2024-03-04 12:39:12.399266-07', '2024-03-04 12:39:12.399312-07', '2024-03-04 12:39:12.399312-07', 'da26dbcf-c2da-4dea-a426-3f21a7322ee6'),
	('67a37000-7a88-4aba-8fbd-253730b5be3b', '67a37000-7a88-4aba-8fbd-253730b5be3b', '{"sub": "67a37000-7a88-4aba-8fbd-253730b5be3b", "email": "a220210687@unison.mx", "email_verified": false, "phone_verified": false}', 'email', '2024-03-04 12:46:29.662447-07', '2024-03-04 12:46:29.662505-07', '2024-03-04 12:46:29.662505-07', '9aea3532-f634-49c3-ba8e-5322da617f98'),
	('234c9f6a-8dc8-4170-8a3d-c24c2de575ab', '234c9f6a-8dc8-4170-8a3d-c24c2de575ab', '{"sub": "234c9f6a-8dc8-4170-8a3d-c24c2de575ab", "email": "a220209301@unison.mx", "email_verified": false, "phone_verified": false}', 'email', '2024-03-04 12:49:18.331051-07', '2024-03-04 12:49:18.3311-07', '2024-03-04 12:49:18.3311-07', '17cd78f8-d2d1-4acb-b356-7787fc782cd8'),
	('9c6bf4f4-58f8-4319-bc3f-3454d501f1b9', '9c6bf4f4-58f8-4319-bc3f-3454d501f1b9', '{"sub": "9c6bf4f4-58f8-4319-bc3f-3454d501f1b9", "email": "ernestohernandez675@gmail.com", "email_verified": false, "phone_verified": false}', 'email', '2024-03-04 12:51:57.159265-07', '2024-03-04 12:51:57.159312-07', '2024-03-04 12:51:57.159312-07', '86b5dec3-f638-4f08-b1cc-c25c34744d04'),
	('dc25822b-f6f2-4325-9e80-5f958c6167ba', 'dc25822b-f6f2-4325-9e80-5f958c6167ba', '{"sub": "dc25822b-f6f2-4325-9e80-5f958c6167ba", "email": "karlaarlethlerma@gmail.com", "email_verified": false, "phone_verified": false}', 'email', '2024-03-04 13:04:59.847957-07', '2024-03-04 13:04:59.848007-07', '2024-03-04 13:04:59.848007-07', '5bc9f697-78b8-4447-8cf6-fe0413661dfa'),
	('6b1c2983-ff2a-46c6-bc0b-932c1d380ee4', '6b1c2983-ff2a-46c6-bc0b-932c1d380ee4', '{"sub": "6b1c2983-ff2a-46c6-bc0b-932c1d380ee4", "email": "luis_hernandez675@outlook.com", "email_verified": false, "phone_verified": false}', 'email', '2024-03-04 13:15:00.329326-07', '2024-03-04 13:15:00.32937-07', '2024-03-04 13:15:00.32937-07', '890706ba-3cf6-49e6-b41d-859b238ba534'),
	('2b6145ed-e2b0-44b6-b4fc-215875857d87', '2b6145ed-e2b0-44b6-b4fc-215875857d87', '{"sub": "2b6145ed-e2b0-44b6-b4fc-215875857d87", "email": "harevalocanales@gmail.com", "email_verified": false, "phone_verified": false}', 'email', '2024-03-04 13:22:06.327721-07', '2024-03-04 13:22:06.327766-07', '2024-03-04 13:22:06.327766-07', '881ed677-cd89-4107-893b-5a5949d35d0d'),
	('e9fd0665-76f1-4781-9a8d-7c5ffa2ecd88', 'e9fd0665-76f1-4781-9a8d-7c5ffa2ecd88', '{"sub": "e9fd0665-76f1-4781-9a8d-7c5ffa2ecd88", "email": "estefygravan@gmail.com", "email_verified": false, "phone_verified": false}', 'email', '2024-03-04 13:26:41.749843-07', '2024-03-04 13:26:41.749892-07', '2024-03-04 13:26:41.749892-07', '53d74cc3-593a-4077-a055-e539a082aa6c'),
	('b6766ad1-7c39-46e0-b1a5-492125cf2309', 'b6766ad1-7c39-46e0-b1a5-492125cf2309', '{"sub": "b6766ad1-7c39-46e0-b1a5-492125cf2309", "email": "chipotleavocadosauce@gmail.com", "email_verified": false, "phone_verified": false}', 'email', '2024-03-04 13:26:45.603306-07', '2024-03-04 13:26:45.603358-07', '2024-03-04 13:26:45.603358-07', 'ee51c909-5914-4e1a-933e-b480c353819d'),
	('0f304c6a-1920-4e3b-bd04-069223de36cd', '0f304c6a-1920-4e3b-bd04-069223de36cd', '{"sub": "0f304c6a-1920-4e3b-bd04-069223de36cd", "email": "andresantelo89@gmail.con", "email_verified": false, "phone_verified": false}', 'email', '2024-03-06 11:46:10.622579-07', '2024-03-06 11:46:10.622629-07', '2024-03-06 11:46:10.622629-07', 'cff4b249-49db-4264-b0e4-09a7c52fe5ff'),
	('58e35886-7591-4610-bbe3-2b2b581077bb', '58e35886-7591-4610-bbe3-2b2b581077bb', '{"sub": "58e35886-7591-4610-bbe3-2b2b581077bb", "email": "a220215783@unison.mx", "email_verified": false, "phone_verified": false}', 'email', '2024-03-06 12:07:49.185075-07', '2024-03-06 12:07:49.185118-07', '2024-03-06 12:07:49.185118-07', '410c7141-a3f9-446f-a206-e906a89f2289'),
	('a1ce72b2-352c-449f-9a99-d2787f200c11', 'a1ce72b2-352c-449f-9a99-d2787f200c11', '{"sub": "a1ce72b2-352c-449f-9a99-d2787f200c11", "email": "andresantelo02@gmail.com", "email_verified": false, "phone_verified": false}', 'email', '2024-03-07 11:44:38.618351-07', '2024-03-07 11:44:38.618394-07', '2024-03-07 11:44:38.618394-07', '498555d0-51f7-4e8a-9603-d7e43a81a60f'),
	('22957dd1-a482-4e43-bb51-9eb300af9d0f', '22957dd1-a482-4e43-bb51-9eb300af9d0f', '{"sub": "22957dd1-a482-4e43-bb51-9eb300af9d0f", "email": "a220200653@unison.mx", "email_verified": false, "phone_verified": false}', 'email', '2024-03-13 09:39:32.410785-07', '2024-03-13 09:39:32.410842-07', '2024-03-13 09:39:32.410842-07', 'a78ed0f5-96fd-4079-8ee1-ed61aa821a19'),
	('55226b2b-9573-4bd6-85b3-dc0ae41d5416', '55226b2b-9573-4bd6-85b3-dc0ae41d5416', '{"sub": "55226b2b-9573-4bd6-85b3-dc0ae41d5416", "email": "prueba@gmaio.com", "phone": "6621111111", "email_verified": false, "phone_verified": false}', 'email', '2024-03-30 18:06:05.897674-07', '2024-03-30 18:06:05.897766-07', '2024-03-30 18:06:05.897766-07', 'b56217f4-66cc-4888-8364-f0923b655df6'),
	('e82da664-c53b-4cef-8fc4-6034d0514f91', 'e82da664-c53b-4cef-8fc4-6034d0514f91', '{"sub": "e82da664-c53b-4cef-8fc4-6034d0514f91", "email": "sinoio7898@gmail.com", "phone": "6621111113", "email_verified": false, "phone_verified": false}', 'email', '2024-04-01 18:14:35.344666-07', '2024-04-01 18:14:35.344732-07', '2024-04-01 18:14:35.344732-07', 'e53c22f2-3518-48d1-8d79-765da05e5633'),
	('37ea1226-7967-436d-973b-aaac691ff5e3', '37ea1226-7967-436d-973b-aaac691ff5e3', '{"sub": "37ea1226-7967-436d-973b-aaac691ff5e3", "email": "harevalo1000@gmail.com", "phone": "6623563481", "email_verified": false, "phone_verified": false}', 'email', '2024-04-03 23:04:13.968785-07', '2024-04-03 23:04:13.968848-07', '2024-04-03 23:04:13.968848-07', '7c8d806e-2643-49e5-a484-58168480729b');


--
-- Data for Name: instances; Type: TABLE DATA; Schema: auth; Owner: supabase_auth_admin
--



--
-- Data for Name: sessions; Type: TABLE DATA; Schema: auth; Owner: supabase_auth_admin
--

INSERT INTO "auth"."sessions" ("id", "user_id", "created_at", "updated_at", "factor_id", "aal", "not_after", "refreshed_at", "user_agent", "ip", "tag") VALUES
	('a48eb684-7407-4f13-9137-9042f62d55ef', '70697050-79f1-4db2-96cf-3432da782fe7', '2024-02-18 13:28:08.60708-07', '2024-03-06 09:36:26.075926-07', NULL, 'aal1', NULL, '2024-03-06 16:36:26.075857', 'okhttp/4.9.2', '148.225.225.31', NULL),
	('747c267c-59bd-44ba-b795-adf4b57cd188', '70697050-79f1-4db2-96cf-3432da782fe7', '2024-03-04 12:51:50.893102-07', '2024-03-04 15:53:44.306636-07', NULL, 'aal1', NULL, '2024-03-04 22:53:44.306564', 'okhttp/4.9.2', '190.123.10.148', NULL),
	('f0be00f3-c708-476c-bd5b-aa7327641f21', '06d6fe74-d185-4dda-bf92-f83d9f6db3f1', '2024-03-17 14:13:32.115571-07', '2024-03-19 13:46:06.282879-07', NULL, 'aal1', NULL, '2024-03-19 20:46:06.282806', 'okhttp/4.9.2', '148.225.225.105', NULL),
	('9c9ac7f0-06f7-4295-8698-5c151a112c91', '960a5d81-c083-4556-881b-4596a351ff97', '2024-02-16 02:06:34.711377-07', '2024-02-16 02:06:34.711377-07', NULL, 'aal1', NULL, NULL, 'Expo/1017599 CFNetwork/1492.0.1 Darwin/23.3.0', '187.188.79.199', NULL),
	('75aac2ae-e170-4482-81c5-3b960079bee0', '06d6fe74-d185-4dda-bf92-f83d9f6db3f1', '2024-03-19 13:46:12.166729-07', '2024-03-19 13:46:12.166729-07', NULL, 'aal1', NULL, NULL, 'okhttp/4.9.2', '148.225.225.105', NULL),
	('3462ca09-c141-4f4a-8795-15c6f206a3d8', '45f4da3e-5b02-4c6e-9d3c-876831872686', '2024-04-03 10:04:18.970191-07', '2024-04-04 14:40:57.016682-07', NULL, 'aal1', NULL, '2024-04-04 21:40:57.016607', 'okhttp/4.9.2', '148.225.225.5', NULL),
	('a2130280-6baf-4af3-bef2-f3d5878ce27e', 'd3cf5372-8388-48f2-b9e8-5e94269ec671', '2024-03-21 22:46:30.814115-07', '2024-03-21 22:46:30.814115-07', NULL, 'aal1', NULL, NULL, 'okhttp/4.9.2', '187.251.110.227', NULL),
	('bac230fe-8af8-45c6-9567-27fcce72aa25', 'b315d333-e3fb-448f-b6c5-9c69cc6512f8', '2024-03-04 12:28:33.74119-07', '2024-03-04 12:28:33.74119-07', NULL, 'aal1', NULL, NULL, 'okhttp/4.9.2', '148.225.225.125', NULL),
	('2255a6bc-c98f-48b0-a22c-8bfcea6bc9d8', '37ea1226-7967-436d-973b-aaac691ff5e3', '2024-04-04 08:43:58.226246-07', '2024-04-04 08:43:58.226246-07', NULL, 'aal1', NULL, NULL, 'Expo/1017599 CFNetwork/1335.0.3.2 Darwin/21.6.0', '148.225.225.178', NULL),
	('863d35e6-10d7-4d38-8b4e-b8a1803741f0', '18ca3414-8e4d-4fc5-b506-75fcce51f43d', '2024-03-04 12:32:04.296436-07', '2024-03-04 12:32:04.296436-07', NULL, 'aal1', NULL, NULL, 'Expo/1017599 CFNetwork/1492.0.1 Darwin/23.3.0', '148.225.225.86', NULL),
	('6882b4ca-0580-46b4-b0b7-30b127faf683', 'eb9b49bb-e61e-4ef1-ae97-415cdcf9b58e', '2024-03-04 12:35:19.824943-07', '2024-03-04 12:35:19.824943-07', NULL, 'aal1', NULL, NULL, 'okhttp/4.9.2', '148.225.225.196', NULL),
	('3026d76f-3e9b-4828-a173-6cc4ac270716', '37ea1226-7967-436d-973b-aaac691ff5e3', '2024-04-04 08:49:00.693643-07', '2024-04-04 08:49:00.693643-07', NULL, 'aal1', NULL, NULL, 'Expo/1017599 CFNetwork/1335.0.3.2 Darwin/21.6.0', '148.225.225.178', NULL),
	('3ef86c8b-8f3b-4732-8229-1a368b99fbc2', 'da97de6f-73ff-4335-88da-2cd0b67a3433', '2024-02-17 21:45:52.729794-07', '2024-02-17 21:45:52.729794-07', NULL, 'aal1', NULL, NULL, 'Expo/1017599 CFNetwork/1490.0.4 Darwin/23.2.0', '177.228.87.75', NULL),
	('36424d72-14c8-4044-b5e4-31d12f63995c', 'dc25822b-f6f2-4325-9e80-5f958c6167ba', '2024-03-04 13:05:20.235239-07', '2024-03-04 13:05:20.235239-07', NULL, 'aal1', NULL, NULL, 'Expo/1017599 CFNetwork/1492.0.1 Darwin/23.3.0', '148.225.225.38', NULL),
	('93de8cd8-2547-4847-94ef-333b21ddc9e6', '234c9f6a-8dc8-4170-8a3d-c24c2de575ab', '2024-03-04 13:08:28.586159-07', '2024-03-04 13:08:28.586159-07', NULL, 'aal1', NULL, NULL, 'okhttp/4.9.2', '148.225.225.118', NULL),
	('191d6836-6526-4cbf-8508-c836b70e39ec', '45f4da3e-5b02-4c6e-9d3c-876831872686', '2024-04-06 20:26:06.103721-07', '2024-04-06 20:26:06.103721-07', NULL, 'aal1', NULL, NULL, 'okhttp/4.9.2', '177.228.87.178', NULL),
	('70a19b6d-e7a8-4cd4-b2fe-0a4607005c89', '234c9f6a-8dc8-4170-8a3d-c24c2de575ab', '2024-03-04 13:09:17.873613-07', '2024-03-04 13:09:17.873613-07', NULL, 'aal1', NULL, NULL, 'okhttp/4.9.2', '148.225.225.118', NULL),
	('a689ae9a-130e-44d4-a0d2-f4f3562995e9', '70697050-79f1-4db2-96cf-3432da782fe7', '2024-02-18 13:04:27.439148-07', '2024-02-18 13:04:27.439148-07', NULL, 'aal1', NULL, NULL, 'okhttp/4.9.2', '189.173.199.2', NULL),
	('539c28e2-a7c4-4c21-b302-a92fa8f2a1ea', 'acd1d671-68f3-4e94-ae01-fc0633509896', '2024-04-04 14:28:42.837809-07', '2024-04-04 17:50:54.467475-07', NULL, 'aal1', NULL, '2024-04-05 00:50:54.467405', 'okhttp/4.9.2', '148.225.225.91', NULL),
	('9ba30eb8-cd0e-4aef-b1b4-64cf8da8f78d', '8545bfd0-77ee-47a4-b1f7-17845d88bbbf', '2024-04-01 13:20:28.107716-07', '2024-04-01 13:20:28.107716-07', NULL, 'aal1', NULL, NULL, 'Expo/1017599 CFNetwork/1492.0.1 Darwin/23.3.0', '148.225.225.141', NULL),
	('497f3cae-15cf-451e-92f9-d4b9034c576c', 'c820cd07-b8fe-4613-b125-775d442b309f', '2024-02-19 13:34:53.897794-07', '2024-02-19 13:34:53.897794-07', NULL, 'aal1', NULL, NULL, 'okhttp/4.9.2', '148.225.225.199', NULL),
	('e6170309-148e-47fc-a4b3-37684a2091c4', 'e9fd0665-76f1-4781-9a8d-7c5ffa2ecd88', '2024-03-04 13:27:15.480339-07', '2024-03-04 13:27:15.480339-07', NULL, 'aal1', NULL, NULL, 'Expo/1017599 CFNetwork/1492.0.1 Darwin/23.3.0', '148.225.225.79', NULL),
	('a643e5e1-a9fc-4c00-ae32-bdb3af13204c', 'd1ba8c84-7ce1-42f2-9f16-efa109d4d508', '2024-04-01 13:22:04.093792-07', '2024-04-01 13:22:04.093792-07', NULL, 'aal1', NULL, NULL, 'Expo/1017599 CFNetwork/1492.0.1 Darwin/23.3.0', '148.225.225.38', NULL),
	('0a9e5498-98a3-4f39-9368-0c2ff0d0a800', '45f4da3e-5b02-4c6e-9d3c-876831872686', '2024-04-03 01:12:18.244736-07', '2024-04-04 20:23:03.326932-07', NULL, 'aal1', NULL, '2024-04-05 03:23:03.326856', 'okhttp/4.9.2', '177.228.64.39', NULL),
	('59f0ce76-8512-4e5d-8d05-5d21034d8c1f', 'd1ba8c84-7ce1-42f2-9f16-efa109d4d508', '2024-04-01 13:23:22.37601-07', '2024-04-01 13:23:22.37601-07', NULL, 'aal1', NULL, NULL, 'Expo/1017599 CFNetwork/1492.0.1 Darwin/23.3.0', '148.225.225.38', NULL),
	('31dbbec3-1dc8-4523-826e-101894c8ce9d', '8545bfd0-77ee-47a4-b1f7-17845d88bbbf', '2024-02-17 21:42:43.145657-07', '2024-03-06 13:11:33.9988-07', NULL, 'aal1', NULL, '2024-03-06 20:11:33.998726', 'Expo/1017599 CFNetwork/1492.0.1 Darwin/23.3.0', '148.225.225.156', NULL),
	('a0060756-090f-4125-bbdb-ae8324bb7a53', '8545bfd0-77ee-47a4-b1f7-17845d88bbbf', '2024-03-06 13:36:32.377939-07', '2024-03-06 13:36:32.377939-07', NULL, 'aal1', NULL, NULL, 'Expo/1017599 CFNetwork/1492.0.1 Darwin/23.3.0', '148.225.225.156', NULL),
	('e3984c85-c133-40a3-a9ba-ee5b642d458d', 'b6d38bb3-c954-415b-baf8-b91f322d2e6e', '2024-04-04 13:11:42.637038-07', '2024-04-04 14:10:24.714126-07', NULL, 'aal1', NULL, '2024-04-04 21:10:24.714055', 'okhttp/4.9.2', '187.188.79.88', NULL),
	('cde00b5a-a7e6-478f-83c2-aa7e12b638e9', '8545bfd0-77ee-47a4-b1f7-17845d88bbbf', '2024-03-06 13:36:33.092545-07', '2024-03-06 13:36:33.092545-07', NULL, 'aal1', NULL, NULL, 'Expo/1017599 CFNetwork/1492.0.1 Darwin/23.3.0', '148.225.225.156', NULL),
	('e89a8e9e-e70f-4533-b122-7b343253a3ab', '70697050-79f1-4db2-96cf-3432da782fe7', '2024-02-19 20:26:52.438935-07', '2024-02-23 13:19:13.336387-07', NULL, 'aal1', NULL, '2024-02-23 20:19:13.336314', 'okhttp/4.9.2', '148.225.225.190', NULL),
	('b0fbba01-227e-4993-bc55-565da42bf7e3', 'e6fc595d-2e1f-4cd1-8d9f-72783645aac4', '2024-04-04 13:33:24.309748-07', '2024-04-04 14:31:48.289054-07', NULL, 'aal1', NULL, '2024-04-04 21:31:48.288982', 'okhttp/4.9.2', '187.251.110.126', NULL),
	('dbcda193-32b3-4b19-8a14-5e2d5b6de1ae', '6712184a-73b8-4541-add0-db439070c061', '2024-02-18 21:18:23.909214-07', '2024-03-06 14:30:35.0941-07', NULL, 'aal1', NULL, '2024-03-06 21:30:35.094028', 'okhttp/4.9.2', '189.173.212.126', NULL),
	('eda2dd4e-ede8-4793-b0c3-4eebefe45ce3', 'acd1d671-68f3-4e94-ae01-fc0633509896', '2024-04-04 20:56:16.175-07', '2024-04-04 22:55:09.759641-07', NULL, 'aal1', NULL, '2024-04-05 05:55:09.759568', 'okhttp/4.9.2', '177.228.75.131', NULL),
	('b62fe485-ecdd-4a83-8d97-e38cf695a973', '45f4da3e-5b02-4c6e-9d3c-876831872686', '2024-04-04 20:23:21.926445-07', '2024-04-05 13:04:09.796598-07', NULL, 'aal1', NULL, '2024-04-05 20:04:09.796529', 'okhttp/4.9.2', '177.228.64.39', NULL),
	('e3489431-c4c7-4852-8ac7-3dc04bcdaeeb', '4a05f22c-a7bc-4b0f-9028-00f389e6a6f7', '2024-04-04 01:10:15.732451-07', '2024-04-06 14:09:57.927008-07', NULL, 'aal1', NULL, '2024-04-06 21:09:57.926932', 'Expo/1017599 CFNetwork/1399 Darwin/22.1.0', '187.188.79.72', NULL),
	('70bf3085-fa18-4538-9385-6e101be93f52', 'e6fc595d-2e1f-4cd1-8d9f-72783645aac4', '2024-04-06 19:16:27.267418-07', '2024-04-06 19:16:27.267418-07', NULL, 'aal1', NULL, NULL, 'okhttp/4.9.2', '187.251.110.126', NULL),
	('bab9ca06-5dfc-44e5-8e8f-773568d91ea5', '2f53f080-a602-410d-b40b-d4728a7879b8', '2024-03-09 19:59:50.637161-07', '2024-03-09 19:59:50.637161-07', NULL, 'aal1', NULL, NULL, 'okhttp/4.9.2', '177.228.66.109', NULL),
	('3bf3e64f-4712-4306-a3a1-2fc99d450d7f', '06d6fe74-d185-4dda-bf92-f83d9f6db3f1', '2024-03-17 02:10:44.54705-07', '2024-03-17 02:10:44.54705-07', NULL, 'aal1', NULL, NULL, 'okhttp/4.9.2', '177.228.67.7', NULL),
	('a280e083-9eae-49a7-ac33-36003c7653a1', 'e9fd0665-76f1-4781-9a8d-7c5ffa2ecd88', '2024-03-06 23:19:43.033473-07', '2024-03-06 23:19:43.033473-07', NULL, 'aal1', NULL, NULL, 'Expo/1017599 CFNetwork/1492.0.1 Darwin/23.3.0', '187.251.110.198', NULL),
	('ffdf15a9-5c4a-474d-81e9-4933ebf23f36', 'a1ce72b2-352c-449f-9a99-d2787f200c11', '2024-03-07 11:45:21.834966-07', '2024-03-07 11:45:21.834966-07', NULL, 'aal1', NULL, NULL, 'Expo/1017599 CFNetwork/1492.0.1 Darwin/23.3.0', '148.225.225.127', NULL),
	('19cbd704-3f05-4a85-8d40-9aab64505edc', '2f53f080-a602-410d-b40b-d4728a7879b8', '2024-03-09 20:00:14.812498-07', '2024-03-09 20:00:14.812498-07', NULL, 'aal1', NULL, NULL, 'okhttp/4.9.2', '177.228.66.109', NULL),
	('8bab77f4-e23f-4ad8-9f8e-bc05ef564aa2', '06d6fe74-d185-4dda-bf92-f83d9f6db3f1', '2024-03-17 01:47:46.530939-07', '2024-03-17 14:13:22.576221-07', NULL, 'aal1', NULL, '2024-03-17 21:13:22.576142', 'okhttp/4.9.2', '177.228.67.7', NULL),
	('1a0a2ef4-4775-4fd0-8b1e-8d35f47d38e0', 'eb9b49bb-e61e-4ef1-ae97-415cdcf9b58e', '2024-03-09 20:54:41.956456-07', '2024-03-09 22:43:51.77012-07', NULL, 'aal1', NULL, '2024-03-10 05:43:51.770051', 'okhttp/4.9.2', '189.173.128.84', NULL),
	('da428473-8ed4-47c5-8d77-9b1707e9680d', 'c820cd07-b8fe-4613-b125-775d442b309f', '2024-03-11 13:38:00.132646-07', '2024-03-11 13:38:00.132646-07', NULL, 'aal1', NULL, NULL, 'okhttp/4.9.2', '148.225.225.185', NULL),
	('d00f7d51-58af-427a-bb94-20543e436467', '22957dd1-a482-4e43-bb51-9eb300af9d0f', '2024-03-13 09:42:37.986416-07', '2024-03-13 09:42:37.986416-07', NULL, 'aal1', NULL, NULL, 'Expo/1017599 CFNetwork/1490.0.4 Darwin/23.2.0', '148.225.225.85', NULL);


--
-- Data for Name: mfa_amr_claims; Type: TABLE DATA; Schema: auth; Owner: supabase_auth_admin
--

INSERT INTO "auth"."mfa_amr_claims" ("session_id", "created_at", "updated_at", "authentication_method", "id") VALUES
	('a0060756-090f-4125-bbdb-ae8324bb7a53', '2024-03-06 13:36:32.379668-07', '2024-03-06 13:36:32.379668-07', 'password', '0a87fd53-abec-45a9-8636-03447ca2e7ae'),
	('cde00b5a-a7e6-478f-83c2-aa7e12b638e9', '2024-03-06 13:36:33.094191-07', '2024-03-06 13:36:33.094191-07', 'password', 'a48c4816-e4b9-4299-ab94-aa56e8aedbf9'),
	('9c9ac7f0-06f7-4295-8698-5c151a112c91', '2024-02-16 02:06:34.718811-07', '2024-02-16 02:06:34.718811-07', 'otp', '3d88ffbc-b981-43d3-b625-938cf560370f'),
	('a280e083-9eae-49a7-ac33-36003c7653a1', '2024-03-06 23:19:43.035644-07', '2024-03-06 23:19:43.035644-07', 'password', '260001d1-fa59-4f19-bc85-ed0b62700a40'),
	('ffdf15a9-5c4a-474d-81e9-4933ebf23f36', '2024-03-07 11:45:21.836616-07', '2024-03-07 11:45:21.836616-07', 'otp', 'dfac7527-eb98-441e-8289-d97f8b331b6e'),
	('31dbbec3-1dc8-4523-826e-101894c8ce9d', '2024-02-17 21:42:43.148387-07', '2024-02-17 21:42:43.148387-07', 'password', 'db0d72a2-dff6-42da-9ed5-0f8600320158'),
	('bab9ca06-5dfc-44e5-8e8f-773568d91ea5', '2024-03-09 19:59:50.641118-07', '2024-03-09 19:59:50.641118-07', 'otp', '7cf3f176-5f53-4a81-96a6-b31665638aeb'),
	('3ef86c8b-8f3b-4732-8229-1a368b99fbc2', '2024-02-17 21:45:52.731513-07', '2024-02-17 21:45:52.731513-07', 'otp', 'be5e5e4e-5c5f-4726-9d3e-c4ccbc2d2e53'),
	('19cbd704-3f05-4a85-8d40-9aab64505edc', '2024-03-09 20:00:14.814253-07', '2024-03-09 20:00:14.814253-07', 'password', 'cde35ad8-7462-4c4f-83e6-9dc364acf3a2'),
	('1a0a2ef4-4775-4fd0-8b1e-8d35f47d38e0', '2024-03-09 20:54:41.958047-07', '2024-03-09 20:54:41.958047-07', 'password', '0117081e-70fa-4e83-8018-7756fc4cd748'),
	('a689ae9a-130e-44d4-a0d2-f4f3562995e9', '2024-02-18 13:04:27.441096-07', '2024-02-18 13:04:27.441096-07', 'otp', '1c30df5e-2aa8-4800-9aca-7657480e9f64'),
	('a48eb684-7407-4f13-9137-9042f62d55ef', '2024-02-18 13:28:08.608787-07', '2024-02-18 13:28:08.608787-07', 'password', 'e5463f21-f5fb-4785-93bf-2856246d6538'),
	('da428473-8ed4-47c5-8d77-9b1707e9680d', '2024-03-11 13:38:00.143723-07', '2024-03-11 13:38:00.143723-07', 'otp', '0cf4c3bd-6089-446e-b697-a1ed1386d8ab'),
	('dbcda193-32b3-4b19-8a14-5e2d5b6de1ae', '2024-02-18 21:18:23.910893-07', '2024-02-18 21:18:23.910893-07', 'password', '22dd48a4-74fd-4144-a676-ce68a9419f13'),
	('0a9e5498-98a3-4f39-9368-0c2ff0d0a800', '2024-04-03 01:12:18.25006-07', '2024-04-03 01:12:18.25006-07', 'password', '84a5ad25-7b9f-4018-a7d6-68d838691ef3'),
	('3462ca09-c141-4f4a-8795-15c6f206a3d8', '2024-04-03 10:04:18.972171-07', '2024-04-03 10:04:18.972171-07', 'password', 'dc80274c-a412-43f4-ad45-1e1338859e97'),
	('497f3cae-15cf-451e-92f9-d4b9034c576c', '2024-02-19 13:34:53.899383-07', '2024-02-19 13:34:53.899383-07', 'otp', 'a166c13a-d7fe-441f-a034-7525499fc710'),
	('d00f7d51-58af-427a-bb94-20543e436467', '2024-03-13 09:42:37.9914-07', '2024-03-13 09:42:37.9914-07', 'otp', '2fe8dfad-9f7d-4b16-9c7f-4a5e32c388bb'),
	('e89a8e9e-e70f-4533-b122-7b343253a3ab', '2024-02-19 20:26:52.440665-07', '2024-02-19 20:26:52.440665-07', 'password', '08792dad-af6e-4b92-b1ab-a32a93ac6216'),
	('e3489431-c4c7-4852-8ac7-3dc04bcdaeeb', '2024-04-04 01:10:15.73474-07', '2024-04-04 01:10:15.73474-07', 'password', '80919e47-8cb4-461f-811b-205f17f2a34b'),
	('8bab77f4-e23f-4ad8-9f8e-bc05ef564aa2', '2024-03-17 01:47:46.532998-07', '2024-03-17 01:47:46.532998-07', 'password', '02306a3b-5481-4c00-9399-9950f8b0f4ec'),
	('bac230fe-8af8-45c6-9567-27fcce72aa25', '2024-03-04 12:28:33.742829-07', '2024-03-04 12:28:33.742829-07', 'otp', '6ee6239a-c2d6-4d0c-9702-ad1a0df61c36'),
	('3bf3e64f-4712-4306-a3a1-2fc99d450d7f', '2024-03-17 02:10:44.548851-07', '2024-03-17 02:10:44.548851-07', 'password', 'b83c2304-bcaa-4958-bcb8-9e871913ef94'),
	('f0be00f3-c708-476c-bd5b-aa7327641f21', '2024-03-17 14:13:32.117312-07', '2024-03-17 14:13:32.117312-07', 'password', '25e9c332-4be2-4561-848e-0888b53fc993'),
	('2255a6bc-c98f-48b0-a22c-8bfcea6bc9d8', '2024-04-04 08:43:58.230137-07', '2024-04-04 08:43:58.230137-07', 'password', '86f85ddb-6083-4674-b776-16db6f1b2034'),
	('75aac2ae-e170-4482-81c5-3b960079bee0', '2024-03-19 13:46:12.169174-07', '2024-03-19 13:46:12.169174-07', 'password', '8a9eecd7-8ac4-4142-807e-d7528a0d3b04'),
	('3026d76f-3e9b-4828-a173-6cc4ac270716', '2024-04-04 08:49:00.695442-07', '2024-04-04 08:49:00.695442-07', 'password', '1ba66541-7541-4f38-9ae1-9f957f5da474'),
	('a2130280-6baf-4af3-bef2-f3d5878ce27e', '2024-03-21 22:46:30.816042-07', '2024-03-21 22:46:30.816042-07', 'password', '5730f92f-f7ad-4040-983a-011d29a23025'),
	('863d35e6-10d7-4d38-8b4e-b8a1803741f0', '2024-03-04 12:32:04.298273-07', '2024-03-04 12:32:04.298273-07', 'otp', 'd86f759d-6cbc-43f2-b434-fa8aa2a0e1b0'),
	('6882b4ca-0580-46b4-b0b7-30b127faf683', '2024-03-04 12:35:19.826722-07', '2024-03-04 12:35:19.826722-07', 'otp', '91a29dca-ef02-45d4-b8be-601189630c37'),
	('e3984c85-c133-40a3-a9ba-ee5b642d458d', '2024-04-04 13:11:42.638658-07', '2024-04-04 13:11:42.638658-07', 'password', '22bc1b25-9333-4eb5-870d-5df05211dd59'),
	('b0fbba01-227e-4993-bc55-565da42bf7e3', '2024-04-04 13:33:24.311335-07', '2024-04-04 13:33:24.311335-07', 'password', 'a3d8636e-8b79-4c41-80b0-1eaa29b745f4'),
	('747c267c-59bd-44ba-b795-adf4b57cd188', '2024-03-04 12:51:50.894834-07', '2024-03-04 12:51:50.894834-07', 'password', 'ad94509c-3708-44d4-8fb9-d7ffc27a295c'),
	('36424d72-14c8-4044-b5e4-31d12f63995c', '2024-03-04 13:05:20.236927-07', '2024-03-04 13:05:20.236927-07', 'otp', 'f034571c-35ca-4013-b3bc-783bcf547390'),
	('93de8cd8-2547-4847-94ef-333b21ddc9e6', '2024-03-04 13:08:28.587792-07', '2024-03-04 13:08:28.587792-07', 'otp', 'b60e0293-d1f8-4fbd-be2c-7e7ab2f2d975'),
	('70a19b6d-e7a8-4cd4-b2fe-0a4607005c89', '2024-03-04 13:09:17.875398-07', '2024-03-04 13:09:17.875398-07', 'password', 'a4e57ef3-ce0e-40d4-966f-818075127090'),
	('e6170309-148e-47fc-a4b3-37684a2091c4', '2024-03-04 13:27:15.482043-07', '2024-03-04 13:27:15.482043-07', 'otp', '07bf9bcb-c7b4-4fa3-a9ae-0692462066f5'),
	('539c28e2-a7c4-4c21-b302-a92fa8f2a1ea', '2024-04-04 14:28:42.839444-07', '2024-04-04 14:28:42.839444-07', 'password', '4e7d383f-311c-40ab-ad2c-39e48b1f8cea'),
	('b62fe485-ecdd-4a83-8d97-e38cf695a973', '2024-04-04 20:23:21.929333-07', '2024-04-04 20:23:21.929333-07', 'password', 'e4c1b5fd-4123-4c71-a9ba-8b613c56f893'),
	('9ba30eb8-cd0e-4aef-b1b4-64cf8da8f78d', '2024-04-01 13:20:28.109405-07', '2024-04-01 13:20:28.109405-07', 'password', '2c11718b-625d-4071-b179-341a03dc86de'),
	('a643e5e1-a9fc-4c00-ae32-bdb3af13204c', '2024-04-01 13:22:04.09983-07', '2024-04-01 13:22:04.09983-07', 'otp', 'aca780f5-8efa-44eb-84a9-9c9520b14874'),
	('59f0ce76-8512-4e5d-8d05-5d21034d8c1f', '2024-04-01 13:23:22.377734-07', '2024-04-01 13:23:22.377734-07', 'password', '801c05e3-3bb1-4a61-86b1-1119176d073a'),
	('eda2dd4e-ede8-4793-b0c3-4eebefe45ce3', '2024-04-04 20:56:16.194762-07', '2024-04-04 20:56:16.194762-07', 'password', '6097d3c2-1b4c-4b9c-b552-84775313c1f4'),
	('70bf3085-fa18-4538-9385-6e101be93f52', '2024-04-06 19:16:27.278526-07', '2024-04-06 19:16:27.278526-07', 'password', '434e7b1c-02b0-4c27-9b80-03b41057fd4b'),
	('191d6836-6526-4cbf-8508-c836b70e39ec', '2024-04-06 20:26:06.109241-07', '2024-04-06 20:26:06.109241-07', 'password', '357ed8fb-bbff-4ecf-be95-c39415a403dc');


--
-- Data for Name: mfa_factors; Type: TABLE DATA; Schema: auth; Owner: supabase_auth_admin
--



--
-- Data for Name: mfa_challenges; Type: TABLE DATA; Schema: auth; Owner: supabase_auth_admin
--



--
-- Data for Name: refresh_tokens; Type: TABLE DATA; Schema: auth; Owner: supabase_auth_admin
--

INSERT INTO "auth"."refresh_tokens" ("instance_id", "id", "token", "user_id", "revoked", "created_at", "updated_at", "parent", "session_id") VALUES
	('00000000-0000-0000-0000-000000000000', 162, 'X63VaGdPcLl_xbKsw0UE8g', '70697050-79f1-4db2-96cf-3432da782fe7', false, '2024-02-18 13:04:27.43988-07', '2024-02-18 13:04:27.43988-07', NULL, 'a689ae9a-130e-44d4-a0d2-f4f3562995e9'),
	('00000000-0000-0000-0000-000000000000', 474, 'kH9g_6napF9uoypnla4dEQ', '06d6fe74-d185-4dda-bf92-f83d9f6db3f1', false, '2024-03-17 02:10:44.547695-07', '2024-03-17 02:10:44.547695-07', NULL, '3bf3e64f-4712-4306-a3a1-2fc99d450d7f'),
	('00000000-0000-0000-0000-000000000000', 473, '_PRgDdc45oMl2yhiD6D4Qw', '06d6fe74-d185-4dda-bf92-f83d9f6db3f1', true, '2024-03-17 01:47:46.531669-07', '2024-03-17 14:13:22.571015-07', NULL, '8bab77f4-e23f-4ad8-9f8e-bc05ef564aa2'),
	('00000000-0000-0000-0000-000000000000', 702, '08VmAZXAI51L3BcHZ7sZqg', '37ea1226-7967-436d-973b-aaac691ff5e3', false, '2024-04-04 08:43:58.226919-07', '2024-04-04 08:43:58.226919-07', NULL, '2255a6bc-c98f-48b0-a22c-8bfcea6bc9d8'),
	('00000000-0000-0000-0000-000000000000', 703, 'pA_5RnIeMSsSj2k6UCO-Dg', '37ea1226-7967-436d-973b-aaac691ff5e3', false, '2024-04-04 08:49:00.694349-07', '2024-04-04 08:49:00.694349-07', NULL, '3026d76f-3e9b-4828-a173-6cc4ac270716'),
	('00000000-0000-0000-0000-000000000000', 475, 'a9KAm1L3mzwJYeA0KQHaPw', '06d6fe74-d185-4dda-bf92-f83d9f6db3f1', false, '2024-03-17 14:13:22.57212-07', '2024-03-17 14:13:22.57212-07', '_PRgDdc45oMl2yhiD6D4Qw', '8bab77f4-e23f-4ad8-9f8e-bc05ef564aa2'),
	('00000000-0000-0000-0000-000000000000', 390, 'N2hdGX2hJV1VN1ZERckPvw', '8545bfd0-77ee-47a4-b1f7-17845d88bbbf', false, '2024-03-06 13:11:33.997052-07', '2024-03-06 13:11:33.997052-07', 'sMBkoaeDRS8CNqhxy-dfvw', '31dbbec3-1dc8-4523-826e-101894c8ce9d'),
	('00000000-0000-0000-0000-000000000000', 335, 'otEeLhpwWZyzyn_l96_pPg', '70697050-79f1-4db2-96cf-3432da782fe7', false, '2024-03-04 15:53:44.304805-07', '2024-03-04 15:53:44.304805-07', 'qLDGPS8rsnFetPv0fiq61g', '747c267c-59bd-44ba-b795-adf4b57cd188'),
	('00000000-0000-0000-0000-000000000000', 391, 'KG-JibLAZ1VZg-dj3qngjw', '8545bfd0-77ee-47a4-b1f7-17845d88bbbf', false, '2024-03-06 13:36:32.378551-07', '2024-03-06 13:36:32.378551-07', NULL, 'a0060756-090f-4125-bbdb-ae8324bb7a53'),
	('00000000-0000-0000-0000-000000000000', 392, 'AKOb0eeuRo9EGCrSBU_jlQ', '8545bfd0-77ee-47a4-b1f7-17845d88bbbf', false, '2024-03-06 13:36:33.09312-07', '2024-03-06 13:36:33.09312-07', NULL, 'cde00b5a-a7e6-478f-83c2-aa7e12b638e9'),
	('00000000-0000-0000-0000-000000000000', 666, 'Mi_mF8WJDWsWrOyyFeNXAQ', '45f4da3e-5b02-4c6e-9d3c-876831872686', true, '2024-04-03 10:04:18.970921-07', '2024-04-03 11:07:19.800731-07', NULL, '3462ca09-c141-4f4a-8795-15c6f206a3d8'),
	('00000000-0000-0000-0000-000000000000', 166, '8x2UOOsgjsaLDmZkDYO5og', '70697050-79f1-4db2-96cf-3432da782fe7', true, '2024-02-18 13:28:08.607749-07', '2024-02-18 15:14:31.758867-07', NULL, 'a48eb684-7407-4f13-9137-9042f62d55ef'),
	('00000000-0000-0000-0000-000000000000', 667, 'Qb7WNy37l4vIIQUGwr3IYw', '45f4da3e-5b02-4c6e-9d3c-876831872686', true, '2024-04-03 11:07:19.80334-07', '2024-04-03 12:10:08.26274-07', 'Mi_mF8WJDWsWrOyyFeNXAQ', '3462ca09-c141-4f4a-8795-15c6f206a3d8'),
	('00000000-0000-0000-0000-000000000000', 186, 'OTIOcsGw5sx7d_CQrAh0dQ', '6712184a-73b8-4541-add0-db439070c061', true, '2024-02-18 21:18:23.909899-07', '2024-03-06 14:30:35.091351-07', NULL, 'dbcda193-32b3-4b19-8a14-5e2d5b6de1ae'),
	('00000000-0000-0000-0000-000000000000', 394, 'Dp7Wuk1Hm6i0k5CzFoNwSg', '6712184a-73b8-4541-add0-db439070c061', false, '2024-03-06 14:30:35.091647-07', '2024-03-06 14:30:35.091647-07', 'OTIOcsGw5sx7d_CQrAh0dQ', 'dbcda193-32b3-4b19-8a14-5e2d5b6de1ae'),
	('00000000-0000-0000-0000-000000000000', 705, 'nN-aJPj3lbqDIQH213EeEQ', '45f4da3e-5b02-4c6e-9d3c-876831872686', true, '2024-04-04 10:45:26.059234-07', '2024-04-04 13:42:50.369844-07', 'gbusMtbIh0Fl1n4tW64ecA', '3462ca09-c141-4f4a-8795-15c6f206a3d8'),
	('00000000-0000-0000-0000-000000000000', 476, '42wBWevEb3sklz-4IO_psw', '06d6fe74-d185-4dda-bf92-f83d9f6db3f1', true, '2024-03-17 14:13:32.116178-07', '2024-03-19 13:46:06.272333-07', NULL, 'f0be00f3-c708-476c-bd5b-aa7327641f21'),
	('00000000-0000-0000-0000-000000000000', 478, 'w2TwgDTFkvxHKUfX_ZdNNQ', '06d6fe74-d185-4dda-bf92-f83d9f6db3f1', false, '2024-03-19 13:46:06.276929-07', '2024-03-19 13:46:06.276929-07', '42wBWevEb3sklz-4IO_psw', 'f0be00f3-c708-476c-bd5b-aa7327641f21'),
	('00000000-0000-0000-0000-000000000000', 479, 'TpIMqlqX_UOY8x8UgwEb-w', '06d6fe74-d185-4dda-bf92-f83d9f6db3f1', false, '2024-03-19 13:46:12.167986-07', '2024-03-19 13:46:12.167986-07', NULL, '75aac2ae-e170-4482-81c5-3b960079bee0'),
	('00000000-0000-0000-0000-000000000000', 708, 'sj3JmC5cIwg7Pkg3eUyRlw', 'b6d38bb3-c954-415b-baf8-b91f322d2e6e', true, '2024-04-04 13:11:42.637637-07', '2024-04-04 14:10:24.71217-07', NULL, 'e3984c85-c133-40a3-a9ba-ee5b642d458d'),
	('00000000-0000-0000-0000-000000000000', 713, 'AnHX0mwA4S2mDoIbvoigWA', 'b6d38bb3-c954-415b-baf8-b91f322d2e6e', false, '2024-04-04 14:10:24.712485-07', '2024-04-04 14:10:24.712485-07', 'sj3JmC5cIwg7Pkg3eUyRlw', 'e3984c85-c133-40a3-a9ba-ee5b642d458d'),
	('00000000-0000-0000-0000-000000000000', 709, 'hygyJkeoJ-rsxDBR2z5tyA', 'e6fc595d-2e1f-4cd1-8d9f-72783645aac4', true, '2024-04-04 13:33:24.310318-07', '2024-04-04 14:31:48.287306-07', NULL, 'b0fbba01-227e-4993-bc55-565da42bf7e3'),
	('00000000-0000-0000-0000-000000000000', 173, 'z5OFj0rWD7m_zH_27O00cw', '70697050-79f1-4db2-96cf-3432da782fe7', true, '2024-02-18 15:14:31.759137-07', '2024-02-19 10:28:59.832572-07', '8x2UOOsgjsaLDmZkDYO5og', 'a48eb684-7407-4f13-9137-9042f62d55ef'),
	('00000000-0000-0000-0000-000000000000', 716, 'pLUm8qROpT7hDifB44MxXg', 'e6fc595d-2e1f-4cd1-8d9f-72783645aac4', false, '2024-04-04 14:31:48.287566-07', '2024-04-04 14:31:48.287566-07', 'hygyJkeoJ-rsxDBR2z5tyA', 'b0fbba01-227e-4993-bc55-565da42bf7e3'),
	('00000000-0000-0000-0000-000000000000', 710, 'FPsaKVM_wXUfZYRXQOLuZQ', '45f4da3e-5b02-4c6e-9d3c-876831872686', true, '2024-04-04 13:42:50.370128-07', '2024-04-04 14:40:57.014854-07', 'nN-aJPj3lbqDIQH213EeEQ', '3462ca09-c141-4f4a-8795-15c6f206a3d8'),
	('00000000-0000-0000-0000-000000000000', 717, '1z6_RaSuqI84KqrlF7LLGQ', '45f4da3e-5b02-4c6e-9d3c-876831872686', false, '2024-04-04 14:40:57.015123-07', '2024-04-04 14:40:57.015123-07', 'FPsaKVM_wXUfZYRXQOLuZQ', '3462ca09-c141-4f4a-8795-15c6f206a3d8'),
	('00000000-0000-0000-0000-000000000000', 192, 'iGVql620D4l25dhQW3AgmQ', 'c820cd07-b8fe-4613-b125-775d442b309f', false, '2024-02-19 13:34:53.898431-07', '2024-02-19 13:34:53.898431-07', NULL, '497f3cae-15cf-451e-92f9-d4b9034c576c'),
	('00000000-0000-0000-0000-000000000000', 715, 'yyuwwZhV2mBisOiHS_1MFQ', 'acd1d671-68f3-4e94-ae01-fc0633509896', true, '2024-04-04 14:28:42.838389-07', '2024-04-04 15:27:06.682303-07', NULL, '539c28e2-a7c4-4c21-b302-a92fa8f2a1ea'),
	('00000000-0000-0000-0000-000000000000', 155, 'rgBaQAKNMXqSBH96JjoYHg', 'da97de6f-73ff-4335-88da-2cd0b67a3433', false, '2024-02-17 21:45:52.730444-07', '2024-02-17 21:45:52.730444-07', NULL, '3ef86c8b-8f3b-4732-8229-1a368b99fbc2'),
	('00000000-0000-0000-0000-000000000000', 668, 'XDHjTz6o0hTR8LAig5QR0g', '45f4da3e-5b02-4c6e-9d3c-876831872686', true, '2024-04-03 12:10:08.263049-07', '2024-04-03 13:55:18.514885-07', 'Qb7WNy37l4vIIQUGwr3IYw', '3462ca09-c141-4f4a-8795-15c6f206a3d8'),
	('00000000-0000-0000-0000-000000000000', 718, 'x184eDMsVYy-MUbldkQcwA', 'acd1d671-68f3-4e94-ae01-fc0633509896', true, '2024-04-04 15:27:06.682583-07', '2024-04-04 16:25:36.106168-07', 'yyuwwZhV2mBisOiHS_1MFQ', '539c28e2-a7c4-4c21-b302-a92fa8f2a1ea'),
	('00000000-0000-0000-0000-000000000000', 665, 'Gqzo-ASBhI4DDh7hkNIqHA', '45f4da3e-5b02-4c6e-9d3c-876831872686', true, '2024-04-03 01:12:18.248259-07', '2024-04-03 22:13:40.048737-07', NULL, '0a9e5498-98a3-4f39-9368-0c2ff0d0a800'),
	('00000000-0000-0000-0000-000000000000', 719, '4RV9bfNP1_6_aMGKT3x9KA', 'acd1d671-68f3-4e94-ae01-fc0633509896', true, '2024-04-04 16:25:36.106458-07', '2024-04-04 17:50:54.465663-07', 'x184eDMsVYy-MUbldkQcwA', '539c28e2-a7c4-4c21-b302-a92fa8f2a1ea'),
	('00000000-0000-0000-0000-000000000000', 720, 'LaQjKV7h40CnG0mlUXRtTw', 'acd1d671-68f3-4e94-ae01-fc0633509896', false, '2024-04-04 17:50:54.465951-07', '2024-04-04 17:50:54.465951-07', '4RV9bfNP1_6_aMGKT3x9KA', '539c28e2-a7c4-4c21-b302-a92fa8f2a1ea'),
	('00000000-0000-0000-0000-000000000000', 406, '0sT48iUSSWjl3HR7zFbYzQ', 'e9fd0665-76f1-4781-9a8d-7c5ffa2ecd88', false, '2024-03-06 23:19:43.034649-07', '2024-03-06 23:19:43.034649-07', NULL, 'a280e083-9eae-49a7-ac33-36003c7653a1'),
	('00000000-0000-0000-0000-000000000000', 721, 'vAcWCB5M4VFjYKAKlz2wyA', '45f4da3e-5b02-4c6e-9d3c-876831872686', false, '2024-04-04 20:23:03.323962-07', '2024-04-04 20:23:03.323962-07', '6fv_mcTij0KBR3Q1N7OPVQ', '0a9e5498-98a3-4f39-9368-0c2ff0d0a800'),
	('00000000-0000-0000-0000-000000000000', 408, 'v5tjjA3fLK1JhLcDL_-VHA', 'a1ce72b2-352c-449f-9a99-d2787f200c11', false, '2024-03-07 11:45:21.835614-07', '2024-03-07 11:45:21.835614-07', NULL, 'ffdf15a9-5c4a-474d-81e9-4933ebf23f36'),
	('00000000-0000-0000-0000-000000000000', 722, 'lN3iG6kWTGRPBtegaqflAA', '45f4da3e-5b02-4c6e-9d3c-876831872686', true, '2024-04-04 20:23:21.927471-07', '2024-04-04 21:21:37.346599-07', NULL, 'b62fe485-ecdd-4a83-8d97-e38cf695a973'),
	('00000000-0000-0000-0000-000000000000', 723, '8yIaravIJMlwVFFJI66HHA', 'acd1d671-68f3-4e94-ae01-fc0633509896', true, '2024-04-04 20:56:16.189507-07', '2024-04-04 21:54:30.795228-07', NULL, 'eda2dd4e-ede8-4793-b0c3-4eebefe45ce3'),
	('00000000-0000-0000-0000-000000000000', 725, 'sjo3Hm6fL3l6cEnKuM-yKg', 'acd1d671-68f3-4e94-ae01-fc0633509896', true, '2024-04-04 21:54:30.795489-07', '2024-04-04 22:55:09.754765-07', '8yIaravIJMlwVFFJI66HHA', 'eda2dd4e-ede8-4793-b0c3-4eebefe45ce3'),
	('00000000-0000-0000-0000-000000000000', 724, 'AGuVNVuM1ZJOJQ4nFYP_5w', '45f4da3e-5b02-4c6e-9d3c-876831872686', true, '2024-04-04 21:21:37.346887-07', '2024-04-05 13:04:09.793636-07', 'lN3iG6kWTGRPBtegaqflAA', 'b62fe485-ecdd-4a83-8d97-e38cf695a973'),
	('00000000-0000-0000-0000-000000000000', 190, 'E2YPEPKDkyTh3aGml032OA', '70697050-79f1-4db2-96cf-3432da782fe7', true, '2024-02-19 10:28:59.83288-07', '2024-03-06 09:36:26.074034-07', 'z5OFj0rWD7m_zH_27O00cw', 'a48eb684-7407-4f13-9137-9042f62d55ef'),
	('00000000-0000-0000-0000-000000000000', 152, 'fKc5G1jEpqRdiM0HZ9XOiQ', '8545bfd0-77ee-47a4-b1f7-17845d88bbbf', true, '2024-02-17 21:42:43.146795-07', '2024-03-06 11:44:21.360144-07', NULL, '31dbbec3-1dc8-4523-826e-101894c8ce9d'),
	('00000000-0000-0000-0000-000000000000', 81, 'p-L_GTsR7an_Au5bF30hWg', '960a5d81-c083-4556-881b-4596a351ff97', false, '2024-02-16 02:06:34.717499-07', '2024-02-16 02:06:34.717499-07', NULL, '9c9ac7f0-06f7-4295-8698-5c151a112c91'),
	('00000000-0000-0000-0000-000000000000', 679, 'gbusMtbIh0Fl1n4tW64ecA', '45f4da3e-5b02-4c6e-9d3c-876831872686', true, '2024-04-03 14:54:08.327611-07', '2024-04-04 10:45:26.058876-07', '-T-BRU9Y5cwjAiROggqgDQ', '3462ca09-c141-4f4a-8795-15c6f206a3d8'),
	('00000000-0000-0000-0000-000000000000', 695, '6fv_mcTij0KBR3Q1N7OPVQ', '45f4da3e-5b02-4c6e-9d3c-876831872686', true, '2024-04-04 00:10:10.214403-07', '2024-04-04 20:23:03.322128-07', 'eWh5UXiIkSzVl4LndbEiTQ', '0a9e5498-98a3-4f39-9368-0c2ff0d0a800'),
	('00000000-0000-0000-0000-000000000000', 726, 'HgpKsKfOJE34M2FsICBajQ', 'acd1d671-68f3-4e94-ae01-fc0633509896', false, '2024-04-04 22:55:09.755203-07', '2024-04-04 22:55:09.755203-07', 'sjo3Hm6fL3l6cEnKuM-yKg', 'eda2dd4e-ede8-4793-b0c3-4eebefe45ce3'),
	('00000000-0000-0000-0000-000000000000', 727, 'Mg6Hk2EoiYx_A2crO1lJUA', '45f4da3e-5b02-4c6e-9d3c-876831872686', false, '2024-04-05 13:04:09.794541-07', '2024-04-05 13:04:09.794541-07', 'AGuVNVuM1ZJOJQ4nFYP_5w', 'b62fe485-ecdd-4a83-8d97-e38cf695a973'),
	('00000000-0000-0000-0000-000000000000', 697, 'l4s41O6bZZOHruPIk4_2mA', '4a05f22c-a7bc-4b0f-9028-00f389e6a6f7', true, '2024-04-04 01:10:15.733697-07', '2024-04-06 12:13:43.022948-07', NULL, 'e3489431-c4c7-4852-8ac7-3dc04bcdaeeb'),
	('00000000-0000-0000-0000-000000000000', 322, 'qLDGPS8rsnFetPv0fiq61g', '70697050-79f1-4db2-96cf-3432da782fe7', true, '2024-03-04 12:51:50.893802-07', '2024-03-04 15:53:44.304466-07', NULL, '747c267c-59bd-44ba-b795-adf4b57cd188'),
	('00000000-0000-0000-0000-000000000000', 482, 'KNQ4F_yhx-Q48UsI_DyJNQ', 'd3cf5372-8388-48f2-b9e8-5e94269ec671', false, '2024-03-21 22:46:30.81481-07', '2024-03-21 22:46:30.81481-07', NULL, 'a2130280-6baf-4af3-bef2-f3d5878ce27e'),
	('00000000-0000-0000-0000-000000000000', 676, '-T-BRU9Y5cwjAiROggqgDQ', '45f4da3e-5b02-4c6e-9d3c-876831872686', true, '2024-04-03 13:55:18.51526-07', '2024-04-03 14:54:08.32732-07', 'XDHjTz6o0hTR8LAig5QR0g', '3462ca09-c141-4f4a-8795-15c6f206a3d8'),
	('00000000-0000-0000-0000-000000000000', 199, 'iLqFaSX_mam3vQr2G3L_Rg', '70697050-79f1-4db2-96cf-3432da782fe7', true, '2024-02-19 20:26:52.4396-07', '2024-02-20 10:19:01.255753-07', NULL, 'e89a8e9e-e70f-4533-b122-7b343253a3ab'),
	('00000000-0000-0000-0000-000000000000', 200, '6KdjFjHkZrE0Hj3InhuDJg', '70697050-79f1-4db2-96cf-3432da782fe7', true, '2024-02-20 10:19:01.256351-07', '2024-02-20 11:38:13.723431-07', 'iLqFaSX_mam3vQr2G3L_Rg', 'e89a8e9e-e70f-4533-b122-7b343253a3ab'),
	('00000000-0000-0000-0000-000000000000', 728, '992ron4mpu3v0ORWhOTarg', '4a05f22c-a7bc-4b0f-9028-00f389e6a6f7', true, '2024-04-06 12:13:43.03757-07', '2024-04-06 13:11:51.893681-07', 'l4s41O6bZZOHruPIk4_2mA', 'e3489431-c4c7-4852-8ac7-3dc04bcdaeeb'),
	('00000000-0000-0000-0000-000000000000', 201, 'lvxRgS3BXPfoJ_buUqZUYQ', '70697050-79f1-4db2-96cf-3432da782fe7', true, '2024-02-20 11:38:13.723795-07', '2024-02-22 13:31:27.482511-07', '6KdjFjHkZrE0Hj3InhuDJg', 'e89a8e9e-e70f-4533-b122-7b343253a3ab'),
	('00000000-0000-0000-0000-000000000000', 423, 'ptIFrUnxNPP-lo5mDZYn9w', 'eb9b49bb-e61e-4ef1-ae97-415cdcf9b58e', true, '2024-03-09 20:54:41.957032-07', '2024-03-09 22:43:51.76826-07', NULL, '1a0a2ef4-4775-4fd0-8b1e-8d35f47d38e0'),
	('00000000-0000-0000-0000-000000000000', 202, 'tDnBQCtc1HUcFXIGNFqWgA', '70697050-79f1-4db2-96cf-3432da782fe7', true, '2024-02-22 13:31:27.4831-07', '2024-02-23 13:19:13.334347-07', 'lvxRgS3BXPfoJ_buUqZUYQ', 'e89a8e9e-e70f-4533-b122-7b343253a3ab'),
	('00000000-0000-0000-0000-000000000000', 203, '7HuucZ5oY6LnudZaDsmdXw', '70697050-79f1-4db2-96cf-3432da782fe7', false, '2024-02-23 13:19:13.334673-07', '2024-02-23 13:19:13.334673-07', 'tDnBQCtc1HUcFXIGNFqWgA', 'e89a8e9e-e70f-4533-b122-7b343253a3ab'),
	('00000000-0000-0000-0000-000000000000', 424, 'q9vZgbBTwniwQMCVBvnGSw', 'eb9b49bb-e61e-4ef1-ae97-415cdcf9b58e', false, '2024-03-09 22:43:51.768546-07', '2024-03-09 22:43:51.768546-07', 'ptIFrUnxNPP-lo5mDZYn9w', '1a0a2ef4-4775-4fd0-8b1e-8d35f47d38e0'),
	('00000000-0000-0000-0000-000000000000', 729, 'XpGdP6wCVt7rDoVsZxm4_g', '4a05f22c-a7bc-4b0f-9028-00f389e6a6f7', true, '2024-04-06 13:11:51.893949-07', '2024-04-06 14:09:57.921696-07', '992ron4mpu3v0ORWhOTarg', 'e3489431-c4c7-4852-8ac7-3dc04bcdaeeb'),
	('00000000-0000-0000-0000-000000000000', 730, 'VRnnaGQDISdEytLvF0BD8g', '4a05f22c-a7bc-4b0f-9028-00f389e6a6f7', false, '2024-04-06 14:09:57.92196-07', '2024-04-06 14:09:57.92196-07', 'XpGdP6wCVt7rDoVsZxm4_g', 'e3489431-c4c7-4852-8ac7-3dc04bcdaeeb'),
	('00000000-0000-0000-0000-000000000000', 731, 'dGt72oHbTM4Z3My6n0m-gw', 'e6fc595d-2e1f-4cd1-8d9f-72783645aac4', false, '2024-04-06 19:16:27.274405-07', '2024-04-06 19:16:27.274405-07', NULL, '70bf3085-fa18-4538-9385-6e101be93f52'),
	('00000000-0000-0000-0000-000000000000', 732, 'nWRRenU_MpIKMSe67k8T-A', '45f4da3e-5b02-4c6e-9d3c-876831872686', false, '2024-04-06 20:26:06.104564-07', '2024-04-06 20:26:06.104564-07', NULL, '191d6836-6526-4cbf-8508-c836b70e39ec'),
	('00000000-0000-0000-0000-000000000000', 429, 'aZHCgGEwiz0uQhKb4zktMA', 'c820cd07-b8fe-4613-b125-775d442b309f', false, '2024-03-11 13:38:00.140958-07', '2024-03-11 13:38:00.140958-07', NULL, 'da428473-8ed4-47c5-8d77-9b1707e9680d'),
	('00000000-0000-0000-0000-000000000000', 689, '0me07WQ_A_kMn9qJwRuLyw', '45f4da3e-5b02-4c6e-9d3c-876831872686', true, '2024-04-03 22:13:40.04901-07', '2024-04-03 23:11:49.844314-07', 'Gqzo-ASBhI4DDh7hkNIqHA', '0a9e5498-98a3-4f39-9368-0c2ff0d0a800'),
	('00000000-0000-0000-0000-000000000000', 693, 'eWh5UXiIkSzVl4LndbEiTQ', '45f4da3e-5b02-4c6e-9d3c-876831872686', true, '2024-04-03 23:11:49.844641-07', '2024-04-04 00:10:10.214112-07', '0me07WQ_A_kMn9qJwRuLyw', '0a9e5498-98a3-4f39-9368-0c2ff0d0a800'),
	('00000000-0000-0000-0000-000000000000', 310, 't7hbOKWf7wxRwmv9Y-zyyQ', 'b315d333-e3fb-448f-b6c5-9c69cc6512f8', false, '2024-03-04 12:28:33.741803-07', '2024-03-04 12:28:33.741803-07', NULL, 'bac230fe-8af8-45c6-9567-27fcce72aa25'),
	('00000000-0000-0000-0000-000000000000', 317, 'vepows2hdB2Y-FktjsAEAA', '18ca3414-8e4d-4fc5-b506-75fcce51f43d', false, '2024-03-04 12:32:04.297149-07', '2024-03-04 12:32:04.297149-07', NULL, '863d35e6-10d7-4d38-8b4e-b8a1803741f0'),
	('00000000-0000-0000-0000-000000000000', 319, 'qkrBJM1tMZuhT9JVe8_2tQ', 'eb9b49bb-e61e-4ef1-ae97-415cdcf9b58e', false, '2024-03-04 12:35:19.825614-07', '2024-03-04 12:35:19.825614-07', NULL, '6882b4ca-0580-46b4-b0b7-30b127faf683'),
	('00000000-0000-0000-0000-000000000000', 324, 'LY2ChcnikHrIla_-Kd20kQ', 'dc25822b-f6f2-4325-9e80-5f958c6167ba', false, '2024-03-04 13:05:20.235917-07', '2024-03-04 13:05:20.235917-07', NULL, '36424d72-14c8-4044-b5e4-31d12f63995c'),
	('00000000-0000-0000-0000-000000000000', 325, 'nCbSNt8pNPssKbqwxeJ1pQ', '234c9f6a-8dc8-4170-8a3d-c24c2de575ab', false, '2024-03-04 13:08:28.586794-07', '2024-03-04 13:08:28.586794-07', NULL, '93de8cd8-2547-4847-94ef-333b21ddc9e6'),
	('00000000-0000-0000-0000-000000000000', 326, '2iEc-o2m9iz0SSia2J0lEQ', '234c9f6a-8dc8-4170-8a3d-c24c2de575ab', false, '2024-03-04 13:09:17.874324-07', '2024-03-04 13:09:17.874324-07', NULL, '70a19b6d-e7a8-4cd4-b2fe-0a4607005c89'),
	('00000000-0000-0000-0000-000000000000', 329, 'f0i8XuzmPBJ9UM8xmza-7A', 'e9fd0665-76f1-4781-9a8d-7c5ffa2ecd88', false, '2024-03-04 13:27:15.480976-07', '2024-03-04 13:27:15.480976-07', NULL, 'e6170309-148e-47fc-a4b3-37684a2091c4'),
	('00000000-0000-0000-0000-000000000000', 386, 'sMBkoaeDRS8CNqhxy-dfvw', '8545bfd0-77ee-47a4-b1f7-17845d88bbbf', true, '2024-03-06 11:44:21.360441-07', '2024-03-06 13:11:33.996772-07', 'fKc5G1jEpqRdiM0HZ9XOiQ', '31dbbec3-1dc8-4523-826e-101894c8ce9d'),
	('00000000-0000-0000-0000-000000000000', 600, 'Vw3FauR55jPFWNM5isgdUQ', '8545bfd0-77ee-47a4-b1f7-17845d88bbbf', false, '2024-04-01 13:20:28.108359-07', '2024-04-01 13:20:28.108359-07', NULL, '9ba30eb8-cd0e-4aef-b1b4-64cf8da8f78d'),
	('00000000-0000-0000-0000-000000000000', 601, 'prFUHxZHixFtargo8xLxcw', 'd1ba8c84-7ce1-42f2-9f16-efa109d4d508', false, '2024-04-01 13:22:04.095339-07', '2024-04-01 13:22:04.095339-07', NULL, 'a643e5e1-a9fc-4c00-ae32-bdb3af13204c'),
	('00000000-0000-0000-0000-000000000000', 603, 'MHCat8McU10DUTh0UT8iNA', 'd1ba8c84-7ce1-42f2-9f16-efa109d4d508', false, '2024-04-01 13:23:22.376587-07', '2024-04-01 13:23:22.376587-07', NULL, '59f0ce76-8512-4e5d-8d05-5d21034d8c1f'),
	('00000000-0000-0000-0000-000000000000', 384, 'D2WWS9UPIy6NLa0h7iGfKQ', '70697050-79f1-4db2-96cf-3432da782fe7', false, '2024-03-06 09:36:26.074317-07', '2024-03-06 09:36:26.074317-07', 'E2YPEPKDkyTh3aGml032OA', 'a48eb684-7407-4f13-9137-9042f62d55ef'),
	('00000000-0000-0000-0000-000000000000', 420, '97eeiYLF2BYTQ4ibt3tsQg', '2f53f080-a602-410d-b40b-d4728a7879b8', false, '2024-03-09 19:59:50.63783-07', '2024-03-09 19:59:50.63783-07', NULL, 'bab9ca06-5dfc-44e5-8e8f-773568d91ea5'),
	('00000000-0000-0000-0000-000000000000', 421, 'uGovA8jW4o9A3-tlKb9d8A', '2f53f080-a602-410d-b40b-d4728a7879b8', false, '2024-03-09 20:00:14.813185-07', '2024-03-09 20:00:14.813185-07', NULL, '19cbd704-3f05-4a85-8d40-9aab64505edc'),
	('00000000-0000-0000-0000-000000000000', 458, 'EQts2eZW87aMg7Z-IaTT2Q', '22957dd1-a482-4e43-bb51-9eb300af9d0f', false, '2024-03-13 09:42:37.989342-07', '2024-03-13 09:42:37.989342-07', NULL, 'd00f7d51-58af-427a-bb94-20543e436467');


--
-- Data for Name: sso_providers; Type: TABLE DATA; Schema: auth; Owner: supabase_auth_admin
--



--
-- Data for Name: saml_providers; Type: TABLE DATA; Schema: auth; Owner: supabase_auth_admin
--



--
-- Data for Name: saml_relay_states; Type: TABLE DATA; Schema: auth; Owner: supabase_auth_admin
--



--
-- Data for Name: sso_domains; Type: TABLE DATA; Schema: auth; Owner: supabase_auth_admin
--



--
-- Data for Name: key; Type: TABLE DATA; Schema: pgsodium; Owner: supabase_admin
--



--
-- Data for Name: categorias; Type: TABLE DATA; Schema: public; Owner: postgres
--

INSERT INTO "public"."categorias" ("id", "created_at", "nombre", "emoji", "color") VALUES
	(1, '2024-02-11 17:59:26.75949-07', 'Sociales', '', '#71CFB7'),
	(2, '2024-02-11 18:02:16.557826-07', 'Culturales', '', '#FFB77B'),
	(3, '2024-02-11 18:02:34.330373-07', 'Festivos', '', '#8872FF'),
	(4, '2024-02-11 18:02:54.831482-07', 'Conciertos', '', '#DADADA'),
	(5, '2024-02-11 18:03:09.371352-07', 'Ferias', '', '#F88E3E'),
	(6, '2024-02-11 18:03:52.172115-07', 'Bazares', '', '#FFD875'),
	(9, '2024-02-11 18:05:17.083556-07', 'Gastronoma', '', '#DADADA'),
	(8, '2024-02-11 18:04:49.146977-07', 'Networking', '', '#9D9DFD'),
	(7, '2024-02-11 18:04:08.476451-07', 'Al aire libre', '', '#06BB8E'),
	(15, '2024-04-04 22:42:05.829796-07', 'Ejercicio', '', '#FF7208'),
	(16, '2024-04-04 22:42:52.167175-07', 'Estudio', '', '#735AFB'),
	(17, '2024-04-04 22:44:39.803542-07', 'Gato', '', '#2975FD'),
	(18, '2024-04-04 22:56:30.418247-07', 'Espacial', '', '#735AFB');


--
-- Data for Name: estados; Type: TABLE DATA; Schema: public; Owner: postgres
--

INSERT INTO "public"."estados" ("id", "created_at", "clave", "nombre") VALUES
	(1, '2024-02-10 18:36:37.269496-07', '1', 'Aguascalientes'),
	(2, '2024-02-10 18:36:37.269496-07', '2', 'Baja California'),
	(3, '2024-02-10 18:36:37.269496-07', '3', 'Baja California Sur'),
	(4, '2024-02-10 18:36:37.269496-07', '4', 'Campeche'),
	(6, '2024-02-10 18:36:37.269496-07', '6', 'Colima'),
	(7, '2024-02-10 18:36:37.269496-07', '7', 'Chiapas'),
	(8, '2024-02-10 18:36:37.269496-07', '8', 'Chihuahua'),
	(9, '2024-02-10 18:36:37.269496-07', '9', 'Distrito Federal'),
	(10, '2024-02-10 18:36:37.269496-07', '10', 'Durango'),
	(11, '2024-02-10 18:36:37.269496-07', '11', 'Guanajuato'),
	(12, '2024-02-10 18:36:37.269496-07', '12', 'Guerrero'),
	(13, '2024-02-10 18:36:37.269496-07', '13', 'Hidalgo'),
	(14, '2024-02-10 18:36:37.269496-07', '14', 'Jalisco'),
	(15, '2024-02-10 18:36:37.269496-07', '15', 'Mxico'),
	(17, '2024-02-10 18:36:37.269496-07', '17', 'Morelos'),
	(18, '2024-02-10 18:36:37.269496-07', '18', 'Nayarit'),
	(19, '2024-02-10 18:36:37.269496-07', '19', 'Nuevo Len'),
	(20, '2024-02-10 18:36:37.269496-07', '20', 'Oaxaca'),
	(21, '2024-02-10 18:36:37.269496-07', '21', 'Puebla'),
	(22, '2024-02-10 18:36:37.269496-07', '22', 'Quertaro'),
	(23, '2024-02-10 18:36:37.269496-07', '23', 'Quintana Roo'),
	(24, '2024-02-10 18:36:37.269496-07', '24', 'San Luis Potos'),
	(25, '2024-02-10 18:36:37.269496-07', '25', 'Sinaloa'),
	(26, '2024-02-10 18:36:37.269496-07', '26', 'Sonora'),
	(27, '2024-02-10 18:36:37.269496-07', '27', 'Tabasco'),
	(28, '2024-02-10 18:36:37.269496-07', '28', 'Tamaulipas'),
	(29, '2024-02-10 18:36:37.269496-07', '29', 'Tlaxcala'),
	(31, '2024-02-10 18:36:37.269496-07', '31', 'Yucatn'),
	(32, '2024-02-10 18:36:37.269496-07', '32', 'Zacatecas'),
	(5, '2024-02-10 18:36:37.269496-07', '5', 'Coahuila'),
	(16, '2024-02-10 18:36:37.269496-07', '16', 'Michoacn'),
	(30, '2024-02-10 18:36:37.269496-07', '30', 'Veracruz');


--
-- Data for Name: municipios; Type: TABLE DATA; Schema: public; Owner: postgres
--

INSERT INTO "public"."municipios" ("id", "created_at", "id_estado", "nombre", "clave") VALUES
	(1, '2024-02-10 18:37:34.630498-07', 1, 'Aguascalientes', '1'),
	(2, '2024-02-10 18:37:34.630498-07', 1, 'Asientos', '2'),
	(3, '2024-02-10 18:37:34.630498-07', 1, 'Calvillo', '3'),
	(4, '2024-02-10 18:37:34.630498-07', 1, 'Coso', '4'),
	(5, '2024-02-10 18:37:34.630498-07', 1, 'Jess Mara', '5'),
	(6, '2024-02-10 18:37:34.630498-07', 1, 'Pabelln de Arteaga', '6'),
	(7, '2024-02-10 18:37:34.630498-07', 1, 'Rincn de Romos', '7'),
	(8, '2024-02-10 18:37:34.630498-07', 1, 'San Jos de Gracia', '8'),
	(9, '2024-02-10 18:37:34.630498-07', 1, 'Tepezal', '9'),
	(10, '2024-02-10 18:37:34.630498-07', 1, 'El Llano', '10'),
	(11, '2024-02-10 18:37:34.630498-07', 1, 'San Francisco de los Romo', '11'),
	(12, '2024-02-10 18:37:34.630498-07', 2, 'Ensenada', '1'),
	(13, '2024-02-10 18:37:34.630498-07', 2, 'Mexicali', '2'),
	(14, '2024-02-10 18:37:34.630498-07', 2, 'Tecate', '3'),
	(15, '2024-02-10 18:37:34.630498-07', 2, 'Tijuana', '4'),
	(16, '2024-02-10 18:37:34.630498-07', 2, 'Playas de Rosarito', '5'),
	(17, '2024-02-10 18:37:34.630498-07', 3, 'Comond', '1'),
	(18, '2024-02-10 18:37:34.630498-07', 3, 'Muleg', '2'),
	(19, '2024-02-10 18:37:34.630498-07', 3, 'La Paz', '3'),
	(20, '2024-02-10 18:37:34.630498-07', 3, 'Los Cabos', '8'),
	(21, '2024-02-10 18:37:34.630498-07', 3, 'Loreto', '9'),
	(22, '2024-02-10 18:37:34.630498-07', 4, 'Calkin', '1'),
	(23, '2024-02-10 18:37:34.630498-07', 4, 'Campeche', '2'),
	(24, '2024-02-10 18:37:34.630498-07', 4, 'Carmen', '3'),
	(25, '2024-02-10 18:37:34.630498-07', 4, 'Champotn', '4'),
	(26, '2024-02-10 18:37:34.630498-07', 4, 'Hecelchakn', '5'),
	(27, '2024-02-10 18:37:34.630498-07', 4, 'Hopelchn', '6'),
	(28, '2024-02-10 18:37:34.630498-07', 4, 'Palizada', '7'),
	(29, '2024-02-10 18:37:34.630498-07', 4, 'Tenabo', '8'),
	(30, '2024-02-10 18:37:34.630498-07', 4, 'Escrcega', '9'),
	(31, '2024-02-10 18:37:34.630498-07', 4, 'Calakmul', '10'),
	(32, '2024-02-10 18:37:34.630498-07', 4, 'Candelaria', '11'),
	(33, '2024-02-10 18:37:34.630498-07', 5, 'Abasolo', '1'),
	(34, '2024-02-10 18:37:34.630498-07', 5, 'Acua', '2'),
	(35, '2024-02-10 18:37:34.630498-07', 5, 'Allende', '3'),
	(36, '2024-02-10 18:37:34.630498-07', 5, 'Arteaga', '4'),
	(37, '2024-02-10 18:37:34.630498-07', 5, 'Candela', '5'),
	(38, '2024-02-10 18:37:34.630498-07', 5, 'Castaos', '6'),
	(39, '2024-02-10 18:37:34.630498-07', 5, 'Cuatro Cinegas', '7'),
	(40, '2024-02-10 18:37:34.630498-07', 5, 'Escobedo', '8'),
	(41, '2024-02-10 18:37:34.630498-07', 5, 'Francisco I. Madero', '9'),
	(42, '2024-02-10 18:37:34.630498-07', 5, 'Frontera', '10'),
	(43, '2024-02-10 18:37:34.630498-07', 5, 'General Cepeda', '11'),
	(44, '2024-02-10 18:37:34.630498-07', 5, 'Guerrero', '12'),
	(45, '2024-02-10 18:37:34.630498-07', 5, 'Hidalgo', '13'),
	(46, '2024-02-10 18:37:34.630498-07', 5, 'Jimnez', '14'),
	(47, '2024-02-10 18:37:34.630498-07', 5, 'Jurez', '15'),
	(48, '2024-02-10 18:37:34.630498-07', 5, 'Lamadrid', '16'),
	(49, '2024-02-10 18:37:34.630498-07', 5, 'Matamoros', '17'),
	(50, '2024-02-10 18:37:34.630498-07', 5, 'Monclova', '18'),
	(51, '2024-02-10 18:37:34.630498-07', 5, 'Morelos', '19'),
	(52, '2024-02-10 18:37:34.630498-07', 5, 'Mzquiz', '20'),
	(53, '2024-02-10 18:37:34.630498-07', 5, 'Nadadores', '21'),
	(54, '2024-02-10 18:37:34.630498-07', 5, 'Nava', '22'),
	(55, '2024-02-10 18:37:34.630498-07', 5, 'Ocampo', '23'),
	(56, '2024-02-10 18:37:34.630498-07', 5, 'Parras', '24'),
	(57, '2024-02-10 18:37:34.630498-07', 5, 'Piedras Negras', '25'),
	(58, '2024-02-10 18:37:34.630498-07', 5, 'Progreso', '26'),
	(59, '2024-02-10 18:37:34.630498-07', 5, 'Ramos Arizpe', '27'),
	(60, '2024-02-10 18:37:34.630498-07', 5, 'Sabinas', '28'),
	(61, '2024-02-10 18:37:34.630498-07', 5, 'Sacramento', '29'),
	(62, '2024-02-10 18:37:34.630498-07', 5, 'Saltillo', '30'),
	(63, '2024-02-10 18:37:34.630498-07', 5, 'San Buenaventura', '31'),
	(64, '2024-02-10 18:37:34.630498-07', 5, 'San Juan de Sabinas', '32'),
	(65, '2024-02-10 18:37:34.630498-07', 5, 'San Pedro', '33'),
	(66, '2024-02-10 18:37:34.630498-07', 5, 'Sierra Mojada', '34'),
	(67, '2024-02-10 18:37:34.630498-07', 5, 'Torren', '35'),
	(68, '2024-02-10 18:37:34.630498-07', 5, 'Viesca', '36'),
	(69, '2024-02-10 18:37:34.630498-07', 5, 'Villa Unin', '37'),
	(70, '2024-02-10 18:37:34.630498-07', 5, 'Zaragoza', '38'),
	(71, '2024-02-10 18:37:34.630498-07', 6, 'Armera', '1'),
	(72, '2024-02-10 18:37:34.630498-07', 6, 'Colima', '2'),
	(73, '2024-02-10 18:37:34.630498-07', 6, 'Comala', '3'),
	(74, '2024-02-10 18:37:34.630498-07', 6, 'Coquimatln', '4'),
	(75, '2024-02-10 18:37:34.630498-07', 6, 'Cuauhtmoc', '5'),
	(76, '2024-02-10 18:37:34.630498-07', 6, 'Ixtlahuacn', '6'),
	(77, '2024-02-10 18:37:34.630498-07', 6, 'Manzanillo', '7'),
	(78, '2024-02-10 18:37:34.630498-07', 6, 'Minatitln', '8'),
	(79, '2024-02-10 18:37:34.630498-07', 6, 'Tecomn', '9'),
	(80, '2024-02-10 18:37:34.630498-07', 6, 'Villa de lvarez', '10'),
	(81, '2024-02-10 18:37:34.630498-07', 7, 'Acacoyagua', '1'),
	(82, '2024-02-10 18:37:34.630498-07', 7, 'Acala', '2'),
	(83, '2024-02-10 18:37:34.630498-07', 7, 'Acapetahua', '3'),
	(84, '2024-02-10 18:37:34.630498-07', 7, 'Altamirano', '4'),
	(85, '2024-02-10 18:37:34.630498-07', 7, 'Amatn', '5'),
	(86, '2024-02-10 18:37:34.630498-07', 7, 'Amatenango de la Frontera', '6'),
	(87, '2024-02-10 18:37:34.630498-07', 7, 'Amatenango del Valle', '7'),
	(88, '2024-02-10 18:37:34.630498-07', 7, 'Angel Albino Corzo', '8'),
	(89, '2024-02-10 18:37:34.630498-07', 7, 'Arriaga', '9'),
	(90, '2024-02-10 18:37:34.630498-07', 7, 'Bejucal de Ocampo', '10'),
	(91, '2024-02-10 18:37:34.630498-07', 7, 'Bella Vista', '11'),
	(92, '2024-02-10 18:37:34.630498-07', 7, 'Berriozbal', '12'),
	(93, '2024-02-10 18:37:34.630498-07', 7, 'Bochil', '13'),
	(94, '2024-02-10 18:37:34.630498-07', 7, 'El Bosque', '14'),
	(95, '2024-02-10 18:37:34.630498-07', 7, 'Cacahoatn', '15'),
	(96, '2024-02-10 18:37:34.630498-07', 7, 'Catazaj', '16'),
	(97, '2024-02-10 18:37:34.630498-07', 7, 'Cintalapa', '17'),
	(98, '2024-02-10 18:37:34.630498-07', 7, 'Coapilla', '18'),
	(99, '2024-02-10 18:37:34.630498-07', 7, 'Comitn de Domnguez', '19'),
	(100, '2024-02-10 18:37:34.630498-07', 7, 'La Concordia', '20'),
	(101, '2024-02-10 18:37:34.630498-07', 7, 'Copainal', '21'),
	(102, '2024-02-10 18:37:34.630498-07', 7, 'Chalchihuitn', '22'),
	(103, '2024-02-10 18:37:34.630498-07', 7, 'Chamula', '23'),
	(104, '2024-02-10 18:37:34.630498-07', 7, 'Chanal', '24'),
	(105, '2024-02-10 18:37:34.630498-07', 7, 'Chapultenango', '25'),
	(106, '2024-02-10 18:37:34.630498-07', 7, 'Chenalh', '26'),
	(107, '2024-02-10 18:37:34.630498-07', 7, 'Chiapa de Corzo', '27'),
	(108, '2024-02-10 18:37:34.630498-07', 7, 'Chiapilla', '28'),
	(109, '2024-02-10 18:37:34.630498-07', 7, 'Chicoasn', '29'),
	(110, '2024-02-10 18:37:34.630498-07', 7, 'Chicomuselo', '30'),
	(111, '2024-02-10 18:37:34.630498-07', 7, 'Chiln', '31'),
	(112, '2024-02-10 18:37:34.630498-07', 7, 'Escuintla', '32'),
	(113, '2024-02-10 18:37:34.630498-07', 7, 'Francisco Len', '33'),
	(114, '2024-02-10 18:37:34.630498-07', 7, 'Frontera Comalapa', '34'),
	(115, '2024-02-10 18:37:34.630498-07', 7, 'Frontera Hidalgo', '35'),
	(116, '2024-02-10 18:37:34.630498-07', 7, 'La Grandeza', '36'),
	(117, '2024-02-10 18:37:34.630498-07', 7, 'Huehuetn', '37'),
	(118, '2024-02-10 18:37:34.630498-07', 7, 'Huixtn', '38'),
	(119, '2024-02-10 18:37:34.630498-07', 7, 'Huitiupn', '39'),
	(120, '2024-02-10 18:37:34.630498-07', 7, 'Huixtla', '40'),
	(121, '2024-02-10 18:37:34.630498-07', 7, 'La Independencia', '41'),
	(122, '2024-02-10 18:37:34.630498-07', 7, 'Ixhuatn', '42'),
	(123, '2024-02-10 18:37:34.630498-07', 7, 'Ixtacomitn', '43'),
	(124, '2024-02-10 18:37:34.630498-07', 7, 'Ixtapa', '44'),
	(125, '2024-02-10 18:37:34.630498-07', 7, 'Ixtapangajoya', '45'),
	(126, '2024-02-10 18:37:34.630498-07', 7, 'Jiquipilas', '46'),
	(127, '2024-02-10 18:37:34.630498-07', 7, 'Jitotol', '47'),
	(128, '2024-02-10 18:37:34.630498-07', 7, 'Jurez', '48'),
	(129, '2024-02-10 18:37:34.630498-07', 7, 'Larrinzar', '49'),
	(130, '2024-02-10 18:37:34.630498-07', 7, 'La Libertad', '50'),
	(131, '2024-02-10 18:37:34.630498-07', 7, 'Mapastepec', '51'),
	(132, '2024-02-10 18:37:34.630498-07', 7, 'Las Margaritas', '52'),
	(133, '2024-02-10 18:37:34.630498-07', 7, 'Mazapa de Madero', '53'),
	(134, '2024-02-10 18:37:34.630498-07', 7, 'Mazatn', '54'),
	(135, '2024-02-10 18:37:34.630498-07', 7, 'Metapa', '55'),
	(136, '2024-02-10 18:37:34.630498-07', 7, 'Mitontic', '56'),
	(137, '2024-02-10 18:37:34.630498-07', 7, 'Motozintla', '57'),
	(138, '2024-02-10 18:37:34.630498-07', 7, 'Nicols Ruz', '58'),
	(139, '2024-02-10 18:37:34.630498-07', 7, 'Ocosingo', '59'),
	(140, '2024-02-10 18:37:34.630498-07', 7, 'Ocotepec', '60'),
	(141, '2024-02-10 18:37:34.630498-07', 7, 'Ocozocoautla de Espinosa', '61'),
	(142, '2024-02-10 18:37:34.630498-07', 7, 'Ostuacn', '62'),
	(143, '2024-02-10 18:37:34.630498-07', 7, 'Osumacinta', '63'),
	(144, '2024-02-10 18:37:34.630498-07', 7, 'Oxchuc', '64'),
	(145, '2024-02-10 18:37:34.630498-07', 7, 'Palenque', '65'),
	(146, '2024-02-10 18:37:34.630498-07', 7, 'Pantelh', '66'),
	(147, '2024-02-10 18:37:34.630498-07', 7, 'Pantepec', '67'),
	(148, '2024-02-10 18:37:34.630498-07', 7, 'Pichucalco', '68'),
	(149, '2024-02-10 18:37:34.630498-07', 7, 'Pijijiapan', '69'),
	(150, '2024-02-10 18:37:34.630498-07', 7, 'El Porvenir', '70'),
	(151, '2024-02-10 18:37:34.630498-07', 7, 'Villa Comaltitln', '71'),
	(152, '2024-02-10 18:37:34.630498-07', 7, 'Pueblo Nuevo Solistahuacn', '72'),
	(153, '2024-02-10 18:37:34.630498-07', 7, 'Rayn', '73'),
	(154, '2024-02-10 18:37:34.630498-07', 7, 'Reforma', '74'),
	(155, '2024-02-10 18:37:34.630498-07', 7, 'Las Rosas', '75'),
	(156, '2024-02-10 18:37:34.630498-07', 7, 'Sabanilla', '76'),
	(157, '2024-02-10 18:37:34.630498-07', 7, 'Salto de Agua', '77'),
	(158, '2024-02-10 18:37:34.630498-07', 7, 'San Cristbal de las Casas', '78'),
	(159, '2024-02-10 18:37:34.630498-07', 7, 'San Fernando', '79'),
	(160, '2024-02-10 18:37:34.630498-07', 7, 'Siltepec', '80'),
	(161, '2024-02-10 18:37:34.630498-07', 7, 'Simojovel', '81'),
	(162, '2024-02-10 18:37:34.630498-07', 7, 'Sital', '82'),
	(163, '2024-02-10 18:37:34.630498-07', 7, 'Socoltenango', '83'),
	(164, '2024-02-10 18:37:34.630498-07', 7, 'Solosuchiapa', '84'),
	(165, '2024-02-10 18:37:34.630498-07', 7, 'Soyal', '85'),
	(166, '2024-02-10 18:37:34.630498-07', 7, 'Suchiapa', '86'),
	(167, '2024-02-10 18:37:34.630498-07', 7, 'Suchiate', '87'),
	(168, '2024-02-10 18:37:34.630498-07', 7, 'Sunuapa', '88'),
	(169, '2024-02-10 18:37:34.630498-07', 7, 'Tapachula', '89'),
	(170, '2024-02-10 18:37:34.630498-07', 7, 'Tapalapa', '90'),
	(171, '2024-02-10 18:37:34.630498-07', 7, 'Tapilula', '91'),
	(172, '2024-02-10 18:37:34.630498-07', 7, 'Tecpatn', '92'),
	(173, '2024-02-10 18:37:34.630498-07', 7, 'Tenejapa', '93'),
	(174, '2024-02-10 18:37:34.630498-07', 7, 'Teopisca', '94'),
	(175, '2024-02-10 18:37:34.630498-07', 7, 'Tila', '96'),
	(176, '2024-02-10 18:37:34.630498-07', 7, 'Tonal', '97'),
	(177, '2024-02-10 18:37:34.630498-07', 7, 'Totolapa', '98'),
	(178, '2024-02-10 18:37:34.630498-07', 7, 'La Trinitaria', '99'),
	(179, '2024-02-10 18:37:34.630498-07', 7, 'Tumbal', '100'),
	(180, '2024-02-10 18:37:34.630498-07', 7, 'Tuxtla Gutirrez', '101'),
	(181, '2024-02-10 18:37:34.630498-07', 7, 'Tuxtla Chico', '102'),
	(182, '2024-02-10 18:37:34.630498-07', 7, 'Tuzantn', '103'),
	(183, '2024-02-10 18:37:34.630498-07', 7, 'Tzimol', '104'),
	(184, '2024-02-10 18:37:34.630498-07', 7, 'Unin Jurez', '105'),
	(185, '2024-02-10 18:37:34.630498-07', 7, 'Venustiano Carranza', '106'),
	(186, '2024-02-10 18:37:34.630498-07', 7, 'Villa Corzo', '107'),
	(187, '2024-02-10 18:37:34.630498-07', 7, 'Villaflores', '108'),
	(188, '2024-02-10 18:37:34.630498-07', 7, 'Yajaln', '109'),
	(189, '2024-02-10 18:37:34.630498-07', 7, 'San Lucas', '110'),
	(190, '2024-02-10 18:37:34.630498-07', 7, 'Zinacantn', '111'),
	(191, '2024-02-10 18:37:34.630498-07', 7, 'San Juan Cancuc', '112'),
	(192, '2024-02-10 18:37:34.630498-07', 7, 'Aldama', '113'),
	(193, '2024-02-10 18:37:34.630498-07', 7, 'Benemrito de las Amricas', '114'),
	(194, '2024-02-10 18:37:34.630498-07', 7, 'Maravilla Tenejapa', '115'),
	(195, '2024-02-10 18:37:34.630498-07', 7, 'Marqus de Comillas', '116'),
	(196, '2024-02-10 18:37:34.630498-07', 7, 'Montecristo de Guerrero', '117'),
	(197, '2024-02-10 18:37:34.630498-07', 7, 'San Andrs Duraznal', '118'),
	(198, '2024-02-10 18:37:34.630498-07', 7, 'Santiago el Pinar', '119'),
	(199, '2024-02-10 18:37:34.630498-07', 8, 'Ahumada', '1'),
	(200, '2024-02-10 18:37:34.630498-07', 8, 'Aldama', '2'),
	(201, '2024-02-10 18:37:34.630498-07', 8, 'Allende', '3'),
	(202, '2024-02-10 18:37:34.630498-07', 8, 'Aquiles Serdn', '4'),
	(203, '2024-02-10 18:37:34.630498-07', 8, 'Ascensin', '5'),
	(204, '2024-02-10 18:37:34.630498-07', 8, 'Bachniva', '6'),
	(205, '2024-02-10 18:37:34.630498-07', 8, 'Balleza', '7'),
	(206, '2024-02-10 18:37:34.630498-07', 8, 'Batopilas', '8'),
	(207, '2024-02-10 18:37:34.630498-07', 8, 'Bocoyna', '9'),
	(208, '2024-02-10 18:37:34.630498-07', 8, 'Buenaventura', '10'),
	(209, '2024-02-10 18:37:34.630498-07', 8, 'Camargo', '11'),
	(210, '2024-02-10 18:37:34.630498-07', 8, 'Carich', '12'),
	(211, '2024-02-10 18:37:34.630498-07', 8, 'Casas Grandes', '13'),
	(212, '2024-02-10 18:37:34.630498-07', 8, 'Coronado', '14'),
	(213, '2024-02-10 18:37:34.630498-07', 8, 'Coyame del Sotol', '15'),
	(214, '2024-02-10 18:37:34.630498-07', 8, 'La Cruz', '16'),
	(215, '2024-02-10 18:37:34.630498-07', 8, 'Cuauhtmoc', '17'),
	(216, '2024-02-10 18:37:34.630498-07', 8, 'Cusihuiriachi', '18'),
	(217, '2024-02-10 18:37:34.630498-07', 8, 'Chihuahua', '19'),
	(218, '2024-02-10 18:37:34.630498-07', 8, 'Chnipas', '20'),
	(219, '2024-02-10 18:37:34.630498-07', 8, 'Delicias', '21'),
	(220, '2024-02-10 18:37:34.630498-07', 8, 'Dr. Belisario Domnguez', '22'),
	(221, '2024-02-10 18:37:34.630498-07', 8, 'Galeana', '23'),
	(222, '2024-02-10 18:37:34.630498-07', 8, 'Santa Isabel', '24'),
	(223, '2024-02-10 18:37:34.630498-07', 8, 'Gmez Faras', '25'),
	(224, '2024-02-10 18:37:34.630498-07', 8, 'Gran Morelos', '26'),
	(225, '2024-02-10 18:37:34.630498-07', 8, 'Guachochi', '27'),
	(226, '2024-02-10 18:37:34.630498-07', 8, 'Guadalupe', '28'),
	(227, '2024-02-10 18:37:34.630498-07', 8, 'Guadalupe y Calvo', '29'),
	(228, '2024-02-10 18:37:34.630498-07', 8, 'Guazapares', '30'),
	(229, '2024-02-10 18:37:34.630498-07', 8, 'Guerrero', '31'),
	(230, '2024-02-10 18:37:34.630498-07', 8, 'Hidalgo del Parral', '32'),
	(231, '2024-02-10 18:37:34.630498-07', 8, 'Huejotitn', '33'),
	(232, '2024-02-10 18:37:34.630498-07', 8, 'Ignacio Zaragoza', '34'),
	(233, '2024-02-10 18:37:34.630498-07', 8, 'Janos', '35'),
	(234, '2024-02-10 18:37:34.630498-07', 8, 'Jimnez', '36'),
	(235, '2024-02-10 18:37:34.630498-07', 8, 'Jurez', '37'),
	(236, '2024-02-10 18:37:34.630498-07', 8, 'Julimes', '38'),
	(237, '2024-02-10 18:37:34.630498-07', 8, 'Lpez', '39'),
	(238, '2024-02-10 18:37:34.630498-07', 8, 'Madera', '40'),
	(239, '2024-02-10 18:37:34.630498-07', 8, 'Maguarichi', '41'),
	(240, '2024-02-10 18:37:34.630498-07', 8, 'Manuel Benavides', '42'),
	(241, '2024-02-10 18:37:34.630498-07', 8, 'Matach', '43'),
	(242, '2024-02-10 18:37:34.630498-07', 8, 'Matamoros', '44'),
	(243, '2024-02-10 18:37:34.630498-07', 8, 'Meoqui', '45'),
	(244, '2024-02-10 18:37:34.630498-07', 8, 'Morelos', '46'),
	(245, '2024-02-10 18:37:34.630498-07', 8, 'Moris', '47'),
	(246, '2024-02-10 18:37:34.630498-07', 8, 'Namiquipa', '48'),
	(247, '2024-02-10 18:37:34.630498-07', 8, 'Nonoava', '49'),
	(248, '2024-02-10 18:37:34.630498-07', 8, 'Nuevo Casas Grandes', '50'),
	(249, '2024-02-10 18:37:34.630498-07', 8, 'Ocampo', '51'),
	(250, '2024-02-10 18:37:34.630498-07', 8, 'Ojinaga', '52'),
	(251, '2024-02-10 18:37:34.630498-07', 8, 'Praxedis G. Guerrero', '53'),
	(252, '2024-02-10 18:37:34.630498-07', 8, 'Riva Palacio', '54'),
	(253, '2024-02-10 18:37:34.630498-07', 8, 'Rosales', '55'),
	(254, '2024-02-10 18:37:34.630498-07', 8, 'Rosario', '56'),
	(255, '2024-02-10 18:37:34.630498-07', 8, 'San Francisco de Borja', '57'),
	(256, '2024-02-10 18:37:34.630498-07', 8, 'San Francisco de Conchos', '58'),
	(257, '2024-02-10 18:37:34.630498-07', 8, 'San Francisco del Oro', '59'),
	(258, '2024-02-10 18:37:34.630498-07', 8, 'Santa Brbara', '60'),
	(259, '2024-02-10 18:37:34.630498-07', 8, 'Satev', '61'),
	(260, '2024-02-10 18:37:34.630498-07', 8, 'Saucillo', '62'),
	(261, '2024-02-10 18:37:34.630498-07', 8, 'Temsachic', '63'),
	(262, '2024-02-10 18:37:34.630498-07', 8, 'El Tule', '64'),
	(263, '2024-02-10 18:37:34.630498-07', 8, 'Urique', '65'),
	(264, '2024-02-10 18:37:34.630498-07', 8, 'Uruachi', '66'),
	(265, '2024-02-10 18:37:34.630498-07', 8, 'Valle de Zaragoza', '67'),
	(266, '2024-02-10 18:37:34.630498-07', 9, 'Azcapotzalco', '2'),
	(267, '2024-02-10 18:37:34.630498-07', 9, 'Coyoacn', '3'),
	(268, '2024-02-10 18:37:34.630498-07', 9, 'Cuajimalpa de Morelos', '4'),
	(269, '2024-02-10 18:37:34.630498-07', 9, 'Gustavo A. Madero', '5'),
	(270, '2024-02-10 18:37:34.630498-07', 9, 'Iztacalco', '6'),
	(271, '2024-02-10 18:37:34.630498-07', 9, 'Iztapalapa', '7'),
	(272, '2024-02-10 18:37:34.630498-07', 9, 'La Magdalena Contreras', '8'),
	(273, '2024-02-10 18:37:34.630498-07', 9, 'Milpa Alta', '9'),
	(274, '2024-02-10 18:37:34.630498-07', 9, 'lvaro Obregn', '10'),
	(275, '2024-02-10 18:37:34.630498-07', 9, 'Tlhuac', '11'),
	(276, '2024-02-10 18:37:34.630498-07', 9, 'Tlalpan', '12'),
	(277, '2024-02-10 18:37:34.630498-07', 9, 'Xochimilco', '13'),
	(278, '2024-02-10 18:37:34.630498-07', 9, 'Benito Jurez', '14'),
	(279, '2024-02-10 18:37:34.630498-07', 9, 'Cuauhtmoc', '15'),
	(280, '2024-02-10 18:37:34.630498-07', 9, 'Miguel Hidalgo', '16'),
	(281, '2024-02-10 18:37:34.630498-07', 9, 'Venustiano Carranza', '17'),
	(282, '2024-02-10 18:37:34.630498-07', 10, 'Canatln', '1'),
	(283, '2024-02-10 18:37:34.630498-07', 10, 'Canelas', '2'),
	(284, '2024-02-10 18:37:34.630498-07', 10, 'Coneto de Comonfort', '3'),
	(285, '2024-02-10 18:37:34.630498-07', 10, 'Cuencam', '4'),
	(286, '2024-02-10 18:37:34.630498-07', 10, 'Durango', '5'),
	(287, '2024-02-10 18:37:34.630498-07', 10, 'General Simn Bolvar', '6'),
	(288, '2024-02-10 18:37:34.630498-07', 10, 'Gmez Palacio', '7'),
	(289, '2024-02-10 18:37:34.630498-07', 10, 'Guadalupe Victoria', '8'),
	(290, '2024-02-10 18:37:34.630498-07', 10, 'Guanacev', '9'),
	(291, '2024-02-10 18:37:34.630498-07', 10, 'Hidalgo', '10'),
	(292, '2024-02-10 18:37:34.630498-07', 10, 'Ind', '11'),
	(293, '2024-02-10 18:37:34.630498-07', 10, 'Lerdo', '12'),
	(294, '2024-02-10 18:37:34.630498-07', 10, 'Mapim', '13'),
	(295, '2024-02-10 18:37:34.630498-07', 10, 'Mezquital', '14'),
	(296, '2024-02-10 18:37:34.630498-07', 10, 'Nazas', '15'),
	(297, '2024-02-10 18:37:34.630498-07', 10, 'Nombre de Dios', '16'),
	(298, '2024-02-10 18:37:34.630498-07', 10, 'Ocampo', '17'),
	(299, '2024-02-10 18:37:34.630498-07', 10, 'El Oro', '18'),
	(300, '2024-02-10 18:37:34.630498-07', 10, 'Otez', '19'),
	(301, '2024-02-10 18:37:34.630498-07', 10, 'Pnuco de Coronado', '20'),
	(302, '2024-02-10 18:37:34.630498-07', 10, 'Pen Blanco', '21'),
	(303, '2024-02-10 18:37:34.630498-07', 10, 'Poanas', '22'),
	(304, '2024-02-10 18:37:34.630498-07', 10, 'Pueblo Nuevo', '23'),
	(305, '2024-02-10 18:37:34.630498-07', 10, 'Rodeo', '24'),
	(306, '2024-02-10 18:37:34.630498-07', 10, 'San Bernardo', '25'),
	(307, '2024-02-10 18:37:34.630498-07', 10, 'San Dimas', '26'),
	(308, '2024-02-10 18:37:34.630498-07', 10, 'San Juan de Guadalupe', '27'),
	(309, '2024-02-10 18:37:34.630498-07', 10, 'San Juan del Ro', '28'),
	(310, '2024-02-10 18:37:34.630498-07', 10, 'San Luis del Cordero', '29'),
	(311, '2024-02-10 18:37:34.630498-07', 10, 'San Pedro del Gallo', '30'),
	(312, '2024-02-10 18:37:34.630498-07', 10, 'Santa Clara', '31'),
	(313, '2024-02-10 18:37:34.630498-07', 10, 'Santiago Papasquiaro', '32'),
	(314, '2024-02-10 18:37:34.630498-07', 10, 'Schil', '33'),
	(315, '2024-02-10 18:37:34.630498-07', 10, 'Tamazula', '34'),
	(316, '2024-02-10 18:37:34.630498-07', 10, 'Tepehuanes', '35'),
	(317, '2024-02-10 18:37:34.630498-07', 10, 'Tlahualilo', '36'),
	(318, '2024-02-10 18:37:34.630498-07', 10, 'Topia', '37'),
	(319, '2024-02-10 18:37:34.630498-07', 10, 'Vicente Guerrero', '38'),
	(320, '2024-02-10 18:37:34.630498-07', 10, 'Nuevo Ideal', '39'),
	(321, '2024-02-10 18:37:34.630498-07', 11, 'Abasolo', '1'),
	(322, '2024-02-10 18:37:34.630498-07', 11, 'Acmbaro', '2'),
	(323, '2024-02-10 18:37:34.630498-07', 11, 'San Miguel de Allende', '3'),
	(324, '2024-02-10 18:37:34.630498-07', 11, 'Apaseo el Alto', '4'),
	(325, '2024-02-10 18:37:34.630498-07', 11, 'Apaseo el Grande', '5'),
	(326, '2024-02-10 18:37:34.630498-07', 11, 'Atarjea', '6'),
	(327, '2024-02-10 18:37:34.630498-07', 11, 'Celaya', '7'),
	(328, '2024-02-10 18:37:34.630498-07', 11, 'Manuel Doblado', '8'),
	(329, '2024-02-10 18:37:34.630498-07', 11, 'Comonfort', '9'),
	(330, '2024-02-10 18:37:34.630498-07', 11, 'Coroneo', '10'),
	(331, '2024-02-10 18:37:34.630498-07', 11, 'Cortazar', '11'),
	(332, '2024-02-10 18:37:34.630498-07', 11, 'Cuermaro', '12'),
	(333, '2024-02-10 18:37:34.630498-07', 11, 'Doctor Mora', '13'),
	(334, '2024-02-10 18:37:34.630498-07', 11, 'Dolores Hidalgo Cuna de la Independencia Nacional', '14'),
	(335, '2024-02-10 18:37:34.630498-07', 11, 'Guanajuato', '15'),
	(336, '2024-02-10 18:37:34.630498-07', 11, 'Huanmaro', '16'),
	(337, '2024-02-10 18:37:34.630498-07', 11, 'Irapuato', '17'),
	(338, '2024-02-10 18:37:34.630498-07', 11, 'Jaral del Progreso', '18'),
	(339, '2024-02-10 18:37:34.630498-07', 11, 'Jercuaro', '19'),
	(340, '2024-02-10 18:37:34.630498-07', 11, 'Len', '20'),
	(341, '2024-02-10 18:37:34.630498-07', 11, 'Morolen', '21'),
	(342, '2024-02-10 18:37:34.630498-07', 11, 'Ocampo', '22'),
	(343, '2024-02-10 18:37:34.630498-07', 11, 'Pnjamo', '23'),
	(344, '2024-02-10 18:37:34.630498-07', 11, 'Pueblo Nuevo', '24'),
	(345, '2024-02-10 18:37:34.630498-07', 11, 'Pursima del Rincn', '25'),
	(346, '2024-02-10 18:37:34.630498-07', 11, 'Romita', '26'),
	(347, '2024-02-10 18:37:34.630498-07', 11, 'Salamanca', '27'),
	(348, '2024-02-10 18:37:34.630498-07', 11, 'Salvatierra', '28'),
	(349, '2024-02-10 18:37:34.630498-07', 11, 'San Diego de la Unin', '29'),
	(350, '2024-02-10 18:37:34.630498-07', 11, 'San Felipe', '30'),
	(351, '2024-02-10 18:37:34.630498-07', 11, 'San Francisco del Rincn', '31'),
	(352, '2024-02-10 18:37:34.630498-07', 11, 'San Jos Iturbide', '32'),
	(353, '2024-02-10 18:37:34.630498-07', 11, 'San Luis de la Paz', '33'),
	(354, '2024-02-10 18:37:34.630498-07', 11, 'Santa Catarina', '34'),
	(355, '2024-02-10 18:37:34.630498-07', 11, 'Santa Cruz de Juventino Rosas', '35'),
	(356, '2024-02-10 18:37:34.630498-07', 11, 'Santiago Maravato', '36'),
	(357, '2024-02-10 18:37:34.630498-07', 11, 'Silao de la Victoria', '37'),
	(358, '2024-02-10 18:37:34.630498-07', 11, 'Tarandacuao', '38'),
	(359, '2024-02-10 18:37:34.630498-07', 11, 'Tarimoro', '39'),
	(360, '2024-02-10 18:37:34.630498-07', 11, 'Tierra Blanca', '40'),
	(361, '2024-02-10 18:37:34.630498-07', 11, 'Uriangato', '41'),
	(362, '2024-02-10 18:37:34.630498-07', 11, 'Valle de Santiago', '42'),
	(363, '2024-02-10 18:37:34.630498-07', 11, 'Victoria', '43'),
	(364, '2024-02-10 18:37:34.630498-07', 11, 'Villagrn', '44'),
	(365, '2024-02-10 18:37:34.630498-07', 11, 'Xich', '45'),
	(366, '2024-02-10 18:37:34.630498-07', 11, 'Yuriria', '46'),
	(367, '2024-02-10 18:37:34.630498-07', 12, 'Acapulco de Jurez', '1'),
	(368, '2024-02-10 18:37:34.630498-07', 12, 'Ahuacuotzingo', '2'),
	(369, '2024-02-10 18:37:34.630498-07', 12, 'Ajuchitln del Progreso', '3'),
	(370, '2024-02-10 18:37:34.630498-07', 12, 'Alcozauca de Guerrero', '4'),
	(371, '2024-02-10 18:37:34.630498-07', 12, 'Alpoyeca', '5'),
	(372, '2024-02-10 18:37:34.630498-07', 12, 'Apaxtla', '6'),
	(373, '2024-02-10 18:37:34.630498-07', 12, 'Arcelia', '7'),
	(374, '2024-02-10 18:37:34.630498-07', 12, 'Atenango del Ro', '8'),
	(375, '2024-02-10 18:37:34.630498-07', 12, 'Atlamajalcingo del Monte', '9'),
	(376, '2024-02-10 18:37:34.630498-07', 12, 'Atlixtac', '10'),
	(377, '2024-02-10 18:37:34.630498-07', 12, 'Atoyac de lvarez', '11'),
	(378, '2024-02-10 18:37:34.630498-07', 12, 'Ayutla de los Libres', '12'),
	(379, '2024-02-10 18:37:34.630498-07', 12, 'Azoy', '13'),
	(380, '2024-02-10 18:37:34.630498-07', 12, 'Benito Jurez', '14'),
	(381, '2024-02-10 18:37:34.630498-07', 12, 'Buenavista de Cullar', '15'),
	(382, '2024-02-10 18:37:34.630498-07', 12, 'Coahuayutla de Jos Mara Izazaga', '16'),
	(383, '2024-02-10 18:37:34.630498-07', 12, 'Cocula', '17'),
	(384, '2024-02-10 18:37:34.630498-07', 12, 'Copala', '18'),
	(385, '2024-02-10 18:37:34.630498-07', 12, 'Copalillo', '19'),
	(386, '2024-02-10 18:37:34.630498-07', 12, 'Copanatoyac', '20'),
	(387, '2024-02-10 18:37:34.630498-07', 12, 'Coyuca de Bentez', '21'),
	(388, '2024-02-10 18:37:34.630498-07', 12, 'Coyuca de Cataln', '22'),
	(389, '2024-02-10 18:37:34.630498-07', 12, 'Cuajinicuilapa', '23'),
	(390, '2024-02-10 18:37:34.630498-07', 12, 'Cualc', '24'),
	(391, '2024-02-10 18:37:34.630498-07', 12, 'Cuautepec', '25'),
	(392, '2024-02-10 18:37:34.630498-07', 12, 'Cuetzala del Progreso', '26'),
	(393, '2024-02-10 18:37:34.630498-07', 12, 'Cutzamala de Pinzn', '27'),
	(394, '2024-02-10 18:37:34.630498-07', 12, 'Chilapa de lvarez', '28'),
	(395, '2024-02-10 18:37:34.630498-07', 12, 'Chilpancingo de los Bravo', '29'),
	(396, '2024-02-10 18:37:34.630498-07', 12, 'Florencio Villarreal', '30'),
	(397, '2024-02-10 18:37:34.630498-07', 12, 'General Canuto A. Neri', '31'),
	(398, '2024-02-10 18:37:34.630498-07', 12, 'General Heliodoro Castillo', '32'),
	(399, '2024-02-10 18:37:34.630498-07', 12, 'Huamuxtitln', '33'),
	(400, '2024-02-10 18:37:34.630498-07', 12, 'Huitzuco de los Figueroa', '34'),
	(401, '2024-02-10 18:37:34.630498-07', 12, 'Iguala de la Independencia', '35'),
	(402, '2024-02-10 18:37:34.630498-07', 12, 'Igualapa', '36'),
	(403, '2024-02-10 18:37:34.630498-07', 12, 'Ixcateopan de Cuauhtmoc', '37'),
	(404, '2024-02-10 18:37:34.630498-07', 12, 'Zihuatanejo de Azueta', '38'),
	(405, '2024-02-10 18:37:34.630498-07', 12, 'Juan R. Escudero', '39'),
	(406, '2024-02-10 18:37:34.630498-07', 12, 'Leonardo Bravo', '40'),
	(407, '2024-02-10 18:37:34.630498-07', 12, 'Malinaltepec', '41'),
	(408, '2024-02-10 18:37:34.630498-07', 12, 'Mrtir de Cuilapan', '42'),
	(409, '2024-02-10 18:37:34.630498-07', 12, 'Metlatnoc', '43'),
	(410, '2024-02-10 18:37:34.630498-07', 12, 'Mochitln', '44'),
	(411, '2024-02-10 18:37:34.630498-07', 12, 'Olinal', '45'),
	(412, '2024-02-10 18:37:34.630498-07', 12, 'Ometepec', '46'),
	(413, '2024-02-10 18:37:34.630498-07', 12, 'Pedro Ascencio Alquisiras', '47'),
	(414, '2024-02-10 18:37:34.630498-07', 12, 'Petatln', '48'),
	(415, '2024-02-10 18:37:34.630498-07', 12, 'Pilcaya', '49'),
	(416, '2024-02-10 18:37:34.630498-07', 12, 'Pungarabato', '50'),
	(417, '2024-02-10 18:37:34.630498-07', 12, 'Quechultenango', '51'),
	(418, '2024-02-10 18:37:34.630498-07', 12, 'San Luis Acatln', '52'),
	(419, '2024-02-10 18:37:34.630498-07', 12, 'San Marcos', '53'),
	(420, '2024-02-10 18:37:34.630498-07', 12, 'San Miguel Totolapan', '54'),
	(421, '2024-02-10 18:37:34.630498-07', 12, 'Taxco de Alarcn', '55'),
	(422, '2024-02-10 18:37:34.630498-07', 12, 'Tecoanapa', '56'),
	(423, '2024-02-10 18:37:34.630498-07', 12, 'Tcpan de Galeana', '57'),
	(424, '2024-02-10 18:37:34.630498-07', 12, 'Teloloapan', '58'),
	(425, '2024-02-10 18:37:34.630498-07', 12, 'Tepecoacuilco de Trujano', '59'),
	(426, '2024-02-10 18:37:34.630498-07', 12, 'Tetipac', '60'),
	(427, '2024-02-10 18:37:34.630498-07', 12, 'Tixtla de Guerrero', '61'),
	(428, '2024-02-10 18:37:34.630498-07', 12, 'Tlacoachistlahuaca', '62'),
	(429, '2024-02-10 18:37:34.630498-07', 12, 'Tlacoapa', '63'),
	(430, '2024-02-10 18:37:34.630498-07', 12, 'Tlalchapa', '64'),
	(431, '2024-02-10 18:37:34.630498-07', 12, 'Tlalixtaquilla de Maldonado', '65'),
	(432, '2024-02-10 18:37:34.630498-07', 12, 'Tlapa de Comonfort', '66'),
	(433, '2024-02-10 18:37:34.630498-07', 12, 'Tlapehuala', '67'),
	(434, '2024-02-10 18:37:34.630498-07', 12, 'La Unin de Isidoro Montes de Oca', '68'),
	(435, '2024-02-10 18:37:34.630498-07', 12, 'Xalpatlhuac', '69'),
	(436, '2024-02-10 18:37:34.630498-07', 12, 'Xochihuehuetln', '70'),
	(437, '2024-02-10 18:37:34.630498-07', 12, 'Xochistlahuaca', '71'),
	(438, '2024-02-10 18:37:34.630498-07', 12, 'Zapotitln Tablas', '72'),
	(439, '2024-02-10 18:37:34.630498-07', 12, 'Zirndaro', '73'),
	(440, '2024-02-10 18:37:34.630498-07', 12, 'Zitlala', '74'),
	(441, '2024-02-10 18:37:34.630498-07', 12, 'Eduardo Neri', '75'),
	(442, '2024-02-10 18:37:34.630498-07', 12, 'Acatepec', '76'),
	(443, '2024-02-10 18:37:34.630498-07', 12, 'Marquelia', '77'),
	(444, '2024-02-10 18:37:34.630498-07', 12, 'Cochoapa el Grande', '78'),
	(445, '2024-02-10 18:37:34.630498-07', 12, 'Jos Joaqun de Herrera', '79'),
	(446, '2024-02-10 18:37:34.630498-07', 12, 'Juchitn', '80'),
	(447, '2024-02-10 18:37:34.630498-07', 12, 'Iliatenco', '81'),
	(448, '2024-02-10 18:37:34.630498-07', 13, 'Acatln', '1'),
	(449, '2024-02-10 18:37:34.630498-07', 13, 'Acaxochitln', '2'),
	(450, '2024-02-10 18:37:34.630498-07', 13, 'Actopan', '3'),
	(451, '2024-02-10 18:37:34.630498-07', 13, 'Agua Blanca de Iturbide', '4'),
	(452, '2024-02-10 18:37:34.630498-07', 13, 'Ajacuba', '5'),
	(453, '2024-02-10 18:37:34.630498-07', 13, 'Alfajayucan', '6'),
	(454, '2024-02-10 18:37:34.630498-07', 13, 'Almoloya', '7'),
	(455, '2024-02-10 18:37:34.630498-07', 13, 'Apan', '8'),
	(456, '2024-02-10 18:37:34.630498-07', 13, 'El Arenal', '9'),
	(457, '2024-02-10 18:37:34.630498-07', 13, 'Atitalaquia', '10'),
	(458, '2024-02-10 18:37:34.630498-07', 13, 'Atlapexco', '11'),
	(459, '2024-02-10 18:37:34.630498-07', 13, 'Atotonilco el Grande', '12'),
	(460, '2024-02-10 18:37:34.630498-07', 13, 'Atotonilco de Tula', '13'),
	(461, '2024-02-10 18:37:34.630498-07', 13, 'Calnali', '14'),
	(462, '2024-02-10 18:37:34.630498-07', 13, 'Cardonal', '15'),
	(463, '2024-02-10 18:37:34.630498-07', 13, 'Cuautepec de Hinojosa', '16'),
	(464, '2024-02-10 18:37:34.630498-07', 13, 'Chapantongo', '17'),
	(465, '2024-02-10 18:37:34.630498-07', 13, 'Chapulhuacn', '18'),
	(466, '2024-02-10 18:37:34.630498-07', 13, 'Chilcuautla', '19'),
	(467, '2024-02-10 18:37:34.630498-07', 13, 'Eloxochitln', '20'),
	(468, '2024-02-10 18:37:34.630498-07', 13, 'Emiliano Zapata', '21'),
	(469, '2024-02-10 18:37:34.630498-07', 13, 'Epazoyucan', '22'),
	(470, '2024-02-10 18:37:34.630498-07', 13, 'Francisco I. Madero', '23'),
	(471, '2024-02-10 18:37:34.630498-07', 13, 'Huasca de Ocampo', '24'),
	(472, '2024-02-10 18:37:34.630498-07', 13, 'Huautla', '25'),
	(473, '2024-02-10 18:37:34.630498-07', 13, 'Huazalingo', '26'),
	(474, '2024-02-10 18:37:34.630498-07', 13, 'Huehuetla', '27'),
	(475, '2024-02-10 18:37:34.630498-07', 13, 'Huejutla de Reyes', '28'),
	(476, '2024-02-10 18:37:34.630498-07', 13, 'Huichapan', '29'),
	(477, '2024-02-10 18:37:34.630498-07', 13, 'Ixmiquilpan', '30'),
	(478, '2024-02-10 18:37:34.630498-07', 13, 'Jacala de Ledezma', '31'),
	(479, '2024-02-10 18:37:34.630498-07', 13, 'Jaltocn', '32'),
	(480, '2024-02-10 18:37:34.630498-07', 13, 'Jurez Hidalgo', '33'),
	(481, '2024-02-10 18:37:34.630498-07', 13, 'Lolotla', '34'),
	(482, '2024-02-10 18:37:34.630498-07', 13, 'Metepec', '35'),
	(483, '2024-02-10 18:37:34.630498-07', 13, 'San Agustn Metzquititln', '36'),
	(484, '2024-02-10 18:37:34.630498-07', 13, 'Metztitln', '37'),
	(485, '2024-02-10 18:37:34.630498-07', 13, 'Mineral del Chico', '38'),
	(486, '2024-02-10 18:37:34.630498-07', 13, 'Mineral del Monte', '39'),
	(487, '2024-02-10 18:37:34.630498-07', 13, 'La Misin', '40'),
	(488, '2024-02-10 18:37:34.630498-07', 13, 'Mixquiahuala de Jurez', '41'),
	(489, '2024-02-10 18:37:34.630498-07', 13, 'Molango de Escamilla', '42'),
	(490, '2024-02-10 18:37:34.630498-07', 13, 'Nicols Flores', '43'),
	(491, '2024-02-10 18:37:34.630498-07', 13, 'Nopala de Villagrn', '44'),
	(492, '2024-02-10 18:37:34.630498-07', 13, 'Omitln de Jurez', '45'),
	(493, '2024-02-10 18:37:34.630498-07', 13, 'San Felipe Orizatln', '46'),
	(494, '2024-02-10 18:37:34.630498-07', 13, 'Pacula', '47'),
	(495, '2024-02-10 18:37:34.630498-07', 13, 'Pachuca de Soto', '48'),
	(496, '2024-02-10 18:37:34.630498-07', 13, 'Pisaflores', '49'),
	(497, '2024-02-10 18:37:34.630498-07', 13, 'Progreso de Obregn', '50'),
	(498, '2024-02-10 18:37:34.630498-07', 13, 'Mineral de la Reforma', '51'),
	(499, '2024-02-10 18:37:34.630498-07', 13, 'San Agustn Tlaxiaca', '52'),
	(500, '2024-02-10 18:37:34.630498-07', 13, 'San Bartolo Tutotepec', '53'),
	(501, '2024-02-10 18:37:34.630498-07', 13, 'San Salvador', '54'),
	(502, '2024-02-10 18:37:34.630498-07', 13, 'Santiago de Anaya', '55'),
	(503, '2024-02-10 18:37:34.630498-07', 13, 'Santiago Tulantepec de Lugo Guerrero', '56'),
	(504, '2024-02-10 18:37:34.630498-07', 13, 'Singuilucan', '57'),
	(505, '2024-02-10 18:37:34.630498-07', 13, 'Tasquillo', '58'),
	(506, '2024-02-10 18:37:34.630498-07', 13, 'Tecozautla', '59'),
	(507, '2024-02-10 18:37:34.630498-07', 13, 'Tenango de Doria', '60'),
	(508, '2024-02-10 18:37:34.630498-07', 13, 'Tepeapulco', '61'),
	(509, '2024-02-10 18:37:34.630498-07', 13, 'Tepehuacn de Guerrero', '62'),
	(510, '2024-02-10 18:37:34.630498-07', 13, 'Tepeji del Ro de Ocampo', '63'),
	(511, '2024-02-10 18:37:34.630498-07', 13, 'Tepetitln', '64'),
	(512, '2024-02-10 18:37:34.630498-07', 13, 'Tetepango', '65'),
	(513, '2024-02-10 18:37:34.630498-07', 13, 'Villa de Tezontepec', '66'),
	(514, '2024-02-10 18:37:34.630498-07', 13, 'Tezontepec de Aldama', '67'),
	(515, '2024-02-10 18:37:34.630498-07', 13, 'Tianguistengo', '68'),
	(516, '2024-02-10 18:37:34.630498-07', 13, 'Tizayuca', '69'),
	(517, '2024-02-10 18:37:34.630498-07', 13, 'Tlahuelilpan', '70'),
	(518, '2024-02-10 18:37:34.630498-07', 13, 'Tlahuiltepa', '71'),
	(519, '2024-02-10 18:37:34.630498-07', 13, 'Tlanalapa', '72'),
	(520, '2024-02-10 18:37:34.630498-07', 13, 'Tlanchinol', '73'),
	(521, '2024-02-10 18:37:34.630498-07', 13, 'Tlaxcoapan', '74'),
	(522, '2024-02-10 18:37:34.630498-07', 13, 'Tolcayuca', '75'),
	(523, '2024-02-10 18:37:34.630498-07', 13, 'Tula de Allende', '76'),
	(524, '2024-02-10 18:37:34.630498-07', 13, 'Tulancingo de Bravo', '77'),
	(525, '2024-02-10 18:37:34.630498-07', 13, 'Xochiatipan', '78'),
	(526, '2024-02-10 18:37:34.630498-07', 13, 'Xochicoatln', '79'),
	(527, '2024-02-10 18:37:34.630498-07', 13, 'Yahualica', '80'),
	(528, '2024-02-10 18:37:34.630498-07', 13, 'Zacualtipn de ngeles', '81'),
	(529, '2024-02-10 18:37:34.630498-07', 13, 'Zapotln de Jurez', '82'),
	(530, '2024-02-10 18:37:34.630498-07', 13, 'Zempoala', '83'),
	(531, '2024-02-10 18:37:34.630498-07', 13, 'Zimapn', '84'),
	(532, '2024-02-10 18:37:34.630498-07', 14, 'Acatic', '1'),
	(533, '2024-02-10 18:37:34.630498-07', 14, 'Acatln de Jurez', '2'),
	(534, '2024-02-10 18:37:34.630498-07', 14, 'Ahualulco de Mercado', '3'),
	(535, '2024-02-10 18:37:34.630498-07', 14, 'Amacueca', '4'),
	(536, '2024-02-10 18:37:34.630498-07', 14, 'Amatitn', '5'),
	(537, '2024-02-10 18:37:34.630498-07', 14, 'Ameca', '6'),
	(538, '2024-02-10 18:37:34.630498-07', 14, 'San Juanito de Escobedo', '7'),
	(539, '2024-02-10 18:37:34.630498-07', 14, 'Arandas', '8'),
	(540, '2024-02-10 18:37:34.630498-07', 14, 'El Arenal', '9'),
	(541, '2024-02-10 18:37:34.630498-07', 14, 'Atemajac de Brizuela', '10'),
	(542, '2024-02-10 18:37:34.630498-07', 14, 'Atengo', '11'),
	(543, '2024-02-10 18:37:34.630498-07', 14, 'Atenguillo', '12'),
	(544, '2024-02-10 18:37:34.630498-07', 14, 'Atotonilco el Alto', '13'),
	(545, '2024-02-10 18:37:34.630498-07', 14, 'Atoyac', '14'),
	(546, '2024-02-10 18:37:34.630498-07', 14, 'Autln de Navarro', '15'),
	(547, '2024-02-10 18:37:34.630498-07', 14, 'Ayotln', '16'),
	(548, '2024-02-10 18:37:34.630498-07', 14, 'Ayutla', '17'),
	(549, '2024-02-10 18:37:34.630498-07', 14, 'La Barca', '18'),
	(550, '2024-02-10 18:37:34.630498-07', 14, 'Bolaos', '19'),
	(551, '2024-02-10 18:37:34.630498-07', 14, 'Cabo Corrientes', '20'),
	(552, '2024-02-10 18:37:34.630498-07', 14, 'Casimiro Castillo', '21'),
	(553, '2024-02-10 18:37:34.630498-07', 14, 'Cihuatln', '22'),
	(554, '2024-02-10 18:37:34.630498-07', 14, 'Zapotln el Grande', '23'),
	(555, '2024-02-10 18:37:34.630498-07', 14, 'Cocula', '24'),
	(556, '2024-02-10 18:37:34.630498-07', 14, 'Colotln', '25'),
	(557, '2024-02-10 18:37:34.630498-07', 14, 'Concepcin de Buenos Aires', '26'),
	(558, '2024-02-10 18:37:34.630498-07', 14, 'Cuautitln de Garca Barragn', '27'),
	(559, '2024-02-10 18:37:34.630498-07', 14, 'Cuautla', '28'),
	(560, '2024-02-10 18:37:34.630498-07', 14, 'Cuquo', '29'),
	(561, '2024-02-10 18:37:34.630498-07', 14, 'Chapala', '30'),
	(562, '2024-02-10 18:37:34.630498-07', 14, 'Chimaltitn', '31'),
	(563, '2024-02-10 18:37:34.630498-07', 14, 'Chiquilistln', '32'),
	(564, '2024-02-10 18:37:34.630498-07', 14, 'Degollado', '33'),
	(565, '2024-02-10 18:37:34.630498-07', 14, 'Ejutla', '34'),
	(566, '2024-02-10 18:37:34.630498-07', 14, 'Encarnacin de Daz', '35'),
	(567, '2024-02-10 18:37:34.630498-07', 14, 'Etzatln', '36'),
	(568, '2024-02-10 18:37:34.630498-07', 14, 'El Grullo', '37'),
	(569, '2024-02-10 18:37:34.630498-07', 14, 'Guachinango', '38'),
	(570, '2024-02-10 18:37:34.630498-07', 14, 'Guadalajara', '39'),
	(571, '2024-02-10 18:37:34.630498-07', 14, 'Hostotipaquillo', '40'),
	(572, '2024-02-10 18:37:34.630498-07', 14, 'Huejcar', '41'),
	(573, '2024-02-10 18:37:34.630498-07', 14, 'Huejuquilla el Alto', '42'),
	(574, '2024-02-10 18:37:34.630498-07', 14, 'La Huerta', '43'),
	(575, '2024-02-10 18:37:34.630498-07', 14, 'Ixtlahuacn de los Membrillos', '44'),
	(576, '2024-02-10 18:37:34.630498-07', 14, 'Ixtlahuacn del Ro', '45'),
	(577, '2024-02-10 18:37:34.630498-07', 14, 'Jalostotitln', '46'),
	(578, '2024-02-10 18:37:34.630498-07', 14, 'Jamay', '47'),
	(579, '2024-02-10 18:37:34.630498-07', 14, 'Jess Mara', '48'),
	(580, '2024-02-10 18:37:34.630498-07', 14, 'Jilotln de los Dolores', '49'),
	(581, '2024-02-10 18:37:34.630498-07', 14, 'Jocotepec', '50'),
	(582, '2024-02-10 18:37:34.630498-07', 14, 'Juanacatln', '51'),
	(583, '2024-02-10 18:37:34.630498-07', 14, 'Juchitln', '52'),
	(584, '2024-02-10 18:37:34.630498-07', 14, 'Lagos de Moreno', '53'),
	(585, '2024-02-10 18:37:34.630498-07', 14, 'El Limn', '54'),
	(586, '2024-02-10 18:37:34.630498-07', 14, 'Magdalena', '55'),
	(587, '2024-02-10 18:37:34.630498-07', 14, 'Santa Mara del Oro', '56'),
	(588, '2024-02-10 18:37:34.630498-07', 14, 'La Manzanilla de la Paz', '57'),
	(589, '2024-02-10 18:37:34.630498-07', 14, 'Mascota', '58'),
	(590, '2024-02-10 18:37:34.630498-07', 14, 'Mazamitla', '59'),
	(591, '2024-02-10 18:37:34.630498-07', 14, 'Mexticacn', '60'),
	(592, '2024-02-10 18:37:34.630498-07', 14, 'Mezquitic', '61'),
	(593, '2024-02-10 18:37:34.630498-07', 14, 'Mixtln', '62'),
	(594, '2024-02-10 18:37:34.630498-07', 14, 'Ocotln', '63'),
	(595, '2024-02-10 18:37:34.630498-07', 14, 'Ojuelos de Jalisco', '64'),
	(596, '2024-02-10 18:37:34.630498-07', 14, 'Pihuamo', '65'),
	(597, '2024-02-10 18:37:34.630498-07', 14, 'Poncitln', '66'),
	(598, '2024-02-10 18:37:34.630498-07', 14, 'Puerto Vallarta', '67'),
	(599, '2024-02-10 18:37:34.630498-07', 14, 'Villa Purificacin', '68'),
	(600, '2024-02-10 18:37:34.630498-07', 14, 'Quitupan', '69'),
	(601, '2024-02-10 18:37:34.630498-07', 14, 'El Salto', '70'),
	(602, '2024-02-10 18:37:34.630498-07', 14, 'San Cristbal de la Barranca', '71'),
	(603, '2024-02-10 18:37:34.630498-07', 14, 'San Diego de Alejandra', '72'),
	(604, '2024-02-10 18:37:34.630498-07', 14, 'San Juan de los Lagos', '73'),
	(605, '2024-02-10 18:37:34.630498-07', 14, 'San Julin', '74'),
	(606, '2024-02-10 18:37:34.630498-07', 14, 'San Marcos', '75'),
	(607, '2024-02-10 18:37:34.630498-07', 14, 'San Martn de Bolaos', '76'),
	(608, '2024-02-10 18:37:34.630498-07', 14, 'San Martn Hidalgo', '77'),
	(609, '2024-02-10 18:37:34.630498-07', 14, 'San Miguel el Alto', '78'),
	(610, '2024-02-10 18:37:34.630498-07', 14, 'Gmez Faras', '79'),
	(611, '2024-02-10 18:37:34.630498-07', 14, 'San Sebastin del Oeste', '80'),
	(612, '2024-02-10 18:37:34.630498-07', 14, 'Santa Mara de los ngeles', '81'),
	(613, '2024-02-10 18:37:34.630498-07', 14, 'Sayula', '82'),
	(614, '2024-02-10 18:37:34.630498-07', 14, 'Tala', '83'),
	(615, '2024-02-10 18:37:34.630498-07', 14, 'Talpa de Allende', '84'),
	(616, '2024-02-10 18:37:34.630498-07', 14, 'Tamazula de Gordiano', '85'),
	(617, '2024-02-10 18:37:34.630498-07', 14, 'Tapalpa', '86'),
	(618, '2024-02-10 18:37:34.630498-07', 14, 'Tecalitln', '87'),
	(619, '2024-02-10 18:37:34.630498-07', 14, 'Tecolotln', '88'),
	(620, '2024-02-10 18:37:34.630498-07', 14, 'Techaluta de Montenegro', '89'),
	(621, '2024-02-10 18:37:34.630498-07', 14, 'Tenamaxtln', '90'),
	(622, '2024-02-10 18:37:34.630498-07', 14, 'Teocaltiche', '91'),
	(623, '2024-02-10 18:37:34.630498-07', 14, 'Teocuitatln de Corona', '92'),
	(624, '2024-02-10 18:37:34.630498-07', 14, 'Tepatitln de Morelos', '93'),
	(625, '2024-02-10 18:37:34.630498-07', 14, 'Tequila', '94'),
	(626, '2024-02-10 18:37:34.630498-07', 14, 'Teuchitln', '95'),
	(627, '2024-02-10 18:37:34.630498-07', 14, 'Tizapn el Alto', '96'),
	(628, '2024-02-10 18:37:34.630498-07', 14, 'Tlajomulco de Ziga', '97'),
	(629, '2024-02-10 18:37:34.630498-07', 14, 'San Pedro Tlaquepaque', '98'),
	(630, '2024-02-10 18:37:34.630498-07', 14, 'Tolimn', '99'),
	(631, '2024-02-10 18:37:34.630498-07', 14, 'Tomatln', '100'),
	(632, '2024-02-10 18:37:34.630498-07', 14, 'Tonal', '101'),
	(633, '2024-02-10 18:37:34.630498-07', 14, 'Tonaya', '102'),
	(634, '2024-02-10 18:37:34.630498-07', 14, 'Tonila', '103'),
	(635, '2024-02-10 18:37:34.630498-07', 14, 'Totatiche', '104'),
	(636, '2024-02-10 18:37:34.630498-07', 14, 'Tototln', '105'),
	(637, '2024-02-10 18:37:34.630498-07', 14, 'Tuxcacuesco', '106'),
	(638, '2024-02-10 18:37:34.630498-07', 14, 'Tuxcueca', '107'),
	(639, '2024-02-10 18:37:34.630498-07', 14, 'Tuxpan', '108'),
	(640, '2024-02-10 18:37:34.630498-07', 14, 'Unin de San Antonio', '109'),
	(641, '2024-02-10 18:37:34.630498-07', 14, 'Unin de Tula', '110'),
	(642, '2024-02-10 18:37:34.630498-07', 14, 'Valle de Guadalupe', '111'),
	(643, '2024-02-10 18:37:34.630498-07', 14, 'Valle de Jurez', '112'),
	(644, '2024-02-10 18:37:34.630498-07', 14, 'San Gabriel', '113'),
	(645, '2024-02-10 18:37:34.630498-07', 14, 'Villa Corona', '114'),
	(646, '2024-02-10 18:37:34.630498-07', 14, 'Villa Guerrero', '115'),
	(647, '2024-02-10 18:37:34.630498-07', 14, 'Villa Hidalgo', '116'),
	(648, '2024-02-10 18:37:34.630498-07', 14, 'Caadas de Obregn', '117'),
	(649, '2024-02-10 18:37:34.630498-07', 14, 'Yahualica de Gonzlez Gallo', '118'),
	(650, '2024-02-10 18:37:34.630498-07', 14, 'Zacoalco de Torres', '119'),
	(651, '2024-02-10 18:37:34.630498-07', 14, 'Zapopan', '120'),
	(652, '2024-02-10 18:37:34.630498-07', 14, 'Zapotiltic', '121'),
	(653, '2024-02-10 18:37:34.630498-07', 14, 'Zapotitln de Vadillo', '122'),
	(654, '2024-02-10 18:37:34.630498-07', 14, 'Zapotln del Rey', '123'),
	(655, '2024-02-10 18:37:34.630498-07', 14, 'Zapotlanejo', '124'),
	(656, '2024-02-10 18:37:34.630498-07', 14, 'San Ignacio Cerro Gordo', '125'),
	(657, '2024-02-10 18:37:34.630498-07', 15, 'Acambay de Ruz Castaeda', '1'),
	(658, '2024-02-10 18:37:34.630498-07', 15, 'Acolman', '2'),
	(659, '2024-02-10 18:37:34.630498-07', 15, 'Aculco', '3'),
	(660, '2024-02-10 18:37:34.630498-07', 15, 'Almoloya de Alquisiras', '4'),
	(661, '2024-02-10 18:37:34.630498-07', 15, 'Almoloya de Jurez', '5'),
	(662, '2024-02-10 18:37:34.630498-07', 15, 'Almoloya del Ro', '6'),
	(663, '2024-02-10 18:37:34.630498-07', 15, 'Amanalco', '7'),
	(664, '2024-02-10 18:37:34.630498-07', 15, 'Amatepec', '8'),
	(665, '2024-02-10 18:37:34.630498-07', 15, 'Amecameca', '9'),
	(666, '2024-02-10 18:37:34.630498-07', 15, 'Apaxco', '10'),
	(667, '2024-02-10 18:37:34.630498-07', 15, 'Atenco', '11'),
	(668, '2024-02-10 18:37:34.630498-07', 15, 'Atizapn', '12'),
	(669, '2024-02-10 18:37:34.630498-07', 15, 'Atizapn de Zaragoza', '13'),
	(670, '2024-02-10 18:37:34.630498-07', 15, 'Atlacomulco', '14'),
	(671, '2024-02-10 18:37:34.630498-07', 15, 'Atlautla', '15'),
	(672, '2024-02-10 18:37:34.630498-07', 15, 'Axapusco', '16'),
	(673, '2024-02-10 18:37:34.630498-07', 15, 'Ayapango', '17'),
	(674, '2024-02-10 18:37:34.630498-07', 15, 'Calimaya', '18'),
	(675, '2024-02-10 18:37:34.630498-07', 15, 'Capulhuac', '19'),
	(676, '2024-02-10 18:37:34.630498-07', 15, 'Coacalco de Berriozbal', '20'),
	(677, '2024-02-10 18:37:34.630498-07', 15, 'Coatepec Harinas', '21'),
	(678, '2024-02-10 18:37:34.630498-07', 15, 'Cocotitln', '22'),
	(679, '2024-02-10 18:37:34.630498-07', 15, 'Coyotepec', '23'),
	(680, '2024-02-10 18:37:34.630498-07', 15, 'Cuautitln', '24'),
	(681, '2024-02-10 18:37:34.630498-07', 15, 'Chalco', '25'),
	(682, '2024-02-10 18:37:34.630498-07', 15, 'Chapa de Mota', '26'),
	(683, '2024-02-10 18:37:34.630498-07', 15, 'Chapultepec', '27'),
	(684, '2024-02-10 18:37:34.630498-07', 15, 'Chiautla', '28'),
	(685, '2024-02-10 18:37:34.630498-07', 15, 'Chicoloapan', '29'),
	(686, '2024-02-10 18:37:34.630498-07', 15, 'Chiconcuac', '30'),
	(687, '2024-02-10 18:37:34.630498-07', 15, 'Chimalhuacn', '31'),
	(688, '2024-02-10 18:37:34.630498-07', 15, 'Donato Guerra', '32'),
	(689, '2024-02-10 18:37:34.630498-07', 15, 'Ecatepec de Morelos', '33'),
	(690, '2024-02-10 18:37:34.630498-07', 15, 'Ecatzingo', '34'),
	(691, '2024-02-10 18:37:34.630498-07', 15, 'Huehuetoca', '35'),
	(692, '2024-02-10 18:37:34.630498-07', 15, 'Hueypoxtla', '36'),
	(693, '2024-02-10 18:37:34.630498-07', 15, 'Huixquilucan', '37'),
	(694, '2024-02-10 18:37:34.630498-07', 15, 'Isidro Fabela', '38'),
	(695, '2024-02-10 18:37:34.630498-07', 15, 'Ixtapaluca', '39'),
	(696, '2024-02-10 18:37:34.630498-07', 15, 'Ixtapan de la Sal', '40'),
	(697, '2024-02-10 18:37:34.630498-07', 15, 'Ixtapan del Oro', '41'),
	(698, '2024-02-10 18:37:34.630498-07', 15, 'Ixtlahuaca', '42'),
	(699, '2024-02-10 18:37:34.630498-07', 15, 'Xalatlaco', '43'),
	(700, '2024-02-10 18:37:34.630498-07', 15, 'Jaltenco', '44'),
	(701, '2024-02-10 18:37:34.630498-07', 15, 'Jilotepec', '45'),
	(702, '2024-02-10 18:37:34.630498-07', 15, 'Jilotzingo', '46'),
	(703, '2024-02-10 18:37:34.630498-07', 15, 'Jiquipilco', '47'),
	(704, '2024-02-10 18:37:34.630498-07', 15, 'Jocotitln', '48'),
	(705, '2024-02-10 18:37:34.630498-07', 15, 'Joquicingo', '49'),
	(706, '2024-02-10 18:37:34.630498-07', 15, 'Juchitepec', '50'),
	(707, '2024-02-10 18:37:34.630498-07', 15, 'Lerma', '51'),
	(708, '2024-02-10 18:37:34.630498-07', 15, 'Malinalco', '52'),
	(709, '2024-02-10 18:37:34.630498-07', 15, 'Melchor Ocampo', '53'),
	(710, '2024-02-10 18:37:34.630498-07', 15, 'Metepec', '54'),
	(711, '2024-02-10 18:37:34.630498-07', 15, 'Mexicaltzingo', '55'),
	(712, '2024-02-10 18:37:34.630498-07', 15, 'Morelos', '56'),
	(713, '2024-02-10 18:37:34.630498-07', 15, 'Naucalpan de Jurez', '57'),
	(714, '2024-02-10 18:37:34.630498-07', 15, 'Nezahualcyotl', '58'),
	(715, '2024-02-10 18:37:34.630498-07', 15, 'Nextlalpan', '59'),
	(716, '2024-02-10 18:37:34.630498-07', 15, 'Nicols Romero', '60'),
	(717, '2024-02-10 18:37:34.630498-07', 15, 'Nopaltepec', '61'),
	(718, '2024-02-10 18:37:34.630498-07', 15, 'Ocoyoacac', '62'),
	(719, '2024-02-10 18:37:34.630498-07', 15, 'Ocuilan', '63'),
	(720, '2024-02-10 18:37:34.630498-07', 15, 'El Oro', '64'),
	(721, '2024-02-10 18:37:34.630498-07', 15, 'Otumba', '65'),
	(722, '2024-02-10 18:37:34.630498-07', 15, 'Otzoloapan', '66'),
	(723, '2024-02-10 18:37:34.630498-07', 15, 'Otzolotepec', '67'),
	(724, '2024-02-10 18:37:34.630498-07', 15, 'Ozumba', '68'),
	(725, '2024-02-10 18:37:34.630498-07', 15, 'Papalotla', '69'),
	(726, '2024-02-10 18:37:34.630498-07', 15, 'La Paz', '70'),
	(727, '2024-02-10 18:37:34.630498-07', 15, 'Polotitln', '71'),
	(728, '2024-02-10 18:37:34.630498-07', 15, 'Rayn', '72'),
	(729, '2024-02-10 18:37:34.630498-07', 15, 'San Antonio la Isla', '73'),
	(730, '2024-02-10 18:37:34.630498-07', 15, 'San Felipe del Progreso', '74'),
	(731, '2024-02-10 18:37:34.630498-07', 15, 'San Martn de las Pirmides', '75'),
	(732, '2024-02-10 18:37:34.630498-07', 15, 'San Mateo Atenco', '76'),
	(733, '2024-02-10 18:37:34.630498-07', 15, 'San Simn de Guerrero', '77'),
	(734, '2024-02-10 18:37:34.630498-07', 15, 'Santo Toms', '78'),
	(735, '2024-02-10 18:37:34.630498-07', 15, 'Soyaniquilpan de Jurez', '79'),
	(736, '2024-02-10 18:37:34.630498-07', 15, 'Sultepec', '80'),
	(737, '2024-02-10 18:37:34.630498-07', 15, 'Tecmac', '81'),
	(738, '2024-02-10 18:37:34.630498-07', 15, 'Tejupilco', '82'),
	(739, '2024-02-10 18:37:34.630498-07', 15, 'Temamatla', '83'),
	(740, '2024-02-10 18:37:34.630498-07', 15, 'Temascalapa', '84'),
	(741, '2024-02-10 18:37:34.630498-07', 15, 'Temascalcingo', '85'),
	(742, '2024-02-10 18:37:34.630498-07', 15, 'Temascaltepec', '86'),
	(743, '2024-02-10 18:37:34.630498-07', 15, 'Temoaya', '87'),
	(744, '2024-02-10 18:37:34.630498-07', 15, 'Tenancingo', '88'),
	(745, '2024-02-10 18:37:34.630498-07', 15, 'Tenango del Aire', '89'),
	(746, '2024-02-10 18:37:34.630498-07', 15, 'Tenango del Valle', '90'),
	(747, '2024-02-10 18:37:34.630498-07', 15, 'Teoloyucan', '91'),
	(748, '2024-02-10 18:37:34.630498-07', 15, 'Teotihuacn', '92'),
	(749, '2024-02-10 18:37:34.630498-07', 15, 'Tepetlaoxtoc', '93'),
	(750, '2024-02-10 18:37:34.630498-07', 15, 'Tepetlixpa', '94'),
	(751, '2024-02-10 18:37:34.630498-07', 15, 'Tepotzotln', '95'),
	(752, '2024-02-10 18:37:34.630498-07', 15, 'Tequixquiac', '96'),
	(753, '2024-02-10 18:37:34.630498-07', 15, 'Texcaltitln', '97'),
	(754, '2024-02-10 18:37:34.630498-07', 15, 'Texcalyacac', '98'),
	(755, '2024-02-10 18:37:34.630498-07', 15, 'Texcoco', '99'),
	(756, '2024-02-10 18:37:34.630498-07', 15, 'Tezoyuca', '100'),
	(757, '2024-02-10 18:37:34.630498-07', 15, 'Tianguistenco', '101'),
	(758, '2024-02-10 18:37:34.630498-07', 15, 'Timilpan', '102'),
	(759, '2024-02-10 18:37:34.630498-07', 15, 'Tlalmanalco', '103'),
	(760, '2024-02-10 18:37:34.630498-07', 15, 'Tlalnepantla de Baz', '104'),
	(761, '2024-02-10 18:37:34.630498-07', 15, 'Tlatlaya', '105'),
	(762, '2024-02-10 18:37:34.630498-07', 15, 'Toluca', '106'),
	(763, '2024-02-10 18:37:34.630498-07', 15, 'Tonatico', '107'),
	(764, '2024-02-10 18:37:34.630498-07', 15, 'Tultepec', '108'),
	(765, '2024-02-10 18:37:34.630498-07', 15, 'Tultitln', '109'),
	(766, '2024-02-10 18:37:34.630498-07', 15, 'Valle de Bravo', '110'),
	(767, '2024-02-10 18:37:34.630498-07', 15, 'Villa de Allende', '111'),
	(768, '2024-02-10 18:37:34.630498-07', 15, 'Villa del Carbn', '112'),
	(769, '2024-02-10 18:37:34.630498-07', 15, 'Villa Guerrero', '113'),
	(770, '2024-02-10 18:37:34.630498-07', 15, 'Villa Victoria', '114'),
	(771, '2024-02-10 18:37:34.630498-07', 15, 'Xonacatln', '115'),
	(772, '2024-02-10 18:37:34.630498-07', 15, 'Zacazonapan', '116'),
	(773, '2024-02-10 18:37:34.630498-07', 15, 'Zacualpan', '117'),
	(774, '2024-02-10 18:37:34.630498-07', 15, 'Zinacantepec', '118'),
	(775, '2024-02-10 18:37:34.630498-07', 15, 'Zumpahuacn', '119'),
	(776, '2024-02-10 18:37:34.630498-07', 15, 'Zumpango', '120'),
	(777, '2024-02-10 18:37:34.630498-07', 15, 'Cuautitln Izcalli', '121'),
	(778, '2024-02-10 18:37:34.630498-07', 15, 'Valle de Chalco Solidaridad', '122'),
	(779, '2024-02-10 18:37:34.630498-07', 15, 'Luvianos', '123'),
	(780, '2024-02-10 18:37:34.630498-07', 15, 'San Jos del Rincn', '124'),
	(781, '2024-02-10 18:37:34.630498-07', 15, 'Tonanitla', '125'),
	(782, '2024-02-10 18:37:34.630498-07', 16, 'Acuitzio', '1'),
	(783, '2024-02-10 18:37:34.630498-07', 16, 'Aguililla', '2'),
	(784, '2024-02-10 18:37:34.630498-07', 16, 'lvaro Obregn', '3'),
	(785, '2024-02-10 18:37:34.630498-07', 16, 'Angamacutiro', '4'),
	(786, '2024-02-10 18:37:34.630498-07', 16, 'Angangueo', '5'),
	(787, '2024-02-10 18:37:34.630498-07', 16, 'Apatzingn', '6'),
	(788, '2024-02-10 18:37:34.630498-07', 16, 'Aporo', '7'),
	(789, '2024-02-10 18:37:34.630498-07', 16, 'Aquila', '8'),
	(790, '2024-02-10 18:37:34.630498-07', 16, 'Ario', '9'),
	(791, '2024-02-10 18:37:34.630498-07', 16, 'Arteaga', '10'),
	(792, '2024-02-10 18:37:34.630498-07', 16, 'Briseas', '11'),
	(793, '2024-02-10 18:37:34.630498-07', 16, 'Buenavista', '12'),
	(794, '2024-02-10 18:37:34.630498-07', 16, 'Carcuaro', '13'),
	(795, '2024-02-10 18:37:34.630498-07', 16, 'Coahuayana', '14'),
	(796, '2024-02-10 18:37:34.630498-07', 16, 'Coalcomn de Vzquez Pallares', '15'),
	(797, '2024-02-10 18:37:34.630498-07', 16, 'Coeneo', '16'),
	(798, '2024-02-10 18:37:34.630498-07', 16, 'Contepec', '17'),
	(799, '2024-02-10 18:37:34.630498-07', 16, 'Copndaro', '18'),
	(800, '2024-02-10 18:37:34.630498-07', 16, 'Cotija', '19'),
	(801, '2024-02-10 18:37:34.630498-07', 16, 'Cuitzeo', '20'),
	(802, '2024-02-10 18:37:34.630498-07', 16, 'Charapan', '21'),
	(803, '2024-02-10 18:37:34.630498-07', 16, 'Charo', '22'),
	(804, '2024-02-10 18:37:34.630498-07', 16, 'Chavinda', '23'),
	(805, '2024-02-10 18:37:34.630498-07', 16, 'Chern', '24'),
	(806, '2024-02-10 18:37:34.630498-07', 16, 'Chilchota', '25'),
	(807, '2024-02-10 18:37:34.630498-07', 16, 'Chinicuila', '26'),
	(808, '2024-02-10 18:37:34.630498-07', 16, 'Chucndiro', '27'),
	(809, '2024-02-10 18:37:34.630498-07', 16, 'Churintzio', '28'),
	(810, '2024-02-10 18:37:34.630498-07', 16, 'Churumuco', '29'),
	(811, '2024-02-10 18:37:34.630498-07', 16, 'Ecuandureo', '30'),
	(812, '2024-02-10 18:37:34.630498-07', 16, 'Epitacio Huerta', '31'),
	(813, '2024-02-10 18:37:34.630498-07', 16, 'Erongarcuaro', '32'),
	(814, '2024-02-10 18:37:34.630498-07', 16, 'Gabriel Zamora', '33'),
	(815, '2024-02-10 18:37:34.630498-07', 16, 'Hidalgo', '34'),
	(816, '2024-02-10 18:37:34.630498-07', 16, 'La Huacana', '35'),
	(817, '2024-02-10 18:37:34.630498-07', 16, 'Huandacareo', '36'),
	(818, '2024-02-10 18:37:34.630498-07', 16, 'Huaniqueo', '37'),
	(819, '2024-02-10 18:37:34.630498-07', 16, 'Huetamo', '38'),
	(820, '2024-02-10 18:37:34.630498-07', 16, 'Huiramba', '39'),
	(821, '2024-02-10 18:37:34.630498-07', 16, 'Indaparapeo', '40'),
	(822, '2024-02-10 18:37:34.630498-07', 16, 'Irimbo', '41'),
	(823, '2024-02-10 18:37:34.630498-07', 16, 'Ixtln', '42'),
	(824, '2024-02-10 18:37:34.630498-07', 16, 'Jacona', '43'),
	(825, '2024-02-10 18:37:34.630498-07', 16, 'Jimnez', '44'),
	(826, '2024-02-10 18:37:34.630498-07', 16, 'Jiquilpan', '45'),
	(827, '2024-02-10 18:37:34.630498-07', 16, 'Jurez', '46'),
	(828, '2024-02-10 18:37:34.630498-07', 16, 'Jungapeo', '47'),
	(829, '2024-02-10 18:37:34.630498-07', 16, 'Lagunillas', '48'),
	(830, '2024-02-10 18:37:34.630498-07', 16, 'Madero', '49'),
	(831, '2024-02-10 18:37:34.630498-07', 16, 'Maravato', '50'),
	(832, '2024-02-10 18:37:34.630498-07', 16, 'Marcos Castellanos', '51'),
	(833, '2024-02-10 18:37:34.630498-07', 16, 'Lzaro Crdenas', '52'),
	(834, '2024-02-10 18:37:34.630498-07', 16, 'Morelia', '53'),
	(835, '2024-02-10 18:37:34.630498-07', 16, 'Morelos', '54'),
	(836, '2024-02-10 18:37:34.630498-07', 16, 'Mgica', '55'),
	(837, '2024-02-10 18:37:34.630498-07', 16, 'Nahuatzen', '56'),
	(838, '2024-02-10 18:37:34.630498-07', 16, 'Nocuptaro', '57'),
	(839, '2024-02-10 18:37:34.630498-07', 16, 'Nuevo Parangaricutiro', '58'),
	(840, '2024-02-10 18:37:34.630498-07', 16, 'Nuevo Urecho', '59'),
	(841, '2024-02-10 18:37:34.630498-07', 16, 'Numarn', '60'),
	(842, '2024-02-10 18:37:34.630498-07', 16, 'Ocampo', '61'),
	(843, '2024-02-10 18:37:34.630498-07', 16, 'Pajacuarn', '62'),
	(844, '2024-02-10 18:37:34.630498-07', 16, 'Panindcuaro', '63'),
	(845, '2024-02-10 18:37:34.630498-07', 16, 'Parcuaro', '64'),
	(846, '2024-02-10 18:37:34.630498-07', 16, 'Paracho', '65'),
	(847, '2024-02-10 18:37:34.630498-07', 16, 'Ptzcuaro', '66'),
	(848, '2024-02-10 18:37:34.630498-07', 16, 'Penjamillo', '67'),
	(849, '2024-02-10 18:37:34.630498-07', 16, 'Peribn', '68'),
	(850, '2024-02-10 18:37:34.630498-07', 16, 'La Piedad', '69'),
	(851, '2024-02-10 18:37:34.630498-07', 16, 'Purpero', '70'),
	(852, '2024-02-10 18:37:34.630498-07', 16, 'Purundiro', '71'),
	(853, '2024-02-10 18:37:34.630498-07', 16, 'Querndaro', '72'),
	(854, '2024-02-10 18:37:34.630498-07', 16, 'Quiroga', '73'),
	(855, '2024-02-10 18:37:34.630498-07', 16, 'Cojumatln de Rgules', '74'),
	(856, '2024-02-10 18:37:34.630498-07', 16, 'Los Reyes', '75'),
	(857, '2024-02-10 18:37:34.630498-07', 16, 'Sahuayo', '76'),
	(858, '2024-02-10 18:37:34.630498-07', 16, 'San Lucas', '77'),
	(859, '2024-02-10 18:37:34.630498-07', 16, 'Santa Ana Maya', '78'),
	(860, '2024-02-10 18:37:34.630498-07', 16, 'Salvador Escalante', '79'),
	(861, '2024-02-10 18:37:34.630498-07', 16, 'Senguio', '80'),
	(862, '2024-02-10 18:37:34.630498-07', 16, 'Susupuato', '81'),
	(863, '2024-02-10 18:37:34.630498-07', 16, 'Tacmbaro', '82'),
	(864, '2024-02-10 18:37:34.630498-07', 16, 'Tanctaro', '83'),
	(865, '2024-02-10 18:37:34.630498-07', 16, 'Tangamandapio', '84'),
	(866, '2024-02-10 18:37:34.630498-07', 16, 'Tanganccuaro', '85'),
	(867, '2024-02-10 18:37:34.630498-07', 16, 'Tanhuato', '86'),
	(868, '2024-02-10 18:37:34.630498-07', 16, 'Taretan', '87'),
	(869, '2024-02-10 18:37:34.630498-07', 16, 'Tarmbaro', '88'),
	(870, '2024-02-10 18:37:34.630498-07', 16, 'Tepalcatepec', '89'),
	(871, '2024-02-10 18:37:34.630498-07', 16, 'Tingambato', '90'),
	(872, '2024-02-10 18:37:34.630498-07', 16, 'Tingindn', '91'),
	(873, '2024-02-10 18:37:34.630498-07', 16, 'Tiquicheo de Nicols Romero', '92'),
	(874, '2024-02-10 18:37:34.630498-07', 16, 'Tlalpujahua', '93'),
	(875, '2024-02-10 18:37:34.630498-07', 16, 'Tlazazalca', '94'),
	(876, '2024-02-10 18:37:34.630498-07', 16, 'Tocumbo', '95'),
	(877, '2024-02-10 18:37:34.630498-07', 16, 'Tumbiscato', '96'),
	(878, '2024-02-10 18:37:34.630498-07', 16, 'Turicato', '97'),
	(879, '2024-02-10 18:37:34.630498-07', 16, 'Tuxpan', '98'),
	(880, '2024-02-10 18:37:34.630498-07', 16, 'Tuzantla', '99'),
	(881, '2024-02-10 18:37:34.630498-07', 16, 'Tzintzuntzan', '100'),
	(882, '2024-02-10 18:37:34.630498-07', 16, 'Tzitzio', '101'),
	(883, '2024-02-10 18:37:34.630498-07', 16, 'Uruapan', '102'),
	(884, '2024-02-10 18:37:34.630498-07', 16, 'Venustiano Carranza', '103'),
	(885, '2024-02-10 18:37:34.630498-07', 16, 'Villamar', '104'),
	(886, '2024-02-10 18:37:34.630498-07', 16, 'Vista Hermosa', '105'),
	(887, '2024-02-10 18:37:34.630498-07', 16, 'Yurcuaro', '106'),
	(888, '2024-02-10 18:37:34.630498-07', 16, 'Zacapu', '107'),
	(889, '2024-02-10 18:37:34.630498-07', 16, 'Zamora', '108'),
	(890, '2024-02-10 18:37:34.630498-07', 16, 'Zinparo', '109'),
	(891, '2024-02-10 18:37:34.630498-07', 16, 'Zinapcuaro', '110'),
	(892, '2024-02-10 18:37:34.630498-07', 16, 'Ziracuaretiro', '111'),
	(893, '2024-02-10 18:37:34.630498-07', 16, 'Zitcuaro', '112'),
	(894, '2024-02-10 18:37:34.630498-07', 16, 'Jos Sixto Verduzco', '113'),
	(895, '2024-02-10 18:37:34.630498-07', 17, 'Amacuzac', '1'),
	(896, '2024-02-10 18:37:34.630498-07', 17, 'Atlatlahucan', '2'),
	(897, '2024-02-10 18:37:34.630498-07', 17, 'Axochiapan', '3'),
	(898, '2024-02-10 18:37:34.630498-07', 17, 'Ayala', '4'),
	(899, '2024-02-10 18:37:34.630498-07', 17, 'Coatln del Ro', '5'),
	(900, '2024-02-10 18:37:34.630498-07', 17, 'Cuautla', '6'),
	(901, '2024-02-10 18:37:34.630498-07', 17, 'Cuernavaca', '7'),
	(902, '2024-02-10 18:37:34.630498-07', 17, 'Emiliano Zapata', '8'),
	(903, '2024-02-10 18:37:34.630498-07', 17, 'Huitzilac', '9'),
	(904, '2024-02-10 18:37:34.630498-07', 17, 'Jantetelco', '10'),
	(905, '2024-02-10 18:37:34.630498-07', 17, 'Jiutepec', '11'),
	(906, '2024-02-10 18:37:34.630498-07', 17, 'Jojutla', '12'),
	(907, '2024-02-10 18:37:34.630498-07', 17, 'Jonacatepec', '13'),
	(908, '2024-02-10 18:37:34.630498-07', 17, 'Mazatepec', '14'),
	(909, '2024-02-10 18:37:34.630498-07', 17, 'Miacatln', '15'),
	(910, '2024-02-10 18:37:34.630498-07', 17, 'Ocuituco', '16'),
	(911, '2024-02-10 18:37:34.630498-07', 17, 'Puente de Ixtla', '17'),
	(912, '2024-02-10 18:37:34.630498-07', 17, 'Temixco', '18'),
	(913, '2024-02-10 18:37:34.630498-07', 17, 'Tepalcingo', '19'),
	(914, '2024-02-10 18:37:34.630498-07', 17, 'Tepoztln', '20'),
	(915, '2024-02-10 18:37:34.630498-07', 17, 'Tetecala', '21'),
	(916, '2024-02-10 18:37:34.630498-07', 17, 'Tetela del Volcn', '22'),
	(917, '2024-02-10 18:37:34.630498-07', 17, 'Tlalnepantla', '23'),
	(918, '2024-02-10 18:37:34.630498-07', 17, 'Tlaltizapn de Zapata', '24'),
	(919, '2024-02-10 18:37:34.630498-07', 17, 'Tlaquiltenango', '25'),
	(920, '2024-02-10 18:37:34.630498-07', 17, 'Tlayacapan', '26'),
	(921, '2024-02-10 18:37:34.630498-07', 17, 'Totolapan', '27'),
	(922, '2024-02-10 18:37:34.630498-07', 17, 'Xochitepec', '28'),
	(923, '2024-02-10 18:37:34.630498-07', 17, 'Yautepec', '29'),
	(924, '2024-02-10 18:37:34.630498-07', 17, 'Yecapixtla', '30'),
	(925, '2024-02-10 18:37:34.630498-07', 17, 'Zacatepec', '31'),
	(926, '2024-02-10 18:37:34.630498-07', 17, 'Zacualpan de Amilpas', '32'),
	(927, '2024-02-10 18:37:34.630498-07', 17, 'Temoac', '33'),
	(928, '2024-02-10 18:37:34.630498-07', 18, 'Acaponeta', '1'),
	(929, '2024-02-10 18:37:34.630498-07', 18, 'Ahuacatln', '2'),
	(930, '2024-02-10 18:37:34.630498-07', 18, 'Amatln de Caas', '3'),
	(931, '2024-02-10 18:37:34.630498-07', 18, 'Compostela', '4'),
	(932, '2024-02-10 18:37:34.630498-07', 18, 'Huajicori', '5'),
	(933, '2024-02-10 18:37:34.630498-07', 18, 'Ixtln del Ro', '6'),
	(934, '2024-02-10 18:37:34.630498-07', 18, 'Jala', '7'),
	(935, '2024-02-10 18:37:34.630498-07', 18, 'Xalisco', '8'),
	(936, '2024-02-10 18:37:34.630498-07', 18, 'Del Nayar', '9'),
	(937, '2024-02-10 18:37:34.630498-07', 18, 'Rosamorada', '10'),
	(938, '2024-02-10 18:37:34.630498-07', 18, 'Ruz', '11'),
	(939, '2024-02-10 18:37:34.630498-07', 18, 'San Blas', '12'),
	(940, '2024-02-10 18:37:34.630498-07', 18, 'San Pedro Lagunillas', '13'),
	(941, '2024-02-10 18:37:34.630498-07', 18, 'Santa Mara del Oro', '14'),
	(942, '2024-02-10 18:37:34.630498-07', 18, 'Santiago Ixcuintla', '15'),
	(943, '2024-02-10 18:37:34.630498-07', 18, 'Tecuala', '16'),
	(944, '2024-02-10 18:37:34.630498-07', 18, 'Tepic', '17'),
	(945, '2024-02-10 18:37:34.630498-07', 18, 'Tuxpan', '18'),
	(946, '2024-02-10 18:37:34.630498-07', 18, 'La Yesca', '19'),
	(947, '2024-02-10 18:37:34.630498-07', 18, 'Baha de Banderas', '20'),
	(948, '2024-02-10 18:37:34.630498-07', 19, 'Abasolo', '1'),
	(949, '2024-02-10 18:37:34.630498-07', 19, 'Agualeguas', '2'),
	(950, '2024-02-10 18:37:34.630498-07', 19, 'Los Aldamas', '3'),
	(951, '2024-02-10 18:37:34.630498-07', 19, 'Allende', '4'),
	(952, '2024-02-10 18:37:34.630498-07', 19, 'Anhuac', '5'),
	(953, '2024-02-10 18:37:34.630498-07', 19, 'Apodaca', '6'),
	(954, '2024-02-10 18:37:34.630498-07', 19, 'Aramberri', '7'),
	(955, '2024-02-10 18:37:34.630498-07', 19, 'Bustamante', '8'),
	(956, '2024-02-10 18:37:34.630498-07', 19, 'Cadereyta Jimnez', '9'),
	(957, '2024-02-10 18:37:34.630498-07', 19, 'El Carmen', '10'),
	(958, '2024-02-10 18:37:34.630498-07', 19, 'Cerralvo', '11'),
	(959, '2024-02-10 18:37:34.630498-07', 19, 'Cinega de Flores', '12'),
	(960, '2024-02-10 18:37:34.630498-07', 19, 'China', '13'),
	(961, '2024-02-10 18:37:34.630498-07', 19, 'Doctor Arroyo', '14'),
	(962, '2024-02-10 18:37:34.630498-07', 19, 'Doctor Coss', '15'),
	(963, '2024-02-10 18:37:34.630498-07', 19, 'Doctor Gonzlez', '16'),
	(964, '2024-02-10 18:37:34.630498-07', 19, 'Galeana', '17'),
	(965, '2024-02-10 18:37:34.630498-07', 19, 'Garca', '18'),
	(966, '2024-02-10 18:37:34.630498-07', 19, 'San Pedro Garza Garca', '19'),
	(967, '2024-02-10 18:37:34.630498-07', 19, 'General Bravo', '20'),
	(968, '2024-02-10 18:37:34.630498-07', 19, 'General Escobedo', '21'),
	(969, '2024-02-10 18:37:34.630498-07', 19, 'General Tern', '22'),
	(970, '2024-02-10 18:37:34.630498-07', 19, 'General Trevio', '23'),
	(971, '2024-02-10 18:37:34.630498-07', 19, 'General Zaragoza', '24'),
	(972, '2024-02-10 18:37:34.630498-07', 19, 'General Zuazua', '25'),
	(973, '2024-02-10 18:37:34.630498-07', 19, 'Guadalupe', '26'),
	(974, '2024-02-10 18:37:34.630498-07', 19, 'Los Herreras', '27'),
	(975, '2024-02-10 18:37:34.630498-07', 19, 'Higueras', '28'),
	(976, '2024-02-10 18:37:34.630498-07', 19, 'Hualahuises', '29'),
	(977, '2024-02-10 18:37:34.630498-07', 19, 'Iturbide', '30'),
	(978, '2024-02-10 18:37:34.630498-07', 19, 'Jurez', '31'),
	(979, '2024-02-10 18:37:34.630498-07', 19, 'Lampazos de Naranjo', '32'),
	(980, '2024-02-10 18:37:34.630498-07', 19, 'Linares', '33'),
	(981, '2024-02-10 18:37:34.630498-07', 19, 'Marn', '34'),
	(982, '2024-02-10 18:37:34.630498-07', 19, 'Melchor Ocampo', '35'),
	(983, '2024-02-10 18:37:34.630498-07', 19, 'Mier y Noriega', '36'),
	(984, '2024-02-10 18:37:34.630498-07', 19, 'Mina', '37'),
	(985, '2024-02-10 18:37:34.630498-07', 19, 'Montemorelos', '38'),
	(986, '2024-02-10 18:37:34.630498-07', 19, 'Monterrey', '39'),
	(987, '2024-02-10 18:37:34.630498-07', 19, 'Pars', '40'),
	(988, '2024-02-10 18:37:34.630498-07', 19, 'Pesquera', '41'),
	(989, '2024-02-10 18:37:34.630498-07', 19, 'Los Ramones', '42'),
	(990, '2024-02-10 18:37:34.630498-07', 19, 'Rayones', '43'),
	(991, '2024-02-10 18:37:34.630498-07', 19, 'Sabinas Hidalgo', '44'),
	(992, '2024-02-10 18:37:34.630498-07', 19, 'Salinas Victoria', '45'),
	(993, '2024-02-10 18:37:34.630498-07', 19, 'San Nicols de los Garza', '46'),
	(994, '2024-02-10 18:37:34.630498-07', 19, 'Hidalgo', '47'),
	(995, '2024-02-10 18:37:34.630498-07', 19, 'Santa Catarina', '48'),
	(996, '2024-02-10 18:37:34.630498-07', 19, 'Santiago', '49'),
	(997, '2024-02-10 18:37:34.630498-07', 19, 'Vallecillo', '50'),
	(998, '2024-02-10 18:37:34.630498-07', 19, 'Villaldama', '51'),
	(999, '2024-02-10 18:37:34.630498-07', 20, 'Abejones', '1'),
	(1000, '2024-02-10 18:37:34.630498-07', 20, 'Acatln de Prez Figueroa', '2'),
	(1001, '2024-02-10 18:37:34.630498-07', 20, 'Asuncin Cacalotepec', '3'),
	(1002, '2024-02-10 18:37:34.630498-07', 20, 'Asuncin Cuyotepeji', '4'),
	(1003, '2024-02-10 18:37:34.630498-07', 20, 'Asuncin Ixtaltepec', '5'),
	(1004, '2024-02-10 18:37:34.630498-07', 20, 'Asuncin Nochixtln', '6'),
	(1005, '2024-02-10 18:37:34.630498-07', 20, 'Asuncin Ocotln', '7'),
	(1006, '2024-02-10 18:37:34.630498-07', 20, 'Asuncin Tlacolulita', '8'),
	(1007, '2024-02-10 18:37:34.630498-07', 20, 'Ayotzintepec', '9'),
	(1008, '2024-02-10 18:37:34.630498-07', 20, 'El Barrio de la Soledad', '10'),
	(1009, '2024-02-10 18:37:34.630498-07', 20, 'Calihual', '11'),
	(1010, '2024-02-10 18:37:34.630498-07', 20, 'Candelaria Loxicha', '12'),
	(1011, '2024-02-10 18:37:34.630498-07', 20, 'Cinega de Zimatln', '13'),
	(1012, '2024-02-10 18:37:34.630498-07', 20, 'Ciudad Ixtepec', '14'),
	(1013, '2024-02-10 18:37:34.630498-07', 20, 'Coatecas Altas', '15'),
	(1014, '2024-02-10 18:37:34.630498-07', 20, 'Coicoyn de las Flores', '16'),
	(1015, '2024-02-10 18:37:34.630498-07', 20, 'La Compaa', '17'),
	(1016, '2024-02-10 18:37:34.630498-07', 20, 'Concepcin Buenavista', '18'),
	(1017, '2024-02-10 18:37:34.630498-07', 20, 'Concepcin Ppalo', '19'),
	(1018, '2024-02-10 18:37:34.630498-07', 20, 'Constancia del Rosario', '20'),
	(1019, '2024-02-10 18:37:34.630498-07', 20, 'Cosolapa', '21'),
	(1020, '2024-02-10 18:37:34.630498-07', 20, 'Cosoltepec', '22'),
	(1021, '2024-02-10 18:37:34.630498-07', 20, 'Cuilpam de Guerrero', '23'),
	(1022, '2024-02-10 18:37:34.630498-07', 20, 'Cuyamecalco Villa de Zaragoza', '24'),
	(1023, '2024-02-10 18:37:34.630498-07', 20, 'Chahuites', '25'),
	(1024, '2024-02-10 18:37:34.630498-07', 20, 'Chalcatongo de Hidalgo', '26'),
	(1025, '2024-02-10 18:37:34.630498-07', 20, 'Chiquihuitln de Benito Jurez', '27'),
	(1026, '2024-02-10 18:37:34.630498-07', 20, 'Heroica Ciudad de Ejutla de Crespo', '28'),
	(1027, '2024-02-10 18:37:34.630498-07', 20, 'Eloxochitln de Flores Magn', '29'),
	(1028, '2024-02-10 18:37:34.630498-07', 20, 'El Espinal', '30'),
	(1029, '2024-02-10 18:37:34.630498-07', 20, 'Tamazulpam del Espritu Santo', '31'),
	(1030, '2024-02-10 18:37:34.630498-07', 20, 'Fresnillo de Trujano', '32'),
	(1031, '2024-02-10 18:37:34.630498-07', 20, 'Guadalupe Etla', '33'),
	(1032, '2024-02-10 18:37:34.630498-07', 20, 'Guadalupe de Ramrez', '34'),
	(1033, '2024-02-10 18:37:34.630498-07', 20, 'Guelatao de Jurez', '35'),
	(1034, '2024-02-10 18:37:34.630498-07', 20, 'Guevea de Humboldt', '36'),
	(1035, '2024-02-10 18:37:34.630498-07', 20, 'Mesones Hidalgo', '37'),
	(1036, '2024-02-10 18:37:34.630498-07', 20, 'Villa Hidalgo', '38'),
	(1037, '2024-02-10 18:37:34.630498-07', 20, 'Heroica Ciudad de Huajuapan de Len', '39'),
	(1038, '2024-02-10 18:37:34.630498-07', 20, 'Huautepec', '40'),
	(1039, '2024-02-10 18:37:34.630498-07', 20, 'Huautla de Jimnez', '41'),
	(1040, '2024-02-10 18:37:34.630498-07', 20, 'Ixtln de Jurez', '42'),
	(1041, '2024-02-10 18:37:34.630498-07', 20, 'Heroica Ciudad de Juchitn de Zaragoza', '43'),
	(1042, '2024-02-10 18:37:34.630498-07', 20, 'Loma Bonita', '44'),
	(1043, '2024-02-10 18:37:34.630498-07', 20, 'Magdalena Apasco', '45'),
	(1044, '2024-02-10 18:37:34.630498-07', 20, 'Magdalena Jaltepec', '46'),
	(1045, '2024-02-10 18:37:34.630498-07', 20, 'Santa Magdalena Jicotln', '47'),
	(1046, '2024-02-10 18:37:34.630498-07', 20, 'Magdalena Mixtepec', '48'),
	(1047, '2024-02-10 18:37:34.630498-07', 20, 'Magdalena Ocotln', '49'),
	(1048, '2024-02-10 18:37:34.630498-07', 20, 'Magdalena Peasco', '50'),
	(1049, '2024-02-10 18:37:34.630498-07', 20, 'Magdalena Teitipac', '51'),
	(1050, '2024-02-10 18:37:34.630498-07', 20, 'Magdalena Tequisistln', '52'),
	(1051, '2024-02-10 18:37:34.630498-07', 20, 'Magdalena Tlacotepec', '53'),
	(1052, '2024-02-10 18:37:34.630498-07', 20, 'Magdalena Zahuatln', '54'),
	(1053, '2024-02-10 18:37:34.630498-07', 20, 'Mariscala de Jurez', '55'),
	(1054, '2024-02-10 18:37:34.630498-07', 20, 'Mrtires de Tacubaya', '56'),
	(1055, '2024-02-10 18:37:34.630498-07', 20, 'Matas Romero Avendao', '57'),
	(1056, '2024-02-10 18:37:34.630498-07', 20, 'Mazatln Villa de Flores', '58'),
	(1057, '2024-02-10 18:37:34.630498-07', 20, 'Miahuatln de Porfirio Daz', '59'),
	(1058, '2024-02-10 18:37:34.630498-07', 20, 'Mixistln de la Reforma', '60'),
	(1059, '2024-02-10 18:37:34.630498-07', 20, 'Monjas', '61'),
	(1060, '2024-02-10 18:37:34.630498-07', 20, 'Natividad', '62'),
	(1061, '2024-02-10 18:37:34.630498-07', 20, 'Nazareno Etla', '63'),
	(1062, '2024-02-10 18:37:34.630498-07', 20, 'Nejapa de Madero', '64'),
	(1063, '2024-02-10 18:37:34.630498-07', 20, 'Ixpantepec Nieves', '65'),
	(1064, '2024-02-10 18:37:34.630498-07', 20, 'Santiago Niltepec', '66'),
	(1065, '2024-02-10 18:37:34.630498-07', 20, 'Oaxaca de Jurez', '67'),
	(1066, '2024-02-10 18:37:34.630498-07', 20, 'Ocotln de Morelos', '68'),
	(1067, '2024-02-10 18:37:34.630498-07', 20, 'La Pe', '69'),
	(1068, '2024-02-10 18:37:34.630498-07', 20, 'Pinotepa de Don Luis', '70'),
	(1069, '2024-02-10 18:37:34.630498-07', 20, 'Pluma Hidalgo', '71'),
	(1070, '2024-02-10 18:37:34.630498-07', 20, 'San Jos del Progreso', '72'),
	(1071, '2024-02-10 18:37:34.630498-07', 20, 'Putla Villa de Guerrero', '73'),
	(1072, '2024-02-10 18:37:34.630498-07', 20, 'Santa Catarina Quioquitani', '74'),
	(1073, '2024-02-10 18:37:34.630498-07', 20, 'Reforma de Pineda', '75'),
	(1074, '2024-02-10 18:37:34.630498-07', 20, 'La Reforma', '76'),
	(1075, '2024-02-10 18:37:34.630498-07', 20, 'Reyes Etla', '77'),
	(1076, '2024-02-10 18:37:34.630498-07', 20, 'Rojas de Cuauhtmoc', '78'),
	(1077, '2024-02-10 18:37:34.630498-07', 20, 'Salina Cruz', '79'),
	(1078, '2024-02-10 18:37:34.630498-07', 20, 'San Agustn Amatengo', '80'),
	(1079, '2024-02-10 18:37:34.630498-07', 20, 'San Agustn Atenango', '81'),
	(1080, '2024-02-10 18:37:34.630498-07', 20, 'San Agustn Chayuco', '82'),
	(1081, '2024-02-10 18:37:34.630498-07', 20, 'San Agustn de las Juntas', '83'),
	(1082, '2024-02-10 18:37:34.630498-07', 20, 'San Agustn Etla', '84'),
	(1083, '2024-02-10 18:37:34.630498-07', 20, 'San Agustn Loxicha', '85'),
	(1084, '2024-02-10 18:37:34.630498-07', 20, 'San Agustn Tlacotepec', '86'),
	(1085, '2024-02-10 18:37:34.630498-07', 20, 'San Agustn Yatareni', '87'),
	(1086, '2024-02-10 18:37:34.630498-07', 20, 'San Andrs Cabecera Nueva', '88'),
	(1087, '2024-02-10 18:37:34.630498-07', 20, 'San Andrs Dinicuiti', '89'),
	(1088, '2024-02-10 18:37:34.630498-07', 20, 'San Andrs Huaxpaltepec', '90'),
	(1089, '2024-02-10 18:37:34.630498-07', 20, 'San Andrs Huaypam', '91'),
	(1090, '2024-02-10 18:37:34.630498-07', 20, 'San Andrs Ixtlahuaca', '92'),
	(1091, '2024-02-10 18:37:34.630498-07', 20, 'San Andrs Lagunas', '93'),
	(1092, '2024-02-10 18:37:34.630498-07', 20, 'San Andrs Nuxio', '94'),
	(1093, '2024-02-10 18:37:34.630498-07', 20, 'San Andrs Paxtln', '95'),
	(1094, '2024-02-10 18:37:34.630498-07', 20, 'San Andrs Sinaxtla', '96'),
	(1095, '2024-02-10 18:37:34.630498-07', 20, 'San Andrs Solaga', '97'),
	(1096, '2024-02-10 18:37:34.630498-07', 20, 'San Andrs Teotillpam', '98'),
	(1097, '2024-02-10 18:37:34.630498-07', 20, 'San Andrs Tepetlapa', '99'),
	(1098, '2024-02-10 18:37:34.630498-07', 20, 'San Andrs Ya', '100'),
	(1099, '2024-02-10 18:37:34.630498-07', 20, 'San Andrs Zabache', '101'),
	(1100, '2024-02-10 18:37:34.630498-07', 20, 'San Andrs Zautla', '102'),
	(1101, '2024-02-10 18:37:34.630498-07', 20, 'San Antonino Castillo Velasco', '103'),
	(1102, '2024-02-10 18:37:34.630498-07', 20, 'San Antonino el Alto', '104'),
	(1103, '2024-02-10 18:37:34.630498-07', 20, 'San Antonino Monte Verde', '105'),
	(1104, '2024-02-10 18:37:34.630498-07', 20, 'San Antonio Acutla', '106'),
	(1105, '2024-02-10 18:37:34.630498-07', 20, 'San Antonio de la Cal', '107'),
	(1106, '2024-02-10 18:37:34.630498-07', 20, 'San Antonio Huitepec', '108'),
	(1107, '2024-02-10 18:37:34.630498-07', 20, 'San Antonio Nanahuatpam', '109'),
	(1108, '2024-02-10 18:37:34.630498-07', 20, 'San Antonio Sinicahua', '110'),
	(1109, '2024-02-10 18:37:34.630498-07', 20, 'San Antonio Tepetlapa', '111'),
	(1110, '2024-02-10 18:37:34.630498-07', 20, 'San Baltazar Chichicpam', '112'),
	(1111, '2024-02-10 18:37:34.630498-07', 20, 'San Baltazar Loxicha', '113'),
	(1112, '2024-02-10 18:37:34.630498-07', 20, 'San Baltazar Yatzachi el Bajo', '114'),
	(1113, '2024-02-10 18:37:34.630498-07', 20, 'San Bartolo Coyotepec', '115'),
	(1114, '2024-02-10 18:37:34.630498-07', 20, 'San Bartolom Ayautla', '116'),
	(1115, '2024-02-10 18:37:34.630498-07', 20, 'San Bartolom Loxicha', '117'),
	(1116, '2024-02-10 18:37:34.630498-07', 20, 'San Bartolom Quialana', '118'),
	(1117, '2024-02-10 18:37:34.630498-07', 20, 'San Bartolom Yucuae', '119'),
	(1118, '2024-02-10 18:37:34.630498-07', 20, 'San Bartolom Zoogocho', '120'),
	(1119, '2024-02-10 18:37:34.630498-07', 20, 'San Bartolo Soyaltepec', '121'),
	(1120, '2024-02-10 18:37:34.630498-07', 20, 'San Bartolo Yautepec', '122'),
	(1121, '2024-02-10 18:37:34.630498-07', 20, 'San Bernardo Mixtepec', '123'),
	(1122, '2024-02-10 18:37:34.630498-07', 20, 'San Blas Atempa', '124'),
	(1123, '2024-02-10 18:37:34.630498-07', 20, 'San Carlos Yautepec', '125'),
	(1124, '2024-02-10 18:37:34.630498-07', 20, 'San Cristbal Amatln', '126'),
	(1634, '2024-02-10 18:37:34.630498-07', 21, 'Guadalupe', '66'),
	(1125, '2024-02-10 18:37:34.630498-07', 20, 'San Cristbal Amoltepec', '127'),
	(1126, '2024-02-10 18:37:34.630498-07', 20, 'San Cristbal Lachirioag', '128'),
	(1127, '2024-02-10 18:37:34.630498-07', 20, 'San Cristbal Suchixtlahuaca', '129'),
	(1128, '2024-02-10 18:37:34.630498-07', 20, 'San Dionisio del Mar', '130'),
	(1129, '2024-02-10 18:37:34.630498-07', 20, 'San Dionisio Ocotepec', '131'),
	(1130, '2024-02-10 18:37:34.630498-07', 20, 'San Dionisio Ocotln', '132'),
	(1131, '2024-02-10 18:37:34.630498-07', 20, 'San Esteban Atatlahuca', '133'),
	(1132, '2024-02-10 18:37:34.630498-07', 20, 'San Felipe Jalapa de Daz', '134'),
	(1133, '2024-02-10 18:37:34.630498-07', 20, 'San Felipe Tejalpam', '135'),
	(1134, '2024-02-10 18:37:34.630498-07', 20, 'San Felipe Usila', '136'),
	(1135, '2024-02-10 18:37:34.630498-07', 20, 'San Francisco Cahuacu', '137'),
	(1136, '2024-02-10 18:37:34.630498-07', 20, 'San Francisco Cajonos', '138'),
	(1137, '2024-02-10 18:37:34.630498-07', 20, 'San Francisco Chapulapa', '139'),
	(1138, '2024-02-10 18:37:34.630498-07', 20, 'San Francisco Chinda', '140'),
	(1139, '2024-02-10 18:37:34.630498-07', 20, 'San Francisco del Mar', '141'),
	(1140, '2024-02-10 18:37:34.630498-07', 20, 'San Francisco Huehuetln', '142'),
	(1141, '2024-02-10 18:37:34.630498-07', 20, 'San Francisco Ixhuatn', '143'),
	(1142, '2024-02-10 18:37:34.630498-07', 20, 'San Francisco Jaltepetongo', '144'),
	(1143, '2024-02-10 18:37:34.630498-07', 20, 'San Francisco Lachigol', '145'),
	(1144, '2024-02-10 18:37:34.630498-07', 20, 'San Francisco Logueche', '146'),
	(1145, '2024-02-10 18:37:34.630498-07', 20, 'San Francisco Nuxao', '147'),
	(1146, '2024-02-10 18:37:34.630498-07', 20, 'San Francisco Ozolotepec', '148'),
	(1147, '2024-02-10 18:37:34.630498-07', 20, 'San Francisco Sola', '149'),
	(1148, '2024-02-10 18:37:34.630498-07', 20, 'San Francisco Telixtlahuaca', '150'),
	(1149, '2024-02-10 18:37:34.630498-07', 20, 'San Francisco Teopan', '151'),
	(1150, '2024-02-10 18:37:34.630498-07', 20, 'San Francisco Tlapancingo', '152'),
	(1151, '2024-02-10 18:37:34.630498-07', 20, 'San Gabriel Mixtepec', '153'),
	(1152, '2024-02-10 18:37:34.630498-07', 20, 'San Ildefonso Amatln', '154'),
	(1153, '2024-02-10 18:37:34.630498-07', 20, 'San Ildefonso Sola', '155'),
	(1154, '2024-02-10 18:37:34.630498-07', 20, 'San Ildefonso Villa Alta', '156'),
	(1155, '2024-02-10 18:37:34.630498-07', 20, 'San Jacinto Amilpas', '157'),
	(1156, '2024-02-10 18:37:34.630498-07', 20, 'San Jacinto Tlacotepec', '158'),
	(1157, '2024-02-10 18:37:34.630498-07', 20, 'San Jernimo Coatln', '159'),
	(1158, '2024-02-10 18:37:34.630498-07', 20, 'San Jernimo Silacayoapilla', '160'),
	(1159, '2024-02-10 18:37:34.630498-07', 20, 'San Jernimo Sosola', '161'),
	(1160, '2024-02-10 18:37:34.630498-07', 20, 'San Jernimo Taviche', '162'),
	(1161, '2024-02-10 18:37:34.630498-07', 20, 'San Jernimo Tecatl', '163'),
	(1162, '2024-02-10 18:37:34.630498-07', 20, 'San Jorge Nuchita', '164'),
	(1163, '2024-02-10 18:37:34.630498-07', 20, 'San Jos Ayuquila', '165'),
	(1164, '2024-02-10 18:37:34.630498-07', 20, 'San Jos Chiltepec', '166'),
	(1165, '2024-02-10 18:37:34.630498-07', 20, 'San Jos del Peasco', '167'),
	(1166, '2024-02-10 18:37:34.630498-07', 20, 'San Jos Estancia Grande', '168'),
	(1167, '2024-02-10 18:37:34.630498-07', 20, 'San Jos Independencia', '169'),
	(1168, '2024-02-10 18:37:34.630498-07', 20, 'San Jos Lachiguiri', '170'),
	(1169, '2024-02-10 18:37:34.630498-07', 20, 'San Jos Tenango', '171'),
	(1170, '2024-02-10 18:37:34.630498-07', 20, 'San Juan Achiutla', '172'),
	(1171, '2024-02-10 18:37:34.630498-07', 20, 'San Juan Atepec', '173'),
	(1172, '2024-02-10 18:37:34.630498-07', 20, 'nimas Trujano', '174'),
	(1173, '2024-02-10 18:37:34.630498-07', 20, 'San Juan Bautista Atatlahuca', '175'),
	(1174, '2024-02-10 18:37:34.630498-07', 20, 'San Juan Bautista Coixtlahuaca', '176'),
	(1175, '2024-02-10 18:37:34.630498-07', 20, 'San Juan Bautista Cuicatln', '177'),
	(1176, '2024-02-10 18:37:34.630498-07', 20, 'San Juan Bautista Guelache', '178'),
	(1177, '2024-02-10 18:37:34.630498-07', 20, 'San Juan Bautista Jayacatln', '179'),
	(1178, '2024-02-10 18:37:34.630498-07', 20, 'San Juan Bautista Lo de Soto', '180'),
	(1179, '2024-02-10 18:37:34.630498-07', 20, 'San Juan Bautista Suchitepec', '181'),
	(1180, '2024-02-10 18:37:34.630498-07', 20, 'San Juan Bautista Tlacoatzintepec', '182'),
	(1181, '2024-02-10 18:37:34.630498-07', 20, 'San Juan Bautista Tlachichilco', '183'),
	(1182, '2024-02-10 18:37:34.630498-07', 20, 'San Juan Bautista Tuxtepec', '184'),
	(1183, '2024-02-10 18:37:34.630498-07', 20, 'San Juan Cacahuatepec', '185'),
	(1184, '2024-02-10 18:37:34.630498-07', 20, 'San Juan Cieneguilla', '186'),
	(1185, '2024-02-10 18:37:34.630498-07', 20, 'San Juan Coatzspam', '187'),
	(1186, '2024-02-10 18:37:34.630498-07', 20, 'San Juan Colorado', '188'),
	(1187, '2024-02-10 18:37:34.630498-07', 20, 'San Juan Comaltepec', '189'),
	(1188, '2024-02-10 18:37:34.630498-07', 20, 'San Juan Cotzocn', '190'),
	(1189, '2024-02-10 18:37:34.630498-07', 20, 'San Juan Chicomezchil', '191'),
	(1190, '2024-02-10 18:37:34.630498-07', 20, 'San Juan Chilateca', '192'),
	(1191, '2024-02-10 18:37:34.630498-07', 20, 'San Juan del Estado', '193'),
	(1192, '2024-02-10 18:37:34.630498-07', 20, 'San Juan del Ro', '194'),
	(1193, '2024-02-10 18:37:34.630498-07', 20, 'San Juan Diuxi', '195'),
	(1194, '2024-02-10 18:37:34.630498-07', 20, 'San Juan Evangelista Analco', '196'),
	(1195, '2024-02-10 18:37:34.630498-07', 20, 'San Juan Guelava', '197'),
	(1196, '2024-02-10 18:37:34.630498-07', 20, 'San Juan Guichicovi', '198'),
	(1197, '2024-02-10 18:37:34.630498-07', 20, 'San Juan Ihualtepec', '199'),
	(1198, '2024-02-10 18:37:34.630498-07', 20, 'San Juan Juquila Mixes', '200'),
	(1199, '2024-02-10 18:37:34.630498-07', 20, 'San Juan Juquila Vijanos', '201'),
	(1200, '2024-02-10 18:37:34.630498-07', 20, 'San Juan Lachao', '202'),
	(1201, '2024-02-10 18:37:34.630498-07', 20, 'San Juan Lachigalla', '203'),
	(1202, '2024-02-10 18:37:34.630498-07', 20, 'San Juan Lajarcia', '204'),
	(1203, '2024-02-10 18:37:34.630498-07', 20, 'San Juan Lalana', '205'),
	(1204, '2024-02-10 18:37:34.630498-07', 20, 'San Juan de los Cus', '206'),
	(1205, '2024-02-10 18:37:34.630498-07', 20, 'San Juan Mazatln', '207'),
	(1206, '2024-02-10 18:37:34.630498-07', 20, 'San Juan Mixtepec', '208'),
	(1207, '2024-02-10 18:37:34.630498-07', 20, 'San Juan Mixtepec', '209'),
	(1208, '2024-02-10 18:37:34.630498-07', 20, 'San Juan um', '210'),
	(1209, '2024-02-10 18:37:34.630498-07', 20, 'San Juan Ozolotepec', '211'),
	(1210, '2024-02-10 18:37:34.630498-07', 20, 'San Juan Petlapa', '212'),
	(1211, '2024-02-10 18:37:34.630498-07', 20, 'San Juan Quiahije', '213'),
	(1212, '2024-02-10 18:37:34.630498-07', 20, 'San Juan Quiotepec', '214'),
	(1213, '2024-02-10 18:37:34.630498-07', 20, 'San Juan Sayultepec', '215'),
	(1214, '2024-02-10 18:37:34.630498-07', 20, 'San Juan Taba', '216'),
	(1215, '2024-02-10 18:37:34.630498-07', 20, 'San Juan Tamazola', '217'),
	(1216, '2024-02-10 18:37:34.630498-07', 20, 'San Juan Teita', '218'),
	(1217, '2024-02-10 18:37:34.630498-07', 20, 'San Juan Teitipac', '219'),
	(1218, '2024-02-10 18:37:34.630498-07', 20, 'San Juan Tepeuxila', '220'),
	(1219, '2024-02-10 18:37:34.630498-07', 20, 'San Juan Teposcolula', '221'),
	(1220, '2024-02-10 18:37:34.630498-07', 20, 'San Juan Yae', '222'),
	(1221, '2024-02-10 18:37:34.630498-07', 20, 'San Juan Yatzona', '223'),
	(1222, '2024-02-10 18:37:34.630498-07', 20, 'San Juan Yucuita', '224'),
	(1223, '2024-02-10 18:37:34.630498-07', 20, 'San Lorenzo', '225'),
	(1224, '2024-02-10 18:37:34.630498-07', 20, 'San Lorenzo Albarradas', '226'),
	(1225, '2024-02-10 18:37:34.630498-07', 20, 'San Lorenzo Cacaotepec', '227'),
	(1226, '2024-02-10 18:37:34.630498-07', 20, 'San Lorenzo Cuaunecuiltitla', '228'),
	(1227, '2024-02-10 18:37:34.630498-07', 20, 'San Lorenzo Texmelcan', '229'),
	(1228, '2024-02-10 18:37:34.630498-07', 20, 'San Lorenzo Victoria', '230'),
	(1229, '2024-02-10 18:37:34.630498-07', 20, 'San Lucas Camotln', '231'),
	(1230, '2024-02-10 18:37:34.630498-07', 20, 'San Lucas Ojitln', '232'),
	(1231, '2024-02-10 18:37:34.630498-07', 20, 'San Lucas Quiavin', '233'),
	(1232, '2024-02-10 18:37:34.630498-07', 20, 'San Lucas Zoquipam', '234'),
	(1233, '2024-02-10 18:37:34.630498-07', 20, 'San Luis Amatln', '235'),
	(1234, '2024-02-10 18:37:34.630498-07', 20, 'San Marcial Ozolotepec', '236'),
	(1235, '2024-02-10 18:37:34.630498-07', 20, 'San Marcos Arteaga', '237'),
	(1236, '2024-02-10 18:37:34.630498-07', 20, 'San Martn de los Cansecos', '238'),
	(1237, '2024-02-10 18:37:34.630498-07', 20, 'San Martn Huamellpam', '239'),
	(1238, '2024-02-10 18:37:34.630498-07', 20, 'San Martn Itunyoso', '240'),
	(1239, '2024-02-10 18:37:34.630498-07', 20, 'San Martn Lachil', '241'),
	(1240, '2024-02-10 18:37:34.630498-07', 20, 'San Martn Peras', '242'),
	(1241, '2024-02-10 18:37:34.630498-07', 20, 'San Martn Tilcajete', '243'),
	(1242, '2024-02-10 18:37:34.630498-07', 20, 'San Martn Toxpalan', '244'),
	(1243, '2024-02-10 18:37:34.630498-07', 20, 'San Martn Zacatepec', '245'),
	(1244, '2024-02-10 18:37:34.630498-07', 20, 'San Mateo Cajonos', '246'),
	(1245, '2024-02-10 18:37:34.630498-07', 20, 'Capullpam de Mndez', '247'),
	(1246, '2024-02-10 18:37:34.630498-07', 20, 'San Mateo del Mar', '248'),
	(1247, '2024-02-10 18:37:34.630498-07', 20, 'San Mateo Yoloxochitln', '249'),
	(1248, '2024-02-10 18:37:34.630498-07', 20, 'San Mateo Etlatongo', '250'),
	(1249, '2024-02-10 18:37:34.630498-07', 20, 'San Mateo Nejpam', '251'),
	(1250, '2024-02-10 18:37:34.630498-07', 20, 'San Mateo Peasco', '252'),
	(1251, '2024-02-10 18:37:34.630498-07', 20, 'San Mateo Pias', '253'),
	(1252, '2024-02-10 18:37:34.630498-07', 20, 'San Mateo Ro Hondo', '254'),
	(1253, '2024-02-10 18:37:34.630498-07', 20, 'San Mateo Sindihui', '255'),
	(1254, '2024-02-10 18:37:34.630498-07', 20, 'San Mateo Tlapiltepec', '256'),
	(1255, '2024-02-10 18:37:34.630498-07', 20, 'San Melchor Betaza', '257'),
	(1256, '2024-02-10 18:37:34.630498-07', 20, 'San Miguel Achiutla', '258'),
	(1257, '2024-02-10 18:37:34.630498-07', 20, 'San Miguel Ahuehuetitln', '259'),
	(1258, '2024-02-10 18:37:34.630498-07', 20, 'San Miguel Alopam', '260'),
	(1259, '2024-02-10 18:37:34.630498-07', 20, 'San Miguel Amatitln', '261'),
	(1260, '2024-02-10 18:37:34.630498-07', 20, 'San Miguel Amatln', '262'),
	(1261, '2024-02-10 18:37:34.630498-07', 20, 'San Miguel Coatln', '263'),
	(1262, '2024-02-10 18:37:34.630498-07', 20, 'San Miguel Chicahua', '264'),
	(1263, '2024-02-10 18:37:34.630498-07', 20, 'San Miguel Chimalapa', '265'),
	(1264, '2024-02-10 18:37:34.630498-07', 20, 'San Miguel del Puerto', '266'),
	(1265, '2024-02-10 18:37:34.630498-07', 20, 'San Miguel del Ro', '267'),
	(1266, '2024-02-10 18:37:34.630498-07', 20, 'San Miguel Ejutla', '268'),
	(1267, '2024-02-10 18:37:34.630498-07', 20, 'San Miguel el Grande', '269'),
	(1268, '2024-02-10 18:37:34.630498-07', 20, 'San Miguel Huautla', '270'),
	(1269, '2024-02-10 18:37:34.630498-07', 20, 'San Miguel Mixtepec', '271'),
	(1270, '2024-02-10 18:37:34.630498-07', 20, 'San Miguel Panixtlahuaca', '272'),
	(1271, '2024-02-10 18:37:34.630498-07', 20, 'San Miguel Peras', '273'),
	(1272, '2024-02-10 18:37:34.630498-07', 20, 'San Miguel Piedras', '274'),
	(1273, '2024-02-10 18:37:34.630498-07', 20, 'San Miguel Quetzaltepec', '275'),
	(1274, '2024-02-10 18:37:34.630498-07', 20, 'San Miguel Santa Flor', '276'),
	(1275, '2024-02-10 18:37:34.630498-07', 20, 'Villa Sola de Vega', '277'),
	(1276, '2024-02-10 18:37:34.630498-07', 20, 'San Miguel Soyaltepec', '278'),
	(1277, '2024-02-10 18:37:34.630498-07', 20, 'San Miguel Suchixtepec', '279'),
	(1278, '2024-02-10 18:37:34.630498-07', 20, 'Villa Talea de Castro', '280'),
	(1279, '2024-02-10 18:37:34.630498-07', 20, 'San Miguel Tecomatln', '281'),
	(1280, '2024-02-10 18:37:34.630498-07', 20, 'San Miguel Tenango', '282'),
	(1281, '2024-02-10 18:37:34.630498-07', 20, 'San Miguel Tequixtepec', '283'),
	(1282, '2024-02-10 18:37:34.630498-07', 20, 'San Miguel Tilquipam', '284'),
	(1283, '2024-02-10 18:37:34.630498-07', 20, 'San Miguel Tlacamama', '285'),
	(1284, '2024-02-10 18:37:34.630498-07', 20, 'San Miguel Tlacotepec', '286'),
	(1285, '2024-02-10 18:37:34.630498-07', 20, 'San Miguel Tulancingo', '287'),
	(1286, '2024-02-10 18:37:34.630498-07', 20, 'San Miguel Yotao', '288'),
	(1287, '2024-02-10 18:37:34.630498-07', 20, 'San Nicols', '289'),
	(1288, '2024-02-10 18:37:34.630498-07', 20, 'San Nicols Hidalgo', '290'),
	(1289, '2024-02-10 18:37:34.630498-07', 20, 'San Pablo Coatln', '291'),
	(1290, '2024-02-10 18:37:34.630498-07', 20, 'San Pablo Cuatro Venados', '292'),
	(1291, '2024-02-10 18:37:34.630498-07', 20, 'San Pablo Etla', '293'),
	(1292, '2024-02-10 18:37:34.630498-07', 20, 'San Pablo Huitzo', '294'),
	(1293, '2024-02-10 18:37:34.630498-07', 20, 'San Pablo Huixtepec', '295'),
	(1294, '2024-02-10 18:37:34.630498-07', 20, 'San Pablo Macuiltianguis', '296'),
	(1295, '2024-02-10 18:37:34.630498-07', 20, 'San Pablo Tijaltepec', '297'),
	(1296, '2024-02-10 18:37:34.630498-07', 20, 'San Pablo Villa de Mitla', '298'),
	(1297, '2024-02-10 18:37:34.630498-07', 20, 'San Pablo Yaganiza', '299'),
	(1298, '2024-02-10 18:37:34.630498-07', 20, 'San Pedro Amuzgos', '300'),
	(1299, '2024-02-10 18:37:34.630498-07', 20, 'San Pedro Apstol', '301'),
	(1300, '2024-02-10 18:37:34.630498-07', 20, 'San Pedro Atoyac', '302'),
	(1301, '2024-02-10 18:37:34.630498-07', 20, 'San Pedro Cajonos', '303'),
	(1302, '2024-02-10 18:37:34.630498-07', 20, 'San Pedro Coxcaltepec Cntaros', '304'),
	(1303, '2024-02-10 18:37:34.630498-07', 20, 'San Pedro Comitancillo', '305'),
	(1304, '2024-02-10 18:37:34.630498-07', 20, 'San Pedro el Alto', '306'),
	(1305, '2024-02-10 18:37:34.630498-07', 20, 'San Pedro Huamelula', '307'),
	(1306, '2024-02-10 18:37:34.630498-07', 20, 'San Pedro Huilotepec', '308'),
	(1307, '2024-02-10 18:37:34.630498-07', 20, 'San Pedro Ixcatln', '309'),
	(1308, '2024-02-10 18:37:34.630498-07', 20, 'San Pedro Ixtlahuaca', '310'),
	(1309, '2024-02-10 18:37:34.630498-07', 20, 'San Pedro Jaltepetongo', '311'),
	(1310, '2024-02-10 18:37:34.630498-07', 20, 'San Pedro Jicayn', '312'),
	(1311, '2024-02-10 18:37:34.630498-07', 20, 'San Pedro Jocotipac', '313'),
	(1312, '2024-02-10 18:37:34.630498-07', 20, 'San Pedro Juchatengo', '314'),
	(1313, '2024-02-10 18:37:34.630498-07', 20, 'San Pedro Mrtir', '315'),
	(1314, '2024-02-10 18:37:34.630498-07', 20, 'San Pedro Mrtir Quiechapa', '316'),
	(1315, '2024-02-10 18:37:34.630498-07', 20, 'San Pedro Mrtir Yucuxaco', '317'),
	(1316, '2024-02-10 18:37:34.630498-07', 20, 'San Pedro Mixtepec', '318'),
	(1317, '2024-02-10 18:37:34.630498-07', 20, 'San Pedro Mixtepec', '319'),
	(1318, '2024-02-10 18:37:34.630498-07', 20, 'San Pedro Molinos', '320'),
	(1319, '2024-02-10 18:37:34.630498-07', 20, 'San Pedro Nopala', '321'),
	(1320, '2024-02-10 18:37:34.630498-07', 20, 'San Pedro Ocopetatillo', '322'),
	(1321, '2024-02-10 18:37:34.630498-07', 20, 'San Pedro Ocotepec', '323'),
	(1322, '2024-02-10 18:37:34.630498-07', 20, 'San Pedro Pochutla', '324'),
	(1323, '2024-02-10 18:37:34.630498-07', 20, 'San Pedro Quiatoni', '325'),
	(1324, '2024-02-10 18:37:34.630498-07', 20, 'San Pedro Sochipam', '326'),
	(1325, '2024-02-10 18:37:34.630498-07', 20, 'San Pedro Tapanatepec', '327'),
	(1326, '2024-02-10 18:37:34.630498-07', 20, 'San Pedro Taviche', '328'),
	(1327, '2024-02-10 18:37:34.630498-07', 20, 'San Pedro Teozacoalco', '329'),
	(1328, '2024-02-10 18:37:34.630498-07', 20, 'San Pedro Teutila', '330'),
	(1329, '2024-02-10 18:37:34.630498-07', 20, 'San Pedro Tida', '331'),
	(1330, '2024-02-10 18:37:34.630498-07', 20, 'San Pedro Topiltepec', '332'),
	(1331, '2024-02-10 18:37:34.630498-07', 20, 'San Pedro Totolpam', '333'),
	(1332, '2024-02-10 18:37:34.630498-07', 20, 'Villa de Tututepec de Melchor Ocampo', '334'),
	(1333, '2024-02-10 18:37:34.630498-07', 20, 'San Pedro Yaneri', '335'),
	(1334, '2024-02-10 18:37:34.630498-07', 20, 'San Pedro Ylox', '336'),
	(1335, '2024-02-10 18:37:34.630498-07', 20, 'San Pedro y San Pablo Ayutla', '337'),
	(1336, '2024-02-10 18:37:34.630498-07', 20, 'Villa de Etla', '338'),
	(1337, '2024-02-10 18:37:34.630498-07', 20, 'San Pedro y San Pablo Teposcolula', '339'),
	(1338, '2024-02-10 18:37:34.630498-07', 20, 'San Pedro y San Pablo Tequixtepec', '340'),
	(1339, '2024-02-10 18:37:34.630498-07', 20, 'San Pedro Yucunama', '341'),
	(1340, '2024-02-10 18:37:34.630498-07', 20, 'San Raymundo Jalpan', '342'),
	(1341, '2024-02-10 18:37:34.630498-07', 20, 'San Sebastin Abasolo', '343'),
	(1342, '2024-02-10 18:37:34.630498-07', 20, 'San Sebastin Coatln', '344'),
	(1343, '2024-02-10 18:37:34.630498-07', 20, 'San Sebastin Ixcapa', '345'),
	(1344, '2024-02-10 18:37:34.630498-07', 20, 'San Sebastin Nicananduta', '346'),
	(1345, '2024-02-10 18:37:34.630498-07', 20, 'San Sebastin Ro Hondo', '347'),
	(1346, '2024-02-10 18:37:34.630498-07', 20, 'San Sebastin Tecomaxtlahuaca', '348'),
	(1347, '2024-02-10 18:37:34.630498-07', 20, 'San Sebastin Teitipac', '349'),
	(1348, '2024-02-10 18:37:34.630498-07', 20, 'San Sebastin Tutla', '350'),
	(1349, '2024-02-10 18:37:34.630498-07', 20, 'San Simn Almolongas', '351'),
	(1350, '2024-02-10 18:37:34.630498-07', 20, 'San Simn Zahuatln', '352'),
	(1351, '2024-02-10 18:37:34.630498-07', 20, 'Santa Ana', '353'),
	(1352, '2024-02-10 18:37:34.630498-07', 20, 'Santa Ana Ateixtlahuaca', '354'),
	(1353, '2024-02-10 18:37:34.630498-07', 20, 'Santa Ana Cuauhtmoc', '355'),
	(1354, '2024-02-10 18:37:34.630498-07', 20, 'Santa Ana del Valle', '356'),
	(1355, '2024-02-10 18:37:34.630498-07', 20, 'Santa Ana Tavela', '357'),
	(1356, '2024-02-10 18:37:34.630498-07', 20, 'Santa Ana Tlapacoyan', '358'),
	(1357, '2024-02-10 18:37:34.630498-07', 20, 'Santa Ana Yareni', '359'),
	(1358, '2024-02-10 18:37:34.630498-07', 20, 'Santa Ana Zegache', '360'),
	(1359, '2024-02-10 18:37:34.630498-07', 20, 'Santa Catalina Quier', '361'),
	(1360, '2024-02-10 18:37:34.630498-07', 20, 'Santa Catarina Cuixtla', '362'),
	(1361, '2024-02-10 18:37:34.630498-07', 20, 'Santa Catarina Ixtepeji', '363'),
	(1362, '2024-02-10 18:37:34.630498-07', 20, 'Santa Catarina Juquila', '364'),
	(1363, '2024-02-10 18:37:34.630498-07', 20, 'Santa Catarina Lachatao', '365'),
	(1364, '2024-02-10 18:37:34.630498-07', 20, 'Santa Catarina Loxicha', '366'),
	(1365, '2024-02-10 18:37:34.630498-07', 20, 'Santa Catarina Mechoacn', '367'),
	(1366, '2024-02-10 18:37:34.630498-07', 20, 'Santa Catarina Minas', '368'),
	(1367, '2024-02-10 18:37:34.630498-07', 20, 'Santa Catarina Quian', '369'),
	(1368, '2024-02-10 18:37:34.630498-07', 20, 'Santa Catarina Tayata', '370'),
	(1369, '2024-02-10 18:37:34.630498-07', 20, 'Santa Catarina Ticu', '371'),
	(1370, '2024-02-10 18:37:34.630498-07', 20, 'Santa Catarina Yosonot', '372'),
	(1371, '2024-02-10 18:37:34.630498-07', 20, 'Santa Catarina Zapoquila', '373'),
	(1372, '2024-02-10 18:37:34.630498-07', 20, 'Santa Cruz Acatepec', '374'),
	(1373, '2024-02-10 18:37:34.630498-07', 20, 'Santa Cruz Amilpas', '375'),
	(1374, '2024-02-10 18:37:34.630498-07', 20, 'Santa Cruz de Bravo', '376'),
	(1375, '2024-02-10 18:37:34.630498-07', 20, 'Santa Cruz Itundujia', '377'),
	(1376, '2024-02-10 18:37:34.630498-07', 20, 'Santa Cruz Mixtepec', '378'),
	(1377, '2024-02-10 18:37:34.630498-07', 20, 'Santa Cruz Nundaco', '379'),
	(1378, '2024-02-10 18:37:34.630498-07', 20, 'Santa Cruz Papalutla', '380'),
	(1379, '2024-02-10 18:37:34.630498-07', 20, 'Santa Cruz Tacache de Mina', '381'),
	(1380, '2024-02-10 18:37:34.630498-07', 20, 'Santa Cruz Tacahua', '382'),
	(1381, '2024-02-10 18:37:34.630498-07', 20, 'Santa Cruz Tayata', '383'),
	(1382, '2024-02-10 18:37:34.630498-07', 20, 'Santa Cruz Xitla', '384'),
	(1383, '2024-02-10 18:37:34.630498-07', 20, 'Santa Cruz Xoxocotln', '385'),
	(1384, '2024-02-10 18:37:34.630498-07', 20, 'Santa Cruz Zenzontepec', '386'),
	(1385, '2024-02-10 18:37:34.630498-07', 20, 'Santa Gertrudis', '387'),
	(1386, '2024-02-10 18:37:34.630498-07', 20, 'Santa Ins del Monte', '388'),
	(1387, '2024-02-10 18:37:34.630498-07', 20, 'Santa Ins Yatzeche', '389'),
	(1388, '2024-02-10 18:37:34.630498-07', 20, 'Santa Luca del Camino', '390'),
	(1389, '2024-02-10 18:37:34.630498-07', 20, 'Santa Luca Miahuatln', '391'),
	(1390, '2024-02-10 18:37:34.630498-07', 20, 'Santa Luca Monteverde', '392'),
	(1391, '2024-02-10 18:37:34.630498-07', 20, 'Santa Luca Ocotln', '393'),
	(1392, '2024-02-10 18:37:34.630498-07', 20, 'Santa Mara Alotepec', '394'),
	(1393, '2024-02-10 18:37:34.630498-07', 20, 'Santa Mara Apazco', '395'),
	(1394, '2024-02-10 18:37:34.630498-07', 20, 'Santa Mara la Asuncin', '396'),
	(1395, '2024-02-10 18:37:34.630498-07', 20, 'Heroica Ciudad de Tlaxiaco', '397'),
	(1396, '2024-02-10 18:37:34.630498-07', 20, 'Ayoquezco de Aldama', '398'),
	(1397, '2024-02-10 18:37:34.630498-07', 20, 'Santa Mara Atzompa', '399'),
	(1398, '2024-02-10 18:37:34.630498-07', 20, 'Santa Mara Camotln', '400'),
	(1399, '2024-02-10 18:37:34.630498-07', 20, 'Santa Mara Colotepec', '401'),
	(1400, '2024-02-10 18:37:34.630498-07', 20, 'Santa Mara Cortijo', '402'),
	(1401, '2024-02-10 18:37:34.630498-07', 20, 'Santa Mara Coyotepec', '403'),
	(1402, '2024-02-10 18:37:34.630498-07', 20, 'Santa Mara Chachopam', '404'),
	(1403, '2024-02-10 18:37:34.630498-07', 20, 'Villa de Chilapa de Daz', '405'),
	(1404, '2024-02-10 18:37:34.630498-07', 20, 'Santa Mara Chilchotla', '406'),
	(1405, '2024-02-10 18:37:34.630498-07', 20, 'Santa Mara Chimalapa', '407'),
	(1406, '2024-02-10 18:37:34.630498-07', 20, 'Santa Mara del Rosario', '408'),
	(1407, '2024-02-10 18:37:34.630498-07', 20, 'Santa Mara del Tule', '409'),
	(1408, '2024-02-10 18:37:34.630498-07', 20, 'Santa Mara Ecatepec', '410'),
	(1409, '2024-02-10 18:37:34.630498-07', 20, 'Santa Mara Guelac', '411'),
	(1410, '2024-02-10 18:37:34.630498-07', 20, 'Santa Mara Guienagati', '412'),
	(1411, '2024-02-10 18:37:34.630498-07', 20, 'Santa Mara Huatulco', '413'),
	(1412, '2024-02-10 18:37:34.630498-07', 20, 'Santa Mara Huazolotitln', '414'),
	(1413, '2024-02-10 18:37:34.630498-07', 20, 'Santa Mara Ipalapa', '415'),
	(1414, '2024-02-10 18:37:34.630498-07', 20, 'Santa Mara Ixcatln', '416'),
	(1415, '2024-02-10 18:37:34.630498-07', 20, 'Santa Mara Jacatepec', '417'),
	(1416, '2024-02-10 18:37:34.630498-07', 20, 'Santa Mara Jalapa del Marqus', '418'),
	(1417, '2024-02-10 18:37:34.630498-07', 20, 'Santa Mara Jaltianguis', '419'),
	(1418, '2024-02-10 18:37:34.630498-07', 20, 'Santa Mara Lachixo', '420'),
	(1419, '2024-02-10 18:37:34.630498-07', 20, 'Santa Mara Mixtequilla', '421'),
	(1420, '2024-02-10 18:37:34.630498-07', 20, 'Santa Mara Nativitas', '422'),
	(1421, '2024-02-10 18:37:34.630498-07', 20, 'Santa Mara Nduayaco', '423'),
	(1422, '2024-02-10 18:37:34.630498-07', 20, 'Santa Mara Ozolotepec', '424'),
	(1423, '2024-02-10 18:37:34.630498-07', 20, 'Santa Mara Ppalo', '425'),
	(1424, '2024-02-10 18:37:34.630498-07', 20, 'Santa Mara Peoles', '426'),
	(1744, '2024-02-10 18:37:34.630498-07', 21, 'Tilapa', '176'),
	(1425, '2024-02-10 18:37:34.630498-07', 20, 'Santa Mara Petapa', '427'),
	(1426, '2024-02-10 18:37:34.630498-07', 20, 'Santa Mara Quiegolani', '428'),
	(1427, '2024-02-10 18:37:34.630498-07', 20, 'Santa Mara Sola', '429'),
	(1428, '2024-02-10 18:37:34.630498-07', 20, 'Santa Mara Tataltepec', '430'),
	(1429, '2024-02-10 18:37:34.630498-07', 20, 'Santa Mara Tecomavaca', '431'),
	(1430, '2024-02-10 18:37:34.630498-07', 20, 'Santa Mara Temaxcalapa', '432'),
	(1431, '2024-02-10 18:37:34.630498-07', 20, 'Santa Mara Temaxcaltepec', '433'),
	(1432, '2024-02-10 18:37:34.630498-07', 20, 'Santa Mara Teopoxco', '434'),
	(1433, '2024-02-10 18:37:34.630498-07', 20, 'Santa Mara Tepantlali', '435'),
	(1434, '2024-02-10 18:37:34.630498-07', 20, 'Santa Mara Texcatitln', '436'),
	(1435, '2024-02-10 18:37:34.630498-07', 20, 'Santa Mara Tlahuitoltepec', '437'),
	(1436, '2024-02-10 18:37:34.630498-07', 20, 'Santa Mara Tlalixtac', '438'),
	(1437, '2024-02-10 18:37:34.630498-07', 20, 'Santa Mara Tonameca', '439'),
	(1438, '2024-02-10 18:37:34.630498-07', 20, 'Santa Mara Totolapilla', '440'),
	(1439, '2024-02-10 18:37:34.630498-07', 20, 'Santa Mara Xadani', '441'),
	(1440, '2024-02-10 18:37:34.630498-07', 20, 'Santa Mara Yalina', '442'),
	(1441, '2024-02-10 18:37:34.630498-07', 20, 'Santa Mara Yavesa', '443'),
	(1442, '2024-02-10 18:37:34.630498-07', 20, 'Santa Mara Yolotepec', '444'),
	(1443, '2024-02-10 18:37:34.630498-07', 20, 'Santa Mara Yosoya', '445'),
	(1444, '2024-02-10 18:37:34.630498-07', 20, 'Santa Mara Yucuhiti', '446'),
	(1445, '2024-02-10 18:37:34.630498-07', 20, 'Santa Mara Zacatepec', '447'),
	(1446, '2024-02-10 18:37:34.630498-07', 20, 'Santa Mara Zaniza', '448'),
	(1447, '2024-02-10 18:37:34.630498-07', 20, 'Santa Mara Zoquitln', '449'),
	(1448, '2024-02-10 18:37:34.630498-07', 20, 'Santiago Amoltepec', '450'),
	(1449, '2024-02-10 18:37:34.630498-07', 20, 'Santiago Apoala', '451'),
	(1450, '2024-02-10 18:37:34.630498-07', 20, 'Santiago Apstol', '452'),
	(1451, '2024-02-10 18:37:34.630498-07', 20, 'Santiago Astata', '453'),
	(1452, '2024-02-10 18:37:34.630498-07', 20, 'Santiago Atitln', '454'),
	(1453, '2024-02-10 18:37:34.630498-07', 20, 'Santiago Ayuquililla', '455'),
	(1454, '2024-02-10 18:37:34.630498-07', 20, 'Santiago Cacaloxtepec', '456'),
	(1455, '2024-02-10 18:37:34.630498-07', 20, 'Santiago Camotln', '457'),
	(1456, '2024-02-10 18:37:34.630498-07', 20, 'Santiago Comaltepec', '458'),
	(1457, '2024-02-10 18:37:34.630498-07', 20, 'Santiago Chazumba', '459'),
	(1458, '2024-02-10 18:37:34.630498-07', 20, 'Santiago Chopam', '460'),
	(1459, '2024-02-10 18:37:34.630498-07', 20, 'Santiago del Ro', '461'),
	(1460, '2024-02-10 18:37:34.630498-07', 20, 'Santiago Huajolotitln', '462'),
	(1461, '2024-02-10 18:37:34.630498-07', 20, 'Santiago Huauclilla', '463'),
	(1462, '2024-02-10 18:37:34.630498-07', 20, 'Santiago Ihuitln Plumas', '464'),
	(1463, '2024-02-10 18:37:34.630498-07', 20, 'Santiago Ixcuintepec', '465'),
	(1464, '2024-02-10 18:37:34.630498-07', 20, 'Santiago Ixtayutla', '466'),
	(1465, '2024-02-10 18:37:34.630498-07', 20, 'Santiago Jamiltepec', '467'),
	(1466, '2024-02-10 18:37:34.630498-07', 20, 'Santiago Jocotepec', '468'),
	(1467, '2024-02-10 18:37:34.630498-07', 20, 'Santiago Juxtlahuaca', '469'),
	(1468, '2024-02-10 18:37:34.630498-07', 20, 'Santiago Lachiguiri', '470'),
	(1469, '2024-02-10 18:37:34.630498-07', 20, 'Santiago Lalopa', '471'),
	(1470, '2024-02-10 18:37:34.630498-07', 20, 'Santiago Laollaga', '472'),
	(1471, '2024-02-10 18:37:34.630498-07', 20, 'Santiago Laxopa', '473'),
	(1472, '2024-02-10 18:37:34.630498-07', 20, 'Santiago Llano Grande', '474'),
	(1473, '2024-02-10 18:37:34.630498-07', 20, 'Santiago Matatln', '475'),
	(1474, '2024-02-10 18:37:34.630498-07', 20, 'Santiago Miltepec', '476'),
	(1475, '2024-02-10 18:37:34.630498-07', 20, 'Santiago Minas', '477'),
	(1476, '2024-02-10 18:37:34.630498-07', 20, 'Santiago Nacaltepec', '478'),
	(1477, '2024-02-10 18:37:34.630498-07', 20, 'Santiago Nejapilla', '479'),
	(1478, '2024-02-10 18:37:34.630498-07', 20, 'Santiago Nundiche', '480'),
	(1479, '2024-02-10 18:37:34.630498-07', 20, 'Santiago Nuyo', '481'),
	(1480, '2024-02-10 18:37:34.630498-07', 20, 'Santiago Pinotepa Nacional', '482'),
	(1481, '2024-02-10 18:37:34.630498-07', 20, 'Santiago Suchilquitongo', '483'),
	(1482, '2024-02-10 18:37:34.630498-07', 20, 'Santiago Tamazola', '484'),
	(1483, '2024-02-10 18:37:34.630498-07', 20, 'Santiago Tapextla', '485'),
	(1484, '2024-02-10 18:37:34.630498-07', 20, 'Villa Tejpam de la Unin', '486'),
	(1485, '2024-02-10 18:37:34.630498-07', 20, 'Santiago Tenango', '487'),
	(1486, '2024-02-10 18:37:34.630498-07', 20, 'Santiago Tepetlapa', '488'),
	(1487, '2024-02-10 18:37:34.630498-07', 20, 'Santiago Tetepec', '489'),
	(1488, '2024-02-10 18:37:34.630498-07', 20, 'Santiago Texcalcingo', '490'),
	(1489, '2024-02-10 18:37:34.630498-07', 20, 'Santiago Textitln', '491'),
	(1490, '2024-02-10 18:37:34.630498-07', 20, 'Santiago Tilantongo', '492'),
	(1491, '2024-02-10 18:37:34.630498-07', 20, 'Santiago Tillo', '493'),
	(1492, '2024-02-10 18:37:34.630498-07', 20, 'Santiago Tlazoyaltepec', '494'),
	(1493, '2024-02-10 18:37:34.630498-07', 20, 'Santiago Xanica', '495'),
	(1494, '2024-02-10 18:37:34.630498-07', 20, 'Santiago Xiacu', '496'),
	(1495, '2024-02-10 18:37:34.630498-07', 20, 'Santiago Yaitepec', '497'),
	(1496, '2024-02-10 18:37:34.630498-07', 20, 'Santiago Yaveo', '498'),
	(1497, '2024-02-10 18:37:34.630498-07', 20, 'Santiago Yolomcatl', '499'),
	(1498, '2024-02-10 18:37:34.630498-07', 20, 'Santiago Yosonda', '500'),
	(1499, '2024-02-10 18:37:34.630498-07', 20, 'Santiago Yucuyachi', '501'),
	(1500, '2024-02-10 18:37:34.630498-07', 20, 'Santiago Zacatepec', '502'),
	(1501, '2024-02-10 18:37:34.630498-07', 20, 'Santiago Zoochila', '503'),
	(1502, '2024-02-10 18:37:34.630498-07', 20, 'Nuevo Zoquipam', '504'),
	(1503, '2024-02-10 18:37:34.630498-07', 20, 'Santo Domingo Ingenio', '505'),
	(1504, '2024-02-10 18:37:34.630498-07', 20, 'Santo Domingo Albarradas', '506'),
	(1505, '2024-02-10 18:37:34.630498-07', 20, 'Santo Domingo Armenta', '507'),
	(1506, '2024-02-10 18:37:34.630498-07', 20, 'Santo Domingo Chihuitn', '508'),
	(1507, '2024-02-10 18:37:34.630498-07', 20, 'Santo Domingo de Morelos', '509'),
	(1508, '2024-02-10 18:37:34.630498-07', 20, 'Santo Domingo Ixcatln', '510'),
	(1509, '2024-02-10 18:37:34.630498-07', 20, 'Santo Domingo Nuxa', '511'),
	(1510, '2024-02-10 18:37:34.630498-07', 20, 'Santo Domingo Ozolotepec', '512'),
	(1511, '2024-02-10 18:37:34.630498-07', 20, 'Santo Domingo Petapa', '513'),
	(1512, '2024-02-10 18:37:34.630498-07', 20, 'Santo Domingo Roayaga', '514'),
	(1513, '2024-02-10 18:37:34.630498-07', 20, 'Santo Domingo Tehuantepec', '515'),
	(1514, '2024-02-10 18:37:34.630498-07', 20, 'Santo Domingo Teojomulco', '516'),
	(1515, '2024-02-10 18:37:34.630498-07', 20, 'Santo Domingo Tepuxtepec', '517'),
	(1516, '2024-02-10 18:37:34.630498-07', 20, 'Santo Domingo Tlataypam', '518'),
	(1517, '2024-02-10 18:37:34.630498-07', 20, 'Santo Domingo Tomaltepec', '519'),
	(1518, '2024-02-10 18:37:34.630498-07', 20, 'Santo Domingo Tonal', '520'),
	(1519, '2024-02-10 18:37:34.630498-07', 20, 'Santo Domingo Tonaltepec', '521'),
	(1520, '2024-02-10 18:37:34.630498-07', 20, 'Santo Domingo Xagaca', '522'),
	(1521, '2024-02-10 18:37:34.630498-07', 20, 'Santo Domingo Yanhuitln', '523'),
	(1522, '2024-02-10 18:37:34.630498-07', 20, 'Santo Domingo Yodohino', '524'),
	(1523, '2024-02-10 18:37:34.630498-07', 20, 'Santo Domingo Zanatepec', '525'),
	(1524, '2024-02-10 18:37:34.630498-07', 20, 'Santos Reyes Nopala', '526'),
	(1525, '2024-02-10 18:37:34.630498-07', 20, 'Santos Reyes Ppalo', '527'),
	(1858, '2024-02-10 18:37:34.630498-07', 24, 'Venado', '45'),
	(1526, '2024-02-10 18:37:34.630498-07', 20, 'Santos Reyes Tepejillo', '528'),
	(1527, '2024-02-10 18:37:34.630498-07', 20, 'Santos Reyes Yucun', '529'),
	(1528, '2024-02-10 18:37:34.630498-07', 20, 'Santo Toms Jalieza', '530'),
	(1529, '2024-02-10 18:37:34.630498-07', 20, 'Santo Toms Mazaltepec', '531'),
	(1530, '2024-02-10 18:37:34.630498-07', 20, 'Santo Toms Ocotepec', '532'),
	(1531, '2024-02-10 18:37:34.630498-07', 20, 'Santo Toms Tamazulapan', '533'),
	(1532, '2024-02-10 18:37:34.630498-07', 20, 'San Vicente Coatln', '534'),
	(1533, '2024-02-10 18:37:34.630498-07', 20, 'San Vicente Lachixo', '535'),
	(1534, '2024-02-10 18:37:34.630498-07', 20, 'San Vicente Nu', '536'),
	(1535, '2024-02-10 18:37:34.630498-07', 20, 'Silacayopam', '537'),
	(1536, '2024-02-10 18:37:34.630498-07', 20, 'Sitio de Xitlapehua', '538'),
	(1537, '2024-02-10 18:37:34.630498-07', 20, 'Soledad Etla', '539'),
	(1538, '2024-02-10 18:37:34.630498-07', 20, 'Villa de Tamazulpam del Progreso', '540'),
	(1539, '2024-02-10 18:37:34.630498-07', 20, 'Tanetze de Zaragoza', '541'),
	(1540, '2024-02-10 18:37:34.630498-07', 20, 'Taniche', '542'),
	(1541, '2024-02-10 18:37:34.630498-07', 20, 'Tataltepec de Valds', '543'),
	(1542, '2024-02-10 18:37:34.630498-07', 20, 'Teococuilco de Marcos Prez', '544'),
	(1543, '2024-02-10 18:37:34.630498-07', 20, 'Teotitln de Flores Magn', '545'),
	(1544, '2024-02-10 18:37:34.630498-07', 20, 'Teotitln del Valle', '546'),
	(1545, '2024-02-10 18:37:34.630498-07', 20, 'Teotongo', '547'),
	(1546, '2024-02-10 18:37:34.630498-07', 20, 'Tepelmeme Villa de Morelos', '548'),
	(1547, '2024-02-10 18:37:34.630498-07', 20, 'Heroica Villa Tezoatln de Segura y Luna, Cuna de la Independencia de Oaxaca', '549'),
	(1548, '2024-02-10 18:37:34.630498-07', 20, 'San Jernimo Tlacochahuaya', '550'),
	(1549, '2024-02-10 18:37:34.630498-07', 20, 'Tlacolula de Matamoros', '551'),
	(1550, '2024-02-10 18:37:34.630498-07', 20, 'Tlacotepec Plumas', '552'),
	(1551, '2024-02-10 18:37:34.630498-07', 20, 'Tlalixtac de Cabrera', '553'),
	(1552, '2024-02-10 18:37:34.630498-07', 20, 'Totontepec Villa de Morelos', '554'),
	(1553, '2024-02-10 18:37:34.630498-07', 20, 'Trinidad Zaachila', '555'),
	(1554, '2024-02-10 18:37:34.630498-07', 20, 'La Trinidad Vista Hermosa', '556'),
	(1555, '2024-02-10 18:37:34.630498-07', 20, 'Unin Hidalgo', '557'),
	(1556, '2024-02-10 18:37:34.630498-07', 20, 'Valerio Trujano', '558'),
	(1557, '2024-02-10 18:37:34.630498-07', 20, 'San Juan Bautista Valle Nacional', '559'),
	(1558, '2024-02-10 18:37:34.630498-07', 20, 'Villa Daz Ordaz', '560'),
	(1559, '2024-02-10 18:37:34.630498-07', 20, 'Yaxe', '561'),
	(1560, '2024-02-10 18:37:34.630498-07', 20, 'Magdalena Yodocono de Porfirio Daz', '562'),
	(1561, '2024-02-10 18:37:34.630498-07', 20, 'Yogana', '563'),
	(1562, '2024-02-10 18:37:34.630498-07', 20, 'Yutanduchi de Guerrero', '564'),
	(1563, '2024-02-10 18:37:34.630498-07', 20, 'Villa de Zaachila', '565'),
	(1564, '2024-02-10 18:37:34.630498-07', 20, 'San Mateo Yucutindoo', '566'),
	(1565, '2024-02-10 18:37:34.630498-07', 20, 'Zapotitln Lagunas', '567'),
	(1566, '2024-02-10 18:37:34.630498-07', 20, 'Zapotitln Palmas', '568'),
	(1567, '2024-02-10 18:37:34.630498-07', 20, 'Santa Ins de Zaragoza', '569'),
	(1568, '2024-02-10 18:37:34.630498-07', 20, 'Zimatln de lvarez', '570'),
	(1569, '2024-02-10 18:37:34.630498-07', 21, 'Acajete', '1'),
	(1570, '2024-02-10 18:37:34.630498-07', 21, 'Acateno', '2'),
	(1571, '2024-02-10 18:37:34.630498-07', 21, 'Acatln', '3'),
	(1572, '2024-02-10 18:37:34.630498-07', 21, 'Acatzingo', '4'),
	(1573, '2024-02-10 18:37:34.630498-07', 21, 'Acteopan', '5'),
	(1574, '2024-02-10 18:37:34.630498-07', 21, 'Ahuacatln', '6'),
	(1575, '2024-02-10 18:37:34.630498-07', 21, 'Ahuatln', '7'),
	(1576, '2024-02-10 18:37:34.630498-07', 21, 'Ahuazotepec', '8'),
	(1577, '2024-02-10 18:37:34.630498-07', 21, 'Ahuehuetitla', '9'),
	(1578, '2024-02-10 18:37:34.630498-07', 21, 'Ajalpan', '10'),
	(1579, '2024-02-10 18:37:34.630498-07', 21, 'Albino Zertuche', '11'),
	(1580, '2024-02-10 18:37:34.630498-07', 21, 'Aljojuca', '12'),
	(1581, '2024-02-10 18:37:34.630498-07', 21, 'Altepexi', '13'),
	(1582, '2024-02-10 18:37:34.630498-07', 21, 'Amixtln', '14'),
	(1583, '2024-02-10 18:37:34.630498-07', 21, 'Amozoc', '15'),
	(1584, '2024-02-10 18:37:34.630498-07', 21, 'Aquixtla', '16'),
	(1585, '2024-02-10 18:37:34.630498-07', 21, 'Atempan', '17'),
	(1586, '2024-02-10 18:37:34.630498-07', 21, 'Atexcal', '18'),
	(1587, '2024-02-10 18:37:34.630498-07', 21, 'Atlixco', '19'),
	(1588, '2024-02-10 18:37:34.630498-07', 21, 'Atoyatempan', '20'),
	(1589, '2024-02-10 18:37:34.630498-07', 21, 'Atzala', '21'),
	(1590, '2024-02-10 18:37:34.630498-07', 21, 'Atzitzihuacn', '22'),
	(1591, '2024-02-10 18:37:34.630498-07', 21, 'Atzitzintla', '23'),
	(1592, '2024-02-10 18:37:34.630498-07', 21, 'Axutla', '24'),
	(1593, '2024-02-10 18:37:34.630498-07', 21, 'Ayotoxco de Guerrero', '25'),
	(1594, '2024-02-10 18:37:34.630498-07', 21, 'Calpan', '26'),
	(1595, '2024-02-10 18:37:34.630498-07', 21, 'Caltepec', '27'),
	(1596, '2024-02-10 18:37:34.630498-07', 21, 'Camocuautla', '28'),
	(1597, '2024-02-10 18:37:34.630498-07', 21, 'Caxhuacan', '29'),
	(1598, '2024-02-10 18:37:34.630498-07', 21, 'Coatepec', '30'),
	(1599, '2024-02-10 18:37:34.630498-07', 21, 'Coatzingo', '31'),
	(1600, '2024-02-10 18:37:34.630498-07', 21, 'Cohetzala', '32'),
	(1601, '2024-02-10 18:37:34.630498-07', 21, 'Cohuecan', '33'),
	(1602, '2024-02-10 18:37:34.630498-07', 21, 'Coronango', '34'),
	(1603, '2024-02-10 18:37:34.630498-07', 21, 'Coxcatln', '35'),
	(1604, '2024-02-10 18:37:34.630498-07', 21, 'Coyomeapan', '36'),
	(1605, '2024-02-10 18:37:34.630498-07', 21, 'Coyotepec', '37'),
	(1606, '2024-02-10 18:37:34.630498-07', 21, 'Cuapiaxtla de Madero', '38'),
	(1607, '2024-02-10 18:37:34.630498-07', 21, 'Cuautempan', '39'),
	(1608, '2024-02-10 18:37:34.630498-07', 21, 'Cuautinchn', '40'),
	(1609, '2024-02-10 18:37:34.630498-07', 21, 'Cuautlancingo', '41'),
	(1610, '2024-02-10 18:37:34.630498-07', 21, 'Cuayuca de Andrade', '42'),
	(1611, '2024-02-10 18:37:34.630498-07', 21, 'Cuetzalan del Progreso', '43'),
	(1612, '2024-02-10 18:37:34.630498-07', 21, 'Cuyoaco', '44'),
	(1613, '2024-02-10 18:37:34.630498-07', 21, 'Chalchicomula de Sesma', '45'),
	(1614, '2024-02-10 18:37:34.630498-07', 21, 'Chapulco', '46'),
	(1615, '2024-02-10 18:37:34.630498-07', 21, 'Chiautla', '47'),
	(1616, '2024-02-10 18:37:34.630498-07', 21, 'Chiautzingo', '48'),
	(1617, '2024-02-10 18:37:34.630498-07', 21, 'Chiconcuautla', '49'),
	(1618, '2024-02-10 18:37:34.630498-07', 21, 'Chichiquila', '50'),
	(1619, '2024-02-10 18:37:34.630498-07', 21, 'Chietla', '51'),
	(1620, '2024-02-10 18:37:34.630498-07', 21, 'Chigmecatitln', '52'),
	(1621, '2024-02-10 18:37:34.630498-07', 21, 'Chignahuapan', '53'),
	(1622, '2024-02-10 18:37:34.630498-07', 21, 'Chignautla', '54'),
	(1623, '2024-02-10 18:37:34.630498-07', 21, 'Chila', '55'),
	(1624, '2024-02-10 18:37:34.630498-07', 21, 'Chila de la Sal', '56'),
	(1625, '2024-02-10 18:37:34.630498-07', 21, 'Honey', '57'),
	(1626, '2024-02-10 18:37:34.630498-07', 21, 'Chilchotla', '58'),
	(1627, '2024-02-10 18:37:34.630498-07', 21, 'Chinantla', '59'),
	(1628, '2024-02-10 18:37:34.630498-07', 21, 'Domingo Arenas', '60'),
	(1629, '2024-02-10 18:37:34.630498-07', 21, 'Eloxochitln', '61'),
	(1630, '2024-02-10 18:37:34.630498-07', 21, 'Epatln', '62'),
	(1631, '2024-02-10 18:37:34.630498-07', 21, 'Esperanza', '63'),
	(1632, '2024-02-10 18:37:34.630498-07', 21, 'Francisco Z. Mena', '64'),
	(1633, '2024-02-10 18:37:34.630498-07', 21, 'General Felipe ngeles', '65'),
	(1635, '2024-02-10 18:37:34.630498-07', 21, 'Guadalupe Victoria', '67'),
	(1636, '2024-02-10 18:37:34.630498-07', 21, 'Hermenegildo Galeana', '68'),
	(1637, '2024-02-10 18:37:34.630498-07', 21, 'Huaquechula', '69'),
	(1638, '2024-02-10 18:37:34.630498-07', 21, 'Huatlatlauca', '70'),
	(1639, '2024-02-10 18:37:34.630498-07', 21, 'Huauchinango', '71'),
	(1640, '2024-02-10 18:37:34.630498-07', 21, 'Huehuetla', '72'),
	(1641, '2024-02-10 18:37:34.630498-07', 21, 'Huehuetln el Chico', '73'),
	(1642, '2024-02-10 18:37:34.630498-07', 21, 'Huejotzingo', '74'),
	(1643, '2024-02-10 18:37:34.630498-07', 21, 'Hueyapan', '75'),
	(1644, '2024-02-10 18:37:34.630498-07', 21, 'Hueytamalco', '76'),
	(1645, '2024-02-10 18:37:34.630498-07', 21, 'Hueytlalpan', '77'),
	(1646, '2024-02-10 18:37:34.630498-07', 21, 'Huitzilan de Serdn', '78'),
	(1647, '2024-02-10 18:37:34.630498-07', 21, 'Huitziltepec', '79'),
	(1648, '2024-02-10 18:37:34.630498-07', 21, 'Atlequizayan', '80'),
	(1649, '2024-02-10 18:37:34.630498-07', 21, 'Ixcamilpa de Guerrero', '81'),
	(1650, '2024-02-10 18:37:34.630498-07', 21, 'Ixcaquixtla', '82'),
	(1651, '2024-02-10 18:37:34.630498-07', 21, 'Ixtacamaxtitln', '83'),
	(1652, '2024-02-10 18:37:34.630498-07', 21, 'Ixtepec', '84'),
	(1653, '2024-02-10 18:37:34.630498-07', 21, 'Izcar de Matamoros', '85'),
	(1654, '2024-02-10 18:37:34.630498-07', 21, 'Jalpan', '86'),
	(1655, '2024-02-10 18:37:34.630498-07', 21, 'Jolalpan', '87'),
	(1656, '2024-02-10 18:37:34.630498-07', 21, 'Jonotla', '88'),
	(1657, '2024-02-10 18:37:34.630498-07', 21, 'Jopala', '89'),
	(1658, '2024-02-10 18:37:34.630498-07', 21, 'Juan C. Bonilla', '90'),
	(1659, '2024-02-10 18:37:34.630498-07', 21, 'Juan Galindo', '91'),
	(1660, '2024-02-10 18:37:34.630498-07', 21, 'Juan N. Mndez', '92'),
	(1661, '2024-02-10 18:37:34.630498-07', 21, 'Lafragua', '93'),
	(1662, '2024-02-10 18:37:34.630498-07', 21, 'Libres', '94'),
	(1663, '2024-02-10 18:37:34.630498-07', 21, 'La Magdalena Tlatlauquitepec', '95'),
	(1664, '2024-02-10 18:37:34.630498-07', 21, 'Mazapiltepec de Jurez', '96'),
	(1665, '2024-02-10 18:37:34.630498-07', 21, 'Mixtla', '97'),
	(1666, '2024-02-10 18:37:34.630498-07', 21, 'Molcaxac', '98'),
	(1667, '2024-02-10 18:37:34.630498-07', 21, 'Caada Morelos', '99'),
	(1668, '2024-02-10 18:37:34.630498-07', 21, 'Naupan', '100'),
	(1669, '2024-02-10 18:37:34.630498-07', 21, 'Nauzontla', '101'),
	(1670, '2024-02-10 18:37:34.630498-07', 21, 'Nealtican', '102'),
	(1671, '2024-02-10 18:37:34.630498-07', 21, 'Nicols Bravo', '103'),
	(1672, '2024-02-10 18:37:34.630498-07', 21, 'Nopalucan', '104'),
	(1673, '2024-02-10 18:37:34.630498-07', 21, 'Ocotepec', '105'),
	(1674, '2024-02-10 18:37:34.630498-07', 21, 'Ocoyucan', '106'),
	(1675, '2024-02-10 18:37:34.630498-07', 21, 'Olintla', '107'),
	(1676, '2024-02-10 18:37:34.630498-07', 21, 'Oriental', '108'),
	(1677, '2024-02-10 18:37:34.630498-07', 21, 'Pahuatln', '109'),
	(1678, '2024-02-10 18:37:34.630498-07', 21, 'Palmar de Bravo', '110'),
	(1679, '2024-02-10 18:37:34.630498-07', 21, 'Pantepec', '111'),
	(1680, '2024-02-10 18:37:34.630498-07', 21, 'Petlalcingo', '112'),
	(1681, '2024-02-10 18:37:34.630498-07', 21, 'Piaxtla', '113'),
	(1682, '2024-02-10 18:37:34.630498-07', 21, 'Puebla', '114'),
	(1683, '2024-02-10 18:37:34.630498-07', 21, 'Quecholac', '115'),
	(1684, '2024-02-10 18:37:34.630498-07', 21, 'Quimixtln', '116'),
	(1685, '2024-02-10 18:37:34.630498-07', 21, 'Rafael Lara Grajales', '117'),
	(1686, '2024-02-10 18:37:34.630498-07', 21, 'Los Reyes de Jurez', '118'),
	(1687, '2024-02-10 18:37:34.630498-07', 21, 'San Andrs Cholula', '119'),
	(1688, '2024-02-10 18:37:34.630498-07', 21, 'San Antonio Caada', '120'),
	(1689, '2024-02-10 18:37:34.630498-07', 21, 'San Diego la Mesa Tochimiltzingo', '121'),
	(1690, '2024-02-10 18:37:34.630498-07', 21, 'San Felipe Teotlalcingo', '122'),
	(1691, '2024-02-10 18:37:34.630498-07', 21, 'San Felipe Tepatln', '123'),
	(1692, '2024-02-10 18:37:34.630498-07', 21, 'San Gabriel Chilac', '124'),
	(1693, '2024-02-10 18:37:34.630498-07', 21, 'San Gregorio Atzompa', '125'),
	(1694, '2024-02-10 18:37:34.630498-07', 21, 'San Jernimo Tecuanipan', '126'),
	(1695, '2024-02-10 18:37:34.630498-07', 21, 'San Jernimo Xayacatln', '127'),
	(1696, '2024-02-10 18:37:34.630498-07', 21, 'San Jos Chiapa', '128'),
	(1697, '2024-02-10 18:37:34.630498-07', 21, 'San Jos Miahuatln', '129'),
	(1698, '2024-02-10 18:37:34.630498-07', 21, 'San Juan Atenco', '130'),
	(1699, '2024-02-10 18:37:34.630498-07', 21, 'San Juan Atzompa', '131'),
	(1700, '2024-02-10 18:37:34.630498-07', 21, 'San Martn Texmelucan', '132'),
	(1701, '2024-02-10 18:37:34.630498-07', 21, 'San Martn Totoltepec', '133'),
	(1702, '2024-02-10 18:37:34.630498-07', 21, 'San Matas Tlalancaleca', '134'),
	(1703, '2024-02-10 18:37:34.630498-07', 21, 'San Miguel Ixitln', '135'),
	(1704, '2024-02-10 18:37:34.630498-07', 21, 'San Miguel Xoxtla', '136'),
	(1705, '2024-02-10 18:37:34.630498-07', 21, 'San Nicols Buenos Aires', '137'),
	(1706, '2024-02-10 18:37:34.630498-07', 21, 'San Nicols de los Ranchos', '138'),
	(1707, '2024-02-10 18:37:34.630498-07', 21, 'San Pablo Anicano', '139'),
	(1708, '2024-02-10 18:37:34.630498-07', 21, 'San Pedro Cholula', '140'),
	(1709, '2024-02-10 18:37:34.630498-07', 21, 'San Pedro Yeloixtlahuaca', '141'),
	(1710, '2024-02-10 18:37:34.630498-07', 21, 'San Salvador el Seco', '142'),
	(1711, '2024-02-10 18:37:34.630498-07', 21, 'San Salvador el Verde', '143'),
	(1712, '2024-02-10 18:37:34.630498-07', 21, 'San Salvador Huixcolotla', '144'),
	(1713, '2024-02-10 18:37:34.630498-07', 21, 'San Sebastin Tlacotepec', '145'),
	(1714, '2024-02-10 18:37:34.630498-07', 21, 'Santa Catarina Tlaltempan', '146'),
	(1715, '2024-02-10 18:37:34.630498-07', 21, 'Santa Ins Ahuatempan', '147'),
	(1716, '2024-02-10 18:37:34.630498-07', 21, 'Santa Isabel Cholula', '148'),
	(1717, '2024-02-10 18:37:34.630498-07', 21, 'Santiago Miahuatln', '149'),
	(1718, '2024-02-10 18:37:34.630498-07', 21, 'Huehuetln el Grande', '150'),
	(1719, '2024-02-10 18:37:34.630498-07', 21, 'Santo Toms Hueyotlipan', '151'),
	(1720, '2024-02-10 18:37:34.630498-07', 21, 'Soltepec', '152'),
	(1721, '2024-02-10 18:37:34.630498-07', 21, 'Tecali de Herrera', '153'),
	(1722, '2024-02-10 18:37:34.630498-07', 21, 'Tecamachalco', '154'),
	(1723, '2024-02-10 18:37:34.630498-07', 21, 'Tecomatln', '155'),
	(1724, '2024-02-10 18:37:34.630498-07', 21, 'Tehuacn', '156'),
	(1725, '2024-02-10 18:37:34.630498-07', 21, 'Tehuitzingo', '157'),
	(1726, '2024-02-10 18:37:34.630498-07', 21, 'Tenampulco', '158'),
	(1727, '2024-02-10 18:37:34.630498-07', 21, 'Teopantln', '159'),
	(1728, '2024-02-10 18:37:34.630498-07', 21, 'Teotlalco', '160'),
	(1729, '2024-02-10 18:37:34.630498-07', 21, 'Tepanco de Lpez', '161'),
	(1730, '2024-02-10 18:37:34.630498-07', 21, 'Tepango de Rodrguez', '162'),
	(1731, '2024-02-10 18:37:34.630498-07', 21, 'Tepatlaxco de Hidalgo', '163'),
	(1732, '2024-02-10 18:37:34.630498-07', 21, 'Tepeaca', '164'),
	(1733, '2024-02-10 18:37:34.630498-07', 21, 'Tepemaxalco', '165'),
	(1734, '2024-02-10 18:37:34.630498-07', 21, 'Tepeojuma', '166'),
	(1735, '2024-02-10 18:37:34.630498-07', 21, 'Tepetzintla', '167'),
	(1736, '2024-02-10 18:37:34.630498-07', 21, 'Tepexco', '168'),
	(1737, '2024-02-10 18:37:34.630498-07', 21, 'Tepexi de Rodrguez', '169'),
	(1738, '2024-02-10 18:37:34.630498-07', 21, 'Tepeyahualco', '170'),
	(1739, '2024-02-10 18:37:34.630498-07', 21, 'Tepeyahualco de Cuauhtmoc', '171'),
	(1740, '2024-02-10 18:37:34.630498-07', 21, 'Tetela de Ocampo', '172'),
	(1741, '2024-02-10 18:37:34.630498-07', 21, 'Teteles de Avila Castillo', '173'),
	(1742, '2024-02-10 18:37:34.630498-07', 21, 'Teziutln', '174'),
	(1743, '2024-02-10 18:37:34.630498-07', 21, 'Tianguismanalco', '175'),
	(1745, '2024-02-10 18:37:34.630498-07', 21, 'Tlacotepec de Benito Jurez', '177'),
	(1746, '2024-02-10 18:37:34.630498-07', 21, 'Tlacuilotepec', '178'),
	(1747, '2024-02-10 18:37:34.630498-07', 21, 'Tlachichuca', '179'),
	(1748, '2024-02-10 18:37:34.630498-07', 21, 'Tlahuapan', '180'),
	(1749, '2024-02-10 18:37:34.630498-07', 21, 'Tlaltenango', '181'),
	(1750, '2024-02-10 18:37:34.630498-07', 21, 'Tlanepantla', '182'),
	(1751, '2024-02-10 18:37:34.630498-07', 21, 'Tlaola', '183'),
	(1752, '2024-02-10 18:37:34.630498-07', 21, 'Tlapacoya', '184'),
	(1753, '2024-02-10 18:37:34.630498-07', 21, 'Tlapanal', '185'),
	(1754, '2024-02-10 18:37:34.630498-07', 21, 'Tlatlauquitepec', '186'),
	(1755, '2024-02-10 18:37:34.630498-07', 21, 'Tlaxco', '187'),
	(1756, '2024-02-10 18:37:34.630498-07', 21, 'Tochimilco', '188'),
	(1757, '2024-02-10 18:37:34.630498-07', 21, 'Tochtepec', '189'),
	(1758, '2024-02-10 18:37:34.630498-07', 21, 'Totoltepec de Guerrero', '190'),
	(1759, '2024-02-10 18:37:34.630498-07', 21, 'Tulcingo', '191'),
	(1760, '2024-02-10 18:37:34.630498-07', 21, 'Tuzamapan de Galeana', '192'),
	(1761, '2024-02-10 18:37:34.630498-07', 21, 'Tzicatlacoyan', '193'),
	(1762, '2024-02-10 18:37:34.630498-07', 21, 'Venustiano Carranza', '194'),
	(1763, '2024-02-10 18:37:34.630498-07', 21, 'Vicente Guerrero', '195'),
	(1764, '2024-02-10 18:37:34.630498-07', 21, 'Xayacatln de Bravo', '196'),
	(1765, '2024-02-10 18:37:34.630498-07', 21, 'Xicotepec', '197'),
	(1766, '2024-02-10 18:37:34.630498-07', 21, 'Xicotln', '198'),
	(1767, '2024-02-10 18:37:34.630498-07', 21, 'Xiutetelco', '199'),
	(1768, '2024-02-10 18:37:34.630498-07', 21, 'Xochiapulco', '200'),
	(1769, '2024-02-10 18:37:34.630498-07', 21, 'Xochiltepec', '201'),
	(1770, '2024-02-10 18:37:34.630498-07', 21, 'Xochitln de Vicente Surez', '202'),
	(1771, '2024-02-10 18:37:34.630498-07', 21, 'Xochitln Todos Santos', '203'),
	(1772, '2024-02-10 18:37:34.630498-07', 21, 'Yaonhuac', '204'),
	(1773, '2024-02-10 18:37:34.630498-07', 21, 'Yehualtepec', '205'),
	(1774, '2024-02-10 18:37:34.630498-07', 21, 'Zacapala', '206'),
	(1775, '2024-02-10 18:37:34.630498-07', 21, 'Zacapoaxtla', '207'),
	(1776, '2024-02-10 18:37:34.630498-07', 21, 'Zacatln', '208'),
	(1777, '2024-02-10 18:37:34.630498-07', 21, 'Zapotitln', '209'),
	(1778, '2024-02-10 18:37:34.630498-07', 21, 'Zapotitln de Mndez', '210'),
	(1779, '2024-02-10 18:37:34.630498-07', 21, 'Zaragoza', '211'),
	(1780, '2024-02-10 18:37:34.630498-07', 21, 'Zautla', '212'),
	(1781, '2024-02-10 18:37:34.630498-07', 21, 'Zihuateutla', '213'),
	(1782, '2024-02-10 18:37:34.630498-07', 21, 'Zinacatepec', '214'),
	(1783, '2024-02-10 18:37:34.630498-07', 21, 'Zongozotla', '215'),
	(1784, '2024-02-10 18:37:34.630498-07', 21, 'Zoquiapan', '216'),
	(1785, '2024-02-10 18:37:34.630498-07', 21, 'Zoquitln', '217'),
	(1786, '2024-02-10 18:37:34.630498-07', 22, 'Amealco de Bonfil', '1'),
	(1787, '2024-02-10 18:37:34.630498-07', 22, 'Pinal de Amoles', '2'),
	(1788, '2024-02-10 18:37:34.630498-07', 22, 'Arroyo Seco', '3'),
	(1789, '2024-02-10 18:37:34.630498-07', 22, 'Cadereyta de Montes', '4'),
	(1790, '2024-02-10 18:37:34.630498-07', 22, 'Coln', '5'),
	(1791, '2024-02-10 18:37:34.630498-07', 22, 'Corregidora', '6'),
	(1792, '2024-02-10 18:37:34.630498-07', 22, 'Ezequiel Montes', '7'),
	(1793, '2024-02-10 18:37:34.630498-07', 22, 'Huimilpan', '8'),
	(1794, '2024-02-10 18:37:34.630498-07', 22, 'Jalpan de Serra', '9'),
	(1795, '2024-02-10 18:37:34.630498-07', 22, 'Landa de Matamoros', '10'),
	(1796, '2024-02-10 18:37:34.630498-07', 22, 'El Marqus', '11'),
	(1797, '2024-02-10 18:37:34.630498-07', 22, 'Pedro Escobedo', '12'),
	(1798, '2024-02-10 18:37:34.630498-07', 22, 'Peamiller', '13'),
	(1799, '2024-02-10 18:37:34.630498-07', 22, 'Quertaro', '14'),
	(1800, '2024-02-10 18:37:34.630498-07', 22, 'San Joaqun', '15'),
	(1801, '2024-02-10 18:37:34.630498-07', 22, 'San Juan del Ro', '16'),
	(1802, '2024-02-10 18:37:34.630498-07', 22, 'Tequisquiapan', '17'),
	(1803, '2024-02-10 18:37:34.630498-07', 22, 'Tolimn', '18'),
	(1804, '2024-02-10 18:37:34.630498-07', 23, 'Cozumel', '1'),
	(1805, '2024-02-10 18:37:34.630498-07', 23, 'Felipe Carrillo Puerto', '2'),
	(1806, '2024-02-10 18:37:34.630498-07', 23, 'Isla Mujeres', '3'),
	(1807, '2024-02-10 18:37:34.630498-07', 23, 'Othn P. Blanco', '4'),
	(1808, '2024-02-10 18:37:34.630498-07', 23, 'Benito Jurez', '5'),
	(1809, '2024-02-10 18:37:34.630498-07', 23, 'Jos Mara Morelos', '6'),
	(1810, '2024-02-10 18:37:34.630498-07', 23, 'Lzaro Crdenas', '7'),
	(1811, '2024-02-10 18:37:34.630498-07', 23, 'Solidaridad', '8'),
	(1812, '2024-02-10 18:37:34.630498-07', 23, 'Tulum', '9'),
	(1813, '2024-02-10 18:37:34.630498-07', 23, 'Bacalar', '10'),
	(1814, '2024-02-10 18:37:34.630498-07', 24, 'Ahualulco', '1'),
	(1815, '2024-02-10 18:37:34.630498-07', 24, 'Alaquines', '2'),
	(1816, '2024-02-10 18:37:34.630498-07', 24, 'Aquismn', '3'),
	(1817, '2024-02-10 18:37:34.630498-07', 24, 'Armadillo de los Infante', '4'),
	(1818, '2024-02-10 18:37:34.630498-07', 24, 'Crdenas', '5'),
	(1819, '2024-02-10 18:37:34.630498-07', 24, 'Catorce', '6'),
	(1820, '2024-02-10 18:37:34.630498-07', 24, 'Cedral', '7'),
	(1821, '2024-02-10 18:37:34.630498-07', 24, 'Cerritos', '8'),
	(1822, '2024-02-10 18:37:34.630498-07', 24, 'Cerro de San Pedro', '9'),
	(1823, '2024-02-10 18:37:34.630498-07', 24, 'Ciudad del Maz', '10'),
	(1824, '2024-02-10 18:37:34.630498-07', 24, 'Ciudad Fernndez', '11'),
	(1825, '2024-02-10 18:37:34.630498-07', 24, 'Tancanhuitz', '12'),
	(1826, '2024-02-10 18:37:34.630498-07', 24, 'Ciudad Valles', '13'),
	(1827, '2024-02-10 18:37:34.630498-07', 24, 'Coxcatln', '14'),
	(1828, '2024-02-10 18:37:34.630498-07', 24, 'Charcas', '15'),
	(1829, '2024-02-10 18:37:34.630498-07', 24, 'Ebano', '16'),
	(1830, '2024-02-10 18:37:34.630498-07', 24, 'Guadalczar', '17'),
	(1831, '2024-02-10 18:37:34.630498-07', 24, 'Huehuetln', '18'),
	(1832, '2024-02-10 18:37:34.630498-07', 24, 'Lagunillas', '19'),
	(1833, '2024-02-10 18:37:34.630498-07', 24, 'Matehuala', '20'),
	(1834, '2024-02-10 18:37:34.630498-07', 24, 'Mexquitic de Carmona', '21'),
	(1835, '2024-02-10 18:37:34.630498-07', 24, 'Moctezuma', '22'),
	(1836, '2024-02-10 18:37:34.630498-07', 24, 'Rayn', '23'),
	(1837, '2024-02-10 18:37:34.630498-07', 24, 'Rioverde', '24'),
	(1838, '2024-02-10 18:37:34.630498-07', 24, 'Salinas', '25'),
	(1839, '2024-02-10 18:37:34.630498-07', 24, 'San Antonio', '26'),
	(1840, '2024-02-10 18:37:34.630498-07', 24, 'San Ciro de Acosta', '27'),
	(1841, '2024-02-10 18:37:34.630498-07', 24, 'San Luis Potos', '28'),
	(1842, '2024-02-10 18:37:34.630498-07', 24, 'San Martn Chalchicuautla', '29'),
	(1843, '2024-02-10 18:37:34.630498-07', 24, 'San Nicols Tolentino', '30'),
	(1844, '2024-02-10 18:37:34.630498-07', 24, 'Santa Catarina', '31'),
	(1845, '2024-02-10 18:37:34.630498-07', 24, 'Santa Mara del Ro', '32'),
	(1846, '2024-02-10 18:37:34.630498-07', 24, 'Santo Domingo', '33'),
	(1847, '2024-02-10 18:37:34.630498-07', 24, 'San Vicente Tancuayalab', '34'),
	(1848, '2024-02-10 18:37:34.630498-07', 24, 'Soledad de Graciano Snchez', '35'),
	(1849, '2024-02-10 18:37:34.630498-07', 24, 'Tamasopo', '36'),
	(1850, '2024-02-10 18:37:34.630498-07', 24, 'Tamazunchale', '37'),
	(1851, '2024-02-10 18:37:34.630498-07', 24, 'Tampacn', '38'),
	(1852, '2024-02-10 18:37:34.630498-07', 24, 'Tampamoln Corona', '39'),
	(1853, '2024-02-10 18:37:34.630498-07', 24, 'Tamun', '40'),
	(1854, '2024-02-10 18:37:34.630498-07', 24, 'Tanlajs', '41'),
	(1855, '2024-02-10 18:37:34.630498-07', 24, 'Tanquin de Escobedo', '42'),
	(1856, '2024-02-10 18:37:34.630498-07', 24, 'Tierra Nueva', '43'),
	(1857, '2024-02-10 18:37:34.630498-07', 24, 'Vanegas', '44'),
	(1859, '2024-02-10 18:37:34.630498-07', 24, 'Villa de Arriaga', '46'),
	(1860, '2024-02-10 18:37:34.630498-07', 24, 'Villa de Guadalupe', '47'),
	(1861, '2024-02-10 18:37:34.630498-07', 24, 'Villa de la Paz', '48'),
	(1862, '2024-02-10 18:37:34.630498-07', 24, 'Villa de Ramos', '49'),
	(1863, '2024-02-10 18:37:34.630498-07', 24, 'Villa de Reyes', '50'),
	(1864, '2024-02-10 18:37:34.630498-07', 24, 'Villa Hidalgo', '51'),
	(1865, '2024-02-10 18:37:34.630498-07', 24, 'Villa Jurez', '52'),
	(1866, '2024-02-10 18:37:34.630498-07', 24, 'Axtla de Terrazas', '53'),
	(1867, '2024-02-10 18:37:34.630498-07', 24, 'Xilitla', '54'),
	(1868, '2024-02-10 18:37:34.630498-07', 24, 'Zaragoza', '55'),
	(1869, '2024-02-10 18:37:34.630498-07', 24, 'Villa de Arista', '56'),
	(1870, '2024-02-10 18:37:34.630498-07', 24, 'Matlapa', '57'),
	(1871, '2024-02-10 18:37:34.630498-07', 24, 'El Naranjo', '58'),
	(1872, '2024-02-10 18:37:34.630498-07', 25, 'Ahome', '1'),
	(1873, '2024-02-10 18:37:34.630498-07', 25, 'Angostura', '2'),
	(1874, '2024-02-10 18:37:34.630498-07', 25, 'Badiraguato', '3'),
	(1875, '2024-02-10 18:37:34.630498-07', 25, 'Concordia', '4'),
	(1876, '2024-02-10 18:37:34.630498-07', 25, 'Cosal', '5'),
	(1877, '2024-02-10 18:37:34.630498-07', 25, 'Culiacn', '6'),
	(1878, '2024-02-10 18:37:34.630498-07', 25, 'Choix', '7'),
	(1879, '2024-02-10 18:37:34.630498-07', 25, 'Elota', '8'),
	(1880, '2024-02-10 18:37:34.630498-07', 25, 'Escuinapa', '9'),
	(1881, '2024-02-10 18:37:34.630498-07', 25, 'El Fuerte', '10'),
	(1882, '2024-02-10 18:37:34.630498-07', 25, 'Guasave', '11'),
	(1883, '2024-02-10 18:37:34.630498-07', 25, 'Mazatln', '12'),
	(1884, '2024-02-10 18:37:34.630498-07', 25, 'Mocorito', '13'),
	(1885, '2024-02-10 18:37:34.630498-07', 25, 'Rosario', '14'),
	(1886, '2024-02-10 18:37:34.630498-07', 25, 'Salvador Alvarado', '15'),
	(1887, '2024-02-10 18:37:34.630498-07', 25, 'San Ignacio', '16'),
	(1888, '2024-02-10 18:37:34.630498-07', 25, 'Sinaloa', '17'),
	(1889, '2024-02-10 18:37:34.630498-07', 25, 'Navolato', '18'),
	(1890, '2024-02-10 18:37:34.630498-07', 26, 'Aconchi', '1'),
	(1891, '2024-02-10 18:37:34.630498-07', 26, 'Agua Prieta', '2'),
	(1892, '2024-02-10 18:37:34.630498-07', 26, 'Alamos', '3'),
	(1893, '2024-02-10 18:37:34.630498-07', 26, 'Altar', '4'),
	(1894, '2024-02-10 18:37:34.630498-07', 26, 'Arivechi', '5'),
	(1895, '2024-02-10 18:37:34.630498-07', 26, 'Arizpe', '6'),
	(1896, '2024-02-10 18:37:34.630498-07', 26, 'Atil', '7'),
	(1897, '2024-02-10 18:37:34.630498-07', 26, 'Bacadhuachi', '8'),
	(1898, '2024-02-10 18:37:34.630498-07', 26, 'Bacanora', '9'),
	(1899, '2024-02-10 18:37:34.630498-07', 26, 'Bacerac', '10'),
	(1900, '2024-02-10 18:37:34.630498-07', 26, 'Bacoachi', '11'),
	(1901, '2024-02-10 18:37:34.630498-07', 26, 'Bcum', '12'),
	(1902, '2024-02-10 18:37:34.630498-07', 26, 'Banmichi', '13'),
	(1903, '2024-02-10 18:37:34.630498-07', 26, 'Bavicora', '14'),
	(1904, '2024-02-10 18:37:34.630498-07', 26, 'Bavispe', '15'),
	(1905, '2024-02-10 18:37:34.630498-07', 26, 'Benjamn Hill', '16'),
	(1906, '2024-02-10 18:37:34.630498-07', 26, 'Caborca', '17'),
	(1907, '2024-02-10 18:37:34.630498-07', 26, 'Cajeme', '18'),
	(1908, '2024-02-10 18:37:34.630498-07', 26, 'Cananea', '19'),
	(1909, '2024-02-10 18:37:34.630498-07', 26, 'Carb', '20'),
	(1910, '2024-02-10 18:37:34.630498-07', 26, 'La Colorada', '21'),
	(1911, '2024-02-10 18:37:34.630498-07', 26, 'Cucurpe', '22'),
	(1912, '2024-02-10 18:37:34.630498-07', 26, 'Cumpas', '23'),
	(1913, '2024-02-10 18:37:34.630498-07', 26, 'Divisaderos', '24'),
	(1914, '2024-02-10 18:37:34.630498-07', 26, 'Empalme', '25'),
	(1915, '2024-02-10 18:37:34.630498-07', 26, 'Etchojoa', '26'),
	(1916, '2024-02-10 18:37:34.630498-07', 26, 'Fronteras', '27'),
	(1917, '2024-02-10 18:37:34.630498-07', 26, 'Granados', '28'),
	(1918, '2024-02-10 18:37:34.630498-07', 26, 'Guaymas', '29'),
	(1919, '2024-02-10 18:37:34.630498-07', 26, 'Hermosillo', '30'),
	(1920, '2024-02-10 18:37:34.630498-07', 26, 'Huachinera', '31'),
	(1921, '2024-02-10 18:37:34.630498-07', 26, 'Husabas', '32'),
	(1922, '2024-02-10 18:37:34.630498-07', 26, 'Huatabampo', '33'),
	(1923, '2024-02-10 18:37:34.630498-07', 26, 'Hupac', '34'),
	(1924, '2024-02-10 18:37:34.630498-07', 26, 'Imuris', '35'),
	(1925, '2024-02-10 18:37:34.630498-07', 26, 'Magdalena', '36'),
	(1926, '2024-02-10 18:37:34.630498-07', 26, 'Mazatn', '37'),
	(1927, '2024-02-10 18:37:34.630498-07', 26, 'Moctezuma', '38'),
	(1928, '2024-02-10 18:37:34.630498-07', 26, 'Naco', '39'),
	(1929, '2024-02-10 18:37:34.630498-07', 26, 'Ncori Chico', '40'),
	(1930, '2024-02-10 18:37:34.630498-07', 26, 'Nacozari de Garca', '41'),
	(1931, '2024-02-10 18:37:34.630498-07', 26, 'Navojoa', '42'),
	(1932, '2024-02-10 18:37:34.630498-07', 26, 'Nogales', '43'),
	(1933, '2024-02-10 18:37:34.630498-07', 26, 'Onavas', '44'),
	(1934, '2024-02-10 18:37:34.630498-07', 26, 'Opodepe', '45'),
	(1935, '2024-02-10 18:37:34.630498-07', 26, 'Oquitoa', '46'),
	(1936, '2024-02-10 18:37:34.630498-07', 26, 'Pitiquito', '47'),
	(1937, '2024-02-10 18:37:34.630498-07', 26, 'Puerto Peasco', '48'),
	(1938, '2024-02-10 18:37:34.630498-07', 26, 'Quiriego', '49'),
	(1939, '2024-02-10 18:37:34.630498-07', 26, 'Rayn', '50'),
	(1940, '2024-02-10 18:37:34.630498-07', 26, 'Rosario', '51'),
	(1941, '2024-02-10 18:37:34.630498-07', 26, 'Sahuaripa', '52'),
	(1942, '2024-02-10 18:37:34.630498-07', 26, 'San Felipe de Jess', '53'),
	(1943, '2024-02-10 18:37:34.630498-07', 26, 'San Javier', '54'),
	(1944, '2024-02-10 18:37:34.630498-07', 26, 'San Luis Ro Colorado', '55'),
	(1945, '2024-02-10 18:37:34.630498-07', 26, 'San Miguel de Horcasitas', '56'),
	(1946, '2024-02-10 18:37:34.630498-07', 26, 'San Pedro de la Cueva', '57'),
	(1947, '2024-02-10 18:37:34.630498-07', 26, 'Santa Ana', '58'),
	(1948, '2024-02-10 18:37:34.630498-07', 26, 'Santa Cruz', '59'),
	(1949, '2024-02-10 18:37:34.630498-07', 26, 'Sric', '60'),
	(1950, '2024-02-10 18:37:34.630498-07', 26, 'Soyopa', '61'),
	(1951, '2024-02-10 18:37:34.630498-07', 26, 'Suaqui Grande', '62'),
	(1952, '2024-02-10 18:37:34.630498-07', 26, 'Tepache', '63'),
	(1953, '2024-02-10 18:37:34.630498-07', 26, 'Trincheras', '64'),
	(1954, '2024-02-10 18:37:34.630498-07', 26, 'Tubutama', '65'),
	(1955, '2024-02-10 18:37:34.630498-07', 26, 'Ures', '66'),
	(1956, '2024-02-10 18:37:34.630498-07', 26, 'Villa Hidalgo', '67'),
	(1957, '2024-02-10 18:37:34.630498-07', 26, 'Villa Pesqueira', '68'),
	(1958, '2024-02-10 18:37:34.630498-07', 26, 'Ycora', '69'),
	(1959, '2024-02-10 18:37:34.630498-07', 26, 'General Plutarco Elas Calles', '70'),
	(1960, '2024-02-10 18:37:34.630498-07', 26, 'Benito Jurez', '71'),
	(1961, '2024-02-10 18:37:34.630498-07', 26, 'San Ignacio Ro Muerto', '72'),
	(1962, '2024-02-10 18:37:34.630498-07', 27, 'Balancn', '1'),
	(1963, '2024-02-10 18:37:34.630498-07', 27, 'Crdenas', '2'),
	(1964, '2024-02-10 18:37:34.630498-07', 27, 'Centla', '3'),
	(1965, '2024-02-10 18:37:34.630498-07', 27, 'Centro', '4'),
	(1966, '2024-02-10 18:37:34.630498-07', 27, 'Comalcalco', '5'),
	(1967, '2024-02-10 18:37:34.630498-07', 27, 'Cunduacn', '6'),
	(1968, '2024-02-10 18:37:34.630498-07', 27, 'Emiliano Zapata', '7'),
	(1969, '2024-02-10 18:37:34.630498-07', 27, 'Huimanguillo', '8'),
	(1970, '2024-02-10 18:37:34.630498-07', 27, 'Jalapa', '9'),
	(1971, '2024-02-10 18:37:34.630498-07', 27, 'Jalpa de Mndez', '10'),
	(1972, '2024-02-10 18:37:34.630498-07', 27, 'Jonuta', '11'),
	(1973, '2024-02-10 18:37:34.630498-07', 27, 'Macuspana', '12'),
	(1974, '2024-02-10 18:37:34.630498-07', 27, 'Nacajuca', '13'),
	(1975, '2024-02-10 18:37:34.630498-07', 27, 'Paraso', '14'),
	(1976, '2024-02-10 18:37:34.630498-07', 27, 'Tacotalpa', '15'),
	(1977, '2024-02-10 18:37:34.630498-07', 27, 'Teapa', '16'),
	(1978, '2024-02-10 18:37:34.630498-07', 27, 'Tenosique', '17'),
	(1979, '2024-02-10 18:37:34.630498-07', 28, 'Abasolo', '1'),
	(1980, '2024-02-10 18:37:34.630498-07', 28, 'Aldama', '2'),
	(1981, '2024-02-10 18:37:34.630498-07', 28, 'Altamira', '3'),
	(1982, '2024-02-10 18:37:34.630498-07', 28, 'Antiguo Morelos', '4'),
	(1983, '2024-02-10 18:37:34.630498-07', 28, 'Burgos', '5'),
	(1984, '2024-02-10 18:37:34.630498-07', 28, 'Bustamante', '6'),
	(1985, '2024-02-10 18:37:34.630498-07', 28, 'Camargo', '7'),
	(1986, '2024-02-10 18:37:34.630498-07', 28, 'Casas', '8'),
	(1987, '2024-02-10 18:37:34.630498-07', 28, 'Ciudad Madero', '9'),
	(1988, '2024-02-10 18:37:34.630498-07', 28, 'Cruillas', '10'),
	(1989, '2024-02-10 18:37:34.630498-07', 28, 'Gmez Faras', '11'),
	(1990, '2024-02-10 18:37:34.630498-07', 28, 'Gonzlez', '12'),
	(1991, '2024-02-10 18:37:34.630498-07', 28, 'Gmez', '13'),
	(1992, '2024-02-10 18:37:34.630498-07', 28, 'Guerrero', '14'),
	(1993, '2024-02-10 18:37:34.630498-07', 28, 'Gustavo Daz Ordaz', '15'),
	(1994, '2024-02-10 18:37:34.630498-07', 28, 'Hidalgo', '16'),
	(1995, '2024-02-10 18:37:34.630498-07', 28, 'Jaumave', '17'),
	(1996, '2024-02-10 18:37:34.630498-07', 28, 'Jimnez', '18'),
	(1997, '2024-02-10 18:37:34.630498-07', 28, 'Llera', '19'),
	(1998, '2024-02-10 18:37:34.630498-07', 28, 'Mainero', '20'),
	(1999, '2024-02-10 18:37:34.630498-07', 28, 'El Mante', '21'),
	(2000, '2024-02-10 18:37:34.630498-07', 28, 'Matamoros', '22'),
	(2001, '2024-02-10 18:37:34.630498-07', 28, 'Mndez', '23'),
	(2002, '2024-02-10 18:37:34.630498-07', 28, 'Mier', '24'),
	(2003, '2024-02-10 18:37:34.630498-07', 28, 'Miguel Alemn', '25'),
	(2004, '2024-02-10 18:37:34.630498-07', 28, 'Miquihuana', '26'),
	(2005, '2024-02-10 18:37:34.630498-07', 28, 'Nuevo Laredo', '27'),
	(2006, '2024-02-10 18:37:34.630498-07', 28, 'Nuevo Morelos', '28'),
	(2007, '2024-02-10 18:37:34.630498-07', 28, 'Ocampo', '29'),
	(2008, '2024-02-10 18:37:34.630498-07', 28, 'Padilla', '30'),
	(2009, '2024-02-10 18:37:34.630498-07', 28, 'Palmillas', '31'),
	(2010, '2024-02-10 18:37:34.630498-07', 28, 'Reynosa', '32'),
	(2011, '2024-02-10 18:37:34.630498-07', 28, 'Ro Bravo', '33'),
	(2012, '2024-02-10 18:37:34.630498-07', 28, 'San Carlos', '34'),
	(2013, '2024-02-10 18:37:34.630498-07', 28, 'San Fernando', '35'),
	(2014, '2024-02-10 18:37:34.630498-07', 28, 'San Nicols', '36'),
	(2015, '2024-02-10 18:37:34.630498-07', 28, 'Soto la Marina', '37'),
	(2016, '2024-02-10 18:37:34.630498-07', 28, 'Tampico', '38'),
	(2017, '2024-02-10 18:37:34.630498-07', 28, 'Tula', '39'),
	(2018, '2024-02-10 18:37:34.630498-07', 28, 'Valle Hermoso', '40'),
	(2019, '2024-02-10 18:37:34.630498-07', 28, 'Victoria', '41'),
	(2020, '2024-02-10 18:37:34.630498-07', 28, 'Villagrn', '42'),
	(2021, '2024-02-10 18:37:34.630498-07', 28, 'Xicotncatl', '43'),
	(2022, '2024-02-10 18:37:34.630498-07', 29, 'Amaxac de Guerrero', '1'),
	(2023, '2024-02-10 18:37:34.630498-07', 29, 'Apetatitln de Antonio Carvajal', '2'),
	(2024, '2024-02-10 18:37:34.630498-07', 29, 'Atlangatepec', '3'),
	(2025, '2024-02-10 18:37:34.630498-07', 29, 'Atltzayanca', '4'),
	(2026, '2024-02-10 18:37:34.630498-07', 29, 'Apizaco', '5'),
	(2027, '2024-02-10 18:37:34.630498-07', 29, 'Calpulalpan', '6'),
	(2028, '2024-02-10 18:37:34.630498-07', 29, 'El Carmen Tequexquitla', '7'),
	(2029, '2024-02-10 18:37:34.630498-07', 29, 'Cuapiaxtla', '8'),
	(2030, '2024-02-10 18:37:34.630498-07', 29, 'Cuaxomulco', '9'),
	(2031, '2024-02-10 18:37:34.630498-07', 29, 'Chiautempan', '10'),
	(2032, '2024-02-10 18:37:34.630498-07', 29, 'Muoz de Domingo Arenas', '11'),
	(2033, '2024-02-10 18:37:34.630498-07', 29, 'Espaita', '12'),
	(2034, '2024-02-10 18:37:34.630498-07', 29, 'Huamantla', '13'),
	(2035, '2024-02-10 18:37:34.630498-07', 29, 'Hueyotlipan', '14'),
	(2036, '2024-02-10 18:37:34.630498-07', 29, 'Ixtacuixtla de Mariano Matamoros', '15'),
	(2037, '2024-02-10 18:37:34.630498-07', 29, 'Ixtenco', '16'),
	(2038, '2024-02-10 18:37:34.630498-07', 29, 'Mazatecochco de Jos Mara Morelos', '17'),
	(2039, '2024-02-10 18:37:34.630498-07', 29, 'Contla de Juan Cuamatzi', '18'),
	(2040, '2024-02-10 18:37:34.630498-07', 29, 'Tepetitla de Lardizbal', '19'),
	(2041, '2024-02-10 18:37:34.630498-07', 29, 'Sanctrum de Lzaro Crdenas', '20'),
	(2042, '2024-02-10 18:37:34.630498-07', 29, 'Nanacamilpa de Mariano Arista', '21'),
	(2043, '2024-02-10 18:37:34.630498-07', 29, 'Acuamanala de Miguel Hidalgo', '22'),
	(2044, '2024-02-10 18:37:34.630498-07', 29, 'Natvitas', '23'),
	(2045, '2024-02-10 18:37:34.630498-07', 29, 'Panotla', '24'),
	(2046, '2024-02-10 18:37:34.630498-07', 29, 'San Pablo del Monte', '25'),
	(2047, '2024-02-10 18:37:34.630498-07', 29, 'Santa Cruz Tlaxcala', '26'),
	(2048, '2024-02-10 18:37:34.630498-07', 29, 'Tenancingo', '27'),
	(2049, '2024-02-10 18:37:34.630498-07', 29, 'Teolocholco', '28'),
	(2050, '2024-02-10 18:37:34.630498-07', 29, 'Tepeyanco', '29'),
	(2051, '2024-02-10 18:37:34.630498-07', 29, 'Terrenate', '30'),
	(2052, '2024-02-10 18:37:34.630498-07', 29, 'Tetla de la Solidaridad', '31'),
	(2053, '2024-02-10 18:37:34.630498-07', 29, 'Tetlatlahuca', '32'),
	(2054, '2024-02-10 18:37:34.630498-07', 29, 'Tlaxcala', '33'),
	(2055, '2024-02-10 18:37:34.630498-07', 29, 'Tlaxco', '34'),
	(2056, '2024-02-10 18:37:34.630498-07', 29, 'Tocatln', '35'),
	(2057, '2024-02-10 18:37:34.630498-07', 29, 'Totolac', '36'),
	(2058, '2024-02-10 18:37:34.630498-07', 29, 'Ziltlaltpec de Trinidad Snchez Santos', '37'),
	(2059, '2024-02-10 18:37:34.630498-07', 29, 'Tzompantepec', '38'),
	(2060, '2024-02-10 18:37:34.630498-07', 29, 'Xaloztoc', '39'),
	(2061, '2024-02-10 18:37:34.630498-07', 29, 'Xaltocan', '40'),
	(2062, '2024-02-10 18:37:34.630498-07', 29, 'Papalotla de Xicohtncatl', '41'),
	(2063, '2024-02-10 18:37:34.630498-07', 29, 'Xicohtzinco', '42'),
	(2064, '2024-02-10 18:37:34.630498-07', 29, 'Yauhquemehcan', '43'),
	(2065, '2024-02-10 18:37:34.630498-07', 29, 'Zacatelco', '44'),
	(2066, '2024-02-10 18:37:34.630498-07', 29, 'Benito Jurez', '45'),
	(2067, '2024-02-10 18:37:34.630498-07', 29, 'Emiliano Zapata', '46'),
	(2068, '2024-02-10 18:37:34.630498-07', 29, 'Lzaro Crdenas', '47'),
	(2069, '2024-02-10 18:37:34.630498-07', 29, 'La Magdalena Tlaltelulco', '48'),
	(2070, '2024-02-10 18:37:34.630498-07', 29, 'San Damin Texloc', '49'),
	(2071, '2024-02-10 18:37:34.630498-07', 29, 'San Francisco Tetlanohcan', '50'),
	(2072, '2024-02-10 18:37:34.630498-07', 29, 'San Jernimo Zacualpan', '51'),
	(2073, '2024-02-10 18:37:34.630498-07', 29, 'San Jos Teacalco', '52'),
	(2074, '2024-02-10 18:37:34.630498-07', 29, 'San Juan Huactzinco', '53'),
	(2075, '2024-02-10 18:37:34.630498-07', 29, 'San Lorenzo Axocomanitla', '54'),
	(2076, '2024-02-10 18:37:34.630498-07', 29, 'San Lucas Tecopilco', '55'),
	(2077, '2024-02-10 18:37:34.630498-07', 29, 'Santa Ana Nopalucan', '56'),
	(2078, '2024-02-10 18:37:34.630498-07', 29, 'Santa Apolonia Teacalco', '57'),
	(2079, '2024-02-10 18:37:34.630498-07', 29, 'Santa Catarina Ayometla', '58'),
	(2080, '2024-02-10 18:37:34.630498-07', 29, 'Santa Cruz Quilehtla', '59'),
	(2081, '2024-02-10 18:37:34.630498-07', 29, 'Santa Isabel Xiloxoxtla', '60'),
	(2082, '2024-02-10 18:37:34.630498-07', 30, 'Acajete', '1'),
	(2083, '2024-02-10 18:37:34.630498-07', 30, 'Acatln', '2'),
	(2084, '2024-02-10 18:37:34.630498-07', 30, 'Acayucan', '3'),
	(2085, '2024-02-10 18:37:34.630498-07', 30, 'Actopan', '4'),
	(2086, '2024-02-10 18:37:34.630498-07', 30, 'Acula', '5'),
	(2087, '2024-02-10 18:37:34.630498-07', 30, 'Acultzingo', '6'),
	(2088, '2024-02-10 18:37:34.630498-07', 30, 'Camarn de Tejeda', '7'),
	(2089, '2024-02-10 18:37:34.630498-07', 30, 'Alpatlhuac', '8'),
	(2090, '2024-02-10 18:37:34.630498-07', 30, 'Alto Lucero de Gutirrez Barrios', '9'),
	(2091, '2024-02-10 18:37:34.630498-07', 30, 'Altotonga', '10'),
	(2092, '2024-02-10 18:37:34.630498-07', 30, 'Alvarado', '11'),
	(2093, '2024-02-10 18:37:34.630498-07', 30, 'Amatitln', '12'),
	(2094, '2024-02-10 18:37:34.630498-07', 30, 'Naranjos Amatln', '13'),
	(2095, '2024-02-10 18:37:34.630498-07', 30, 'Amatln de los Reyes', '14'),
	(2096, '2024-02-10 18:37:34.630498-07', 30, 'Angel R. Cabada', '15'),
	(2097, '2024-02-10 18:37:34.630498-07', 30, 'La Antigua', '16'),
	(2098, '2024-02-10 18:37:34.630498-07', 30, 'Apazapan', '17'),
	(2099, '2024-02-10 18:37:34.630498-07', 30, 'Aquila', '18'),
	(2100, '2024-02-10 18:37:34.630498-07', 30, 'Astacinga', '19'),
	(2101, '2024-02-10 18:37:34.630498-07', 30, 'Atlahuilco', '20'),
	(2102, '2024-02-10 18:37:34.630498-07', 30, 'Atoyac', '21'),
	(2103, '2024-02-10 18:37:34.630498-07', 30, 'Atzacan', '22'),
	(2104, '2024-02-10 18:37:34.630498-07', 30, 'Atzalan', '23'),
	(2105, '2024-02-10 18:37:34.630498-07', 30, 'Tlaltetela', '24'),
	(2106, '2024-02-10 18:37:34.630498-07', 30, 'Ayahualulco', '25'),
	(2107, '2024-02-10 18:37:34.630498-07', 30, 'Banderilla', '26'),
	(2108, '2024-02-10 18:37:34.630498-07', 30, 'Benito Jurez', '27'),
	(2109, '2024-02-10 18:37:34.630498-07', 30, 'Boca del Ro', '28'),
	(2110, '2024-02-10 18:37:34.630498-07', 30, 'Calcahualco', '29'),
	(2111, '2024-02-10 18:37:34.630498-07', 30, 'Camerino Z. Mendoza', '30'),
	(2112, '2024-02-10 18:37:34.630498-07', 30, 'Carrillo Puerto', '31'),
	(2113, '2024-02-10 18:37:34.630498-07', 30, 'Catemaco', '32'),
	(2114, '2024-02-10 18:37:34.630498-07', 30, 'Cazones de Herrera', '33'),
	(2115, '2024-02-10 18:37:34.630498-07', 30, 'Cerro Azul', '34'),
	(2116, '2024-02-10 18:37:34.630498-07', 30, 'Citlaltpetl', '35'),
	(2117, '2024-02-10 18:37:34.630498-07', 30, 'Coacoatzintla', '36'),
	(2118, '2024-02-10 18:37:34.630498-07', 30, 'Coahuitln', '37'),
	(2119, '2024-02-10 18:37:34.630498-07', 30, 'Coatepec', '38'),
	(2120, '2024-02-10 18:37:34.630498-07', 30, 'Coatzacoalcos', '39'),
	(2121, '2024-02-10 18:37:34.630498-07', 30, 'Coatzintla', '40'),
	(2122, '2024-02-10 18:37:34.630498-07', 30, 'Coetzala', '41'),
	(2123, '2024-02-10 18:37:34.630498-07', 30, 'Colipa', '42'),
	(2124, '2024-02-10 18:37:34.630498-07', 30, 'Comapa', '43'),
	(2125, '2024-02-10 18:37:34.630498-07', 30, 'Crdoba', '44'),
	(2126, '2024-02-10 18:37:34.630498-07', 30, 'Cosamaloapan de Carpio', '45'),
	(2127, '2024-02-10 18:37:34.630498-07', 30, 'Cosautln de Carvajal', '46'),
	(2128, '2024-02-10 18:37:34.630498-07', 30, 'Coscomatepec', '47'),
	(2129, '2024-02-10 18:37:34.630498-07', 30, 'Cosoleacaque', '48'),
	(2130, '2024-02-10 18:37:34.630498-07', 30, 'Cotaxtla', '49'),
	(2131, '2024-02-10 18:37:34.630498-07', 30, 'Coxquihui', '50'),
	(2132, '2024-02-10 18:37:34.630498-07', 30, 'Coyutla', '51'),
	(2133, '2024-02-10 18:37:34.630498-07', 30, 'Cuichapa', '52'),
	(2134, '2024-02-10 18:37:34.630498-07', 30, 'Cuitlhuac', '53'),
	(2135, '2024-02-10 18:37:34.630498-07', 30, 'Chacaltianguis', '54'),
	(2136, '2024-02-10 18:37:34.630498-07', 30, 'Chalma', '55'),
	(2137, '2024-02-10 18:37:34.630498-07', 30, 'Chiconamel', '56'),
	(2138, '2024-02-10 18:37:34.630498-07', 30, 'Chiconquiaco', '57'),
	(2139, '2024-02-10 18:37:34.630498-07', 30, 'Chicontepec', '58'),
	(2140, '2024-02-10 18:37:34.630498-07', 30, 'Chinameca', '59'),
	(2141, '2024-02-10 18:37:34.630498-07', 30, 'Chinampa de Gorostiza', '60'),
	(2142, '2024-02-10 18:37:34.630498-07', 30, 'Las Choapas', '61'),
	(2143, '2024-02-10 18:37:34.630498-07', 30, 'Chocamn', '62'),
	(2144, '2024-02-10 18:37:34.630498-07', 30, 'Chontla', '63'),
	(2145, '2024-02-10 18:37:34.630498-07', 30, 'Chumatln', '64'),
	(2146, '2024-02-10 18:37:34.630498-07', 30, 'Emiliano Zapata', '65'),
	(2147, '2024-02-10 18:37:34.630498-07', 30, 'Espinal', '66'),
	(2148, '2024-02-10 18:37:34.630498-07', 30, 'Filomeno Mata', '67'),
	(2149, '2024-02-10 18:37:34.630498-07', 30, 'Fortn', '68'),
	(2150, '2024-02-10 18:37:34.630498-07', 30, 'Gutirrez Zamora', '69'),
	(2151, '2024-02-10 18:37:34.630498-07', 30, 'Hidalgotitln', '70'),
	(2152, '2024-02-10 18:37:34.630498-07', 30, 'Huatusco', '71'),
	(2153, '2024-02-10 18:37:34.630498-07', 30, 'Huayacocotla', '72'),
	(2154, '2024-02-10 18:37:34.630498-07', 30, 'Hueyapan de Ocampo', '73'),
	(2155, '2024-02-10 18:37:34.630498-07', 30, 'Huiloapan de Cuauhtmoc', '74'),
	(2156, '2024-02-10 18:37:34.630498-07', 30, 'Ignacio de la Llave', '75'),
	(2157, '2024-02-10 18:37:34.630498-07', 30, 'Ilamatln', '76'),
	(2158, '2024-02-10 18:37:34.630498-07', 30, 'Isla', '77'),
	(2159, '2024-02-10 18:37:34.630498-07', 30, 'Ixcatepec', '78'),
	(2160, '2024-02-10 18:37:34.630498-07', 30, 'Ixhuacn de los Reyes', '79'),
	(2161, '2024-02-10 18:37:34.630498-07', 30, 'Ixhuatln del Caf', '80'),
	(2162, '2024-02-10 18:37:34.630498-07', 30, 'Ixhuatlancillo', '81'),
	(2163, '2024-02-10 18:37:34.630498-07', 30, 'Ixhuatln del Sureste', '82'),
	(2164, '2024-02-10 18:37:34.630498-07', 30, 'Ixhuatln de Madero', '83'),
	(2165, '2024-02-10 18:37:34.630498-07', 30, 'Ixmatlahuacan', '84'),
	(2166, '2024-02-10 18:37:34.630498-07', 30, 'Ixtaczoquitln', '85'),
	(2167, '2024-02-10 18:37:34.630498-07', 30, 'Jalacingo', '86'),
	(2168, '2024-02-10 18:37:34.630498-07', 30, 'Xalapa', '87'),
	(2169, '2024-02-10 18:37:34.630498-07', 30, 'Jalcomulco', '88'),
	(2170, '2024-02-10 18:37:34.630498-07', 30, 'Jltipan', '89'),
	(2171, '2024-02-10 18:37:34.630498-07', 30, 'Jamapa', '90'),
	(2172, '2024-02-10 18:37:34.630498-07', 30, 'Jess Carranza', '91'),
	(2173, '2024-02-10 18:37:34.630498-07', 30, 'Xico', '92'),
	(2174, '2024-02-10 18:37:34.630498-07', 30, 'Jilotepec', '93'),
	(2175, '2024-02-10 18:37:34.630498-07', 30, 'Juan Rodrguez Clara', '94'),
	(2176, '2024-02-10 18:37:34.630498-07', 30, 'Juchique de Ferrer', '95'),
	(2177, '2024-02-10 18:37:34.630498-07', 30, 'Landero y Coss', '96'),
	(2178, '2024-02-10 18:37:34.630498-07', 30, 'Lerdo de Tejada', '97'),
	(2179, '2024-02-10 18:37:34.630498-07', 30, 'Magdalena', '98'),
	(2180, '2024-02-10 18:37:34.630498-07', 30, 'Maltrata', '99'),
	(2181, '2024-02-10 18:37:34.630498-07', 30, 'Manlio Fabio Altamirano', '100'),
	(2182, '2024-02-10 18:37:34.630498-07', 30, 'Mariano Escobedo', '101'),
	(2183, '2024-02-10 18:37:34.630498-07', 30, 'Martnez de la Torre', '102'),
	(2184, '2024-02-10 18:37:34.630498-07', 30, 'Mecatln', '103'),
	(2185, '2024-02-10 18:37:34.630498-07', 30, 'Mecayapan', '104'),
	(2186, '2024-02-10 18:37:34.630498-07', 30, 'Medelln de Bravo', '105'),
	(2187, '2024-02-10 18:37:34.630498-07', 30, 'Miahuatln', '106'),
	(2188, '2024-02-10 18:37:34.630498-07', 30, 'Las Minas', '107'),
	(2189, '2024-02-10 18:37:34.630498-07', 30, 'Minatitln', '108'),
	(2190, '2024-02-10 18:37:34.630498-07', 30, 'Misantla', '109'),
	(2191, '2024-02-10 18:37:34.630498-07', 30, 'Mixtla de Altamirano', '110'),
	(2192, '2024-02-10 18:37:34.630498-07', 30, 'Moloacn', '111'),
	(2193, '2024-02-10 18:37:34.630498-07', 30, 'Naolinco', '112'),
	(2194, '2024-02-10 18:37:34.630498-07', 30, 'Naranjal', '113'),
	(2195, '2024-02-10 18:37:34.630498-07', 30, 'Nautla', '114'),
	(2196, '2024-02-10 18:37:34.630498-07', 30, 'Nogales', '115'),
	(2197, '2024-02-10 18:37:34.630498-07', 30, 'Oluta', '116'),
	(2198, '2024-02-10 18:37:34.630498-07', 30, 'Omealca', '117'),
	(2199, '2024-02-10 18:37:34.630498-07', 30, 'Orizaba', '118'),
	(2200, '2024-02-10 18:37:34.630498-07', 30, 'Otatitln', '119'),
	(2201, '2024-02-10 18:37:34.630498-07', 30, 'Oteapan', '120'),
	(2202, '2024-02-10 18:37:34.630498-07', 30, 'Ozuluama de Mascareas', '121'),
	(2203, '2024-02-10 18:37:34.630498-07', 30, 'Pajapan', '122'),
	(2204, '2024-02-10 18:37:34.630498-07', 30, 'Pnuco', '123'),
	(2205, '2024-02-10 18:37:34.630498-07', 30, 'Papantla', '124'),
	(2206, '2024-02-10 18:37:34.630498-07', 30, 'Paso del Macho', '125'),
	(2207, '2024-02-10 18:37:34.630498-07', 30, 'Paso de Ovejas', '126'),
	(2208, '2024-02-10 18:37:34.630498-07', 30, 'La Perla', '127'),
	(2209, '2024-02-10 18:37:34.630498-07', 30, 'Perote', '128'),
	(2210, '2024-02-10 18:37:34.630498-07', 30, 'Platn Snchez', '129'),
	(2211, '2024-02-10 18:37:34.630498-07', 30, 'Playa Vicente', '130'),
	(2212, '2024-02-10 18:37:34.630498-07', 30, 'Poza Rica de Hidalgo', '131'),
	(2213, '2024-02-10 18:37:34.630498-07', 30, 'Las Vigas de Ramrez', '132'),
	(2214, '2024-02-10 18:37:34.630498-07', 30, 'Pueblo Viejo', '133'),
	(2215, '2024-02-10 18:37:34.630498-07', 30, 'Puente Nacional', '134'),
	(2216, '2024-02-10 18:37:34.630498-07', 30, 'Rafael Delgado', '135'),
	(2217, '2024-02-10 18:37:34.630498-07', 30, 'Rafael Lucio', '136'),
	(2218, '2024-02-10 18:37:34.630498-07', 30, 'Los Reyes', '137'),
	(2219, '2024-02-10 18:37:34.630498-07', 30, 'Ro Blanco', '138'),
	(2220, '2024-02-10 18:37:34.630498-07', 30, 'Saltabarranca', '139'),
	(2221, '2024-02-10 18:37:34.630498-07', 30, 'San Andrs Tenejapan', '140'),
	(2222, '2024-02-10 18:37:34.630498-07', 30, 'San Andrs Tuxtla', '141'),
	(2223, '2024-02-10 18:37:34.630498-07', 30, 'San Juan Evangelista', '142'),
	(2224, '2024-02-10 18:37:34.630498-07', 30, 'Santiago Tuxtla', '143'),
	(2225, '2024-02-10 18:37:34.630498-07', 30, 'Sayula de Alemn', '144'),
	(2226, '2024-02-10 18:37:34.630498-07', 30, 'Soconusco', '145'),
	(2227, '2024-02-10 18:37:34.630498-07', 30, 'Sochiapa', '146'),
	(2228, '2024-02-10 18:37:34.630498-07', 30, 'Soledad Atzompa', '147'),
	(2229, '2024-02-10 18:37:34.630498-07', 30, 'Soledad de Doblado', '148'),
	(2230, '2024-02-10 18:37:34.630498-07', 30, 'Soteapan', '149'),
	(2231, '2024-02-10 18:37:34.630498-07', 30, 'Tamaln', '150'),
	(2232, '2024-02-10 18:37:34.630498-07', 30, 'Tamiahua', '151'),
	(2233, '2024-02-10 18:37:34.630498-07', 30, 'Tampico Alto', '152'),
	(2234, '2024-02-10 18:37:34.630498-07', 30, 'Tancoco', '153'),
	(2235, '2024-02-10 18:37:34.630498-07', 30, 'Tantima', '154'),
	(2236, '2024-02-10 18:37:34.630498-07', 30, 'Tantoyuca', '155'),
	(2237, '2024-02-10 18:37:34.630498-07', 30, 'Tatatila', '156'),
	(2238, '2024-02-10 18:37:34.630498-07', 30, 'Castillo de Teayo', '157'),
	(2239, '2024-02-10 18:37:34.630498-07', 30, 'Tecolutla', '158'),
	(2240, '2024-02-10 18:37:34.630498-07', 30, 'Tehuipango', '159'),
	(2241, '2024-02-10 18:37:34.630498-07', 30, 'lamo Temapache', '160'),
	(2242, '2024-02-10 18:37:34.630498-07', 30, 'Tempoal', '161'),
	(2243, '2024-02-10 18:37:34.630498-07', 30, 'Tenampa', '162'),
	(2244, '2024-02-10 18:37:34.630498-07', 30, 'Tenochtitln', '163'),
	(2245, '2024-02-10 18:37:34.630498-07', 30, 'Teocelo', '164'),
	(2246, '2024-02-10 18:37:34.630498-07', 30, 'Tepatlaxco', '165'),
	(2247, '2024-02-10 18:37:34.630498-07', 30, 'Tepetln', '166'),
	(2248, '2024-02-10 18:37:34.630498-07', 30, 'Tepetzintla', '167'),
	(2249, '2024-02-10 18:37:34.630498-07', 30, 'Tequila', '168'),
	(2250, '2024-02-10 18:37:34.630498-07', 30, 'Jos Azueta', '169'),
	(2251, '2024-02-10 18:37:34.630498-07', 30, 'Texcatepec', '170'),
	(2252, '2024-02-10 18:37:34.630498-07', 30, 'Texhuacn', '171'),
	(2253, '2024-02-10 18:37:34.630498-07', 30, 'Texistepec', '172'),
	(2254, '2024-02-10 18:37:34.630498-07', 30, 'Tezonapa', '173'),
	(2255, '2024-02-10 18:37:34.630498-07', 30, 'Tierra Blanca', '174'),
	(2256, '2024-02-10 18:37:34.630498-07', 30, 'Tihuatln', '175'),
	(2257, '2024-02-10 18:37:34.630498-07', 30, 'Tlacojalpan', '176'),
	(2258, '2024-02-10 18:37:34.630498-07', 30, 'Tlacolulan', '177'),
	(2259, '2024-02-10 18:37:34.630498-07', 30, 'Tlacotalpan', '178'),
	(2260, '2024-02-10 18:37:34.630498-07', 30, 'Tlacotepec de Meja', '179'),
	(2261, '2024-02-10 18:37:34.630498-07', 30, 'Tlachichilco', '180'),
	(2262, '2024-02-10 18:37:34.630498-07', 30, 'Tlalixcoyan', '181'),
	(2263, '2024-02-10 18:37:34.630498-07', 30, 'Tlalnelhuayocan', '182'),
	(2264, '2024-02-10 18:37:34.630498-07', 30, 'Tlapacoyan', '183'),
	(2265, '2024-02-10 18:37:34.630498-07', 30, 'Tlaquilpa', '184'),
	(2266, '2024-02-10 18:37:34.630498-07', 30, 'Tlilapan', '185'),
	(2267, '2024-02-10 18:37:34.630498-07', 30, 'Tomatln', '186'),
	(2268, '2024-02-10 18:37:34.630498-07', 30, 'Tonayn', '187'),
	(2269, '2024-02-10 18:37:34.630498-07', 30, 'Totutla', '188'),
	(2270, '2024-02-10 18:37:34.630498-07', 30, 'Tuxpan', '189'),
	(2271, '2024-02-10 18:37:34.630498-07', 30, 'Tuxtilla', '190'),
	(2272, '2024-02-10 18:37:34.630498-07', 30, 'Ursulo Galvn', '191'),
	(2273, '2024-02-10 18:37:34.630498-07', 30, 'Vega de Alatorre', '192'),
	(2274, '2024-02-10 18:37:34.630498-07', 30, 'Veracruz', '193'),
	(2275, '2024-02-10 18:37:34.630498-07', 30, 'Villa Aldama', '194'),
	(2276, '2024-02-10 18:37:34.630498-07', 30, 'Xoxocotla', '195'),
	(2277, '2024-02-10 18:37:34.630498-07', 30, 'Yanga', '196'),
	(2278, '2024-02-10 18:37:34.630498-07', 30, 'Yecuatla', '197'),
	(2279, '2024-02-10 18:37:34.630498-07', 30, 'Zacualpan', '198'),
	(2280, '2024-02-10 18:37:34.630498-07', 30, 'Zaragoza', '199'),
	(2281, '2024-02-10 18:37:34.630498-07', 30, 'Zentla', '200'),
	(2282, '2024-02-10 18:37:34.630498-07', 30, 'Zongolica', '201'),
	(2283, '2024-02-10 18:37:34.630498-07', 30, 'Zontecomatln de Lpez y Fuentes', '202'),
	(2284, '2024-02-10 18:37:34.630498-07', 30, 'Zozocolco de Hidalgo', '203'),
	(2285, '2024-02-10 18:37:34.630498-07', 30, 'Agua Dulce', '204'),
	(2286, '2024-02-10 18:37:34.630498-07', 30, 'El Higo', '205'),
	(2287, '2024-02-10 18:37:34.630498-07', 30, 'Nanchital de Lzaro Crdenas del Ro', '206'),
	(2288, '2024-02-10 18:37:34.630498-07', 30, 'Tres Valles', '207'),
	(2289, '2024-02-10 18:37:34.630498-07', 30, 'Carlos A. Carrillo', '208'),
	(2290, '2024-02-10 18:37:34.630498-07', 30, 'Tatahuicapan de Jurez', '209'),
	(2291, '2024-02-10 18:37:34.630498-07', 30, 'Uxpanapa', '210'),
	(2292, '2024-02-10 18:37:34.630498-07', 30, 'San Rafael', '211'),
	(2293, '2024-02-10 18:37:34.630498-07', 30, 'Santiago Sochiapan', '212'),
	(2294, '2024-02-10 18:37:34.630498-07', 31, 'Abal', '1'),
	(2295, '2024-02-10 18:37:34.630498-07', 31, 'Acanceh', '2'),
	(2296, '2024-02-10 18:37:34.630498-07', 31, 'Akil', '3'),
	(2297, '2024-02-10 18:37:34.630498-07', 31, 'Baca', '4'),
	(2298, '2024-02-10 18:37:34.630498-07', 31, 'Bokob', '5'),
	(2299, '2024-02-10 18:37:34.630498-07', 31, 'Buctzotz', '6'),
	(2300, '2024-02-10 18:37:34.630498-07', 31, 'Cacalchn', '7'),
	(2301, '2024-02-10 18:37:34.630498-07', 31, 'Calotmul', '8'),
	(2302, '2024-02-10 18:37:34.630498-07', 31, 'Cansahcab', '9'),
	(2303, '2024-02-10 18:37:34.630498-07', 31, 'Cantamayec', '10'),
	(2304, '2024-02-10 18:37:34.630498-07', 31, 'Celestn', '11'),
	(2305, '2024-02-10 18:37:34.630498-07', 31, 'Cenotillo', '12'),
	(2306, '2024-02-10 18:37:34.630498-07', 31, 'Conkal', '13'),
	(2307, '2024-02-10 18:37:34.630498-07', 31, 'Cuncunul', '14'),
	(2308, '2024-02-10 18:37:34.630498-07', 31, 'Cuzam', '15'),
	(2309, '2024-02-10 18:37:34.630498-07', 31, 'Chacsinkn', '16'),
	(2310, '2024-02-10 18:37:34.630498-07', 31, 'Chankom', '17'),
	(2311, '2024-02-10 18:37:34.630498-07', 31, 'Chapab', '18'),
	(2312, '2024-02-10 18:37:34.630498-07', 31, 'Chemax', '19'),
	(2313, '2024-02-10 18:37:34.630498-07', 31, 'Chicxulub Pueblo', '20'),
	(2314, '2024-02-10 18:37:34.630498-07', 31, 'Chichimil', '21'),
	(2315, '2024-02-10 18:37:34.630498-07', 31, 'Chikindzonot', '22'),
	(2316, '2024-02-10 18:37:34.630498-07', 31, 'Chochol', '23'),
	(2317, '2024-02-10 18:37:34.630498-07', 31, 'Chumayel', '24'),
	(2318, '2024-02-10 18:37:34.630498-07', 31, 'Dzn', '25'),
	(2319, '2024-02-10 18:37:34.630498-07', 31, 'Dzemul', '26'),
	(2320, '2024-02-10 18:37:34.630498-07', 31, 'Dzidzantn', '27'),
	(2321, '2024-02-10 18:37:34.630498-07', 31, 'Dzilam de Bravo', '28'),
	(2322, '2024-02-10 18:37:34.630498-07', 31, 'Dzilam Gonzlez', '29'),
	(2323, '2024-02-10 18:37:34.630498-07', 31, 'Dzits', '30'),
	(2324, '2024-02-10 18:37:34.630498-07', 31, 'Dzoncauich', '31'),
	(2325, '2024-02-10 18:37:34.630498-07', 31, 'Espita', '32'),
	(2326, '2024-02-10 18:37:34.630498-07', 31, 'Halach', '33'),
	(2327, '2024-02-10 18:37:34.630498-07', 31, 'Hocab', '34'),
	(2328, '2024-02-10 18:37:34.630498-07', 31, 'Hoctn', '35'),
	(2329, '2024-02-10 18:37:34.630498-07', 31, 'Homn', '36'),
	(2330, '2024-02-10 18:37:34.630498-07', 31, 'Huh', '37'),
	(2331, '2024-02-10 18:37:34.630498-07', 31, 'Hunucm', '38'),
	(2332, '2024-02-10 18:37:34.630498-07', 31, 'Ixil', '39'),
	(2333, '2024-02-10 18:37:34.630498-07', 31, 'Izamal', '40'),
	(2334, '2024-02-10 18:37:34.630498-07', 31, 'Kanasn', '41'),
	(2335, '2024-02-10 18:37:34.630498-07', 31, 'Kantunil', '42'),
	(2336, '2024-02-10 18:37:34.630498-07', 31, 'Kaua', '43'),
	(2337, '2024-02-10 18:37:34.630498-07', 31, 'Kinchil', '44'),
	(2338, '2024-02-10 18:37:34.630498-07', 31, 'Kopom', '45'),
	(2339, '2024-02-10 18:37:34.630498-07', 31, 'Mama', '46'),
	(2340, '2024-02-10 18:37:34.630498-07', 31, 'Man', '47'),
	(2341, '2024-02-10 18:37:34.630498-07', 31, 'Maxcan', '48'),
	(2342, '2024-02-10 18:37:34.630498-07', 31, 'Mayapn', '49'),
	(2343, '2024-02-10 18:37:34.630498-07', 31, 'Mrida', '50'),
	(2344, '2024-02-10 18:37:34.630498-07', 31, 'Mococh', '51'),
	(2345, '2024-02-10 18:37:34.630498-07', 31, 'Motul', '52'),
	(2346, '2024-02-10 18:37:34.630498-07', 31, 'Muna', '53'),
	(2347, '2024-02-10 18:37:34.630498-07', 31, 'Muxupip', '54'),
	(2348, '2024-02-10 18:37:34.630498-07', 31, 'Opichn', '55'),
	(2349, '2024-02-10 18:37:34.630498-07', 31, 'Oxkutzcab', '56'),
	(2350, '2024-02-10 18:37:34.630498-07', 31, 'Panab', '57'),
	(2351, '2024-02-10 18:37:34.630498-07', 31, 'Peto', '58'),
	(2352, '2024-02-10 18:37:34.630498-07', 31, 'Progreso', '59'),
	(2353, '2024-02-10 18:37:34.630498-07', 31, 'Quintana Roo', '60'),
	(2354, '2024-02-10 18:37:34.630498-07', 31, 'Ro Lagartos', '61'),
	(2355, '2024-02-10 18:37:34.630498-07', 31, 'Sacalum', '62'),
	(2356, '2024-02-10 18:37:34.630498-07', 31, 'Samahil', '63'),
	(2357, '2024-02-10 18:37:34.630498-07', 31, 'Sanahcat', '64'),
	(2358, '2024-02-10 18:37:34.630498-07', 31, 'San Felipe', '65'),
	(2359, '2024-02-10 18:37:34.630498-07', 31, 'Santa Elena', '66'),
	(2360, '2024-02-10 18:37:34.630498-07', 31, 'Sey', '67'),
	(2361, '2024-02-10 18:37:34.630498-07', 31, 'Sinanch', '68'),
	(2362, '2024-02-10 18:37:34.630498-07', 31, 'Sotuta', '69'),
	(2363, '2024-02-10 18:37:34.630498-07', 31, 'Sucil', '70'),
	(2364, '2024-02-10 18:37:34.630498-07', 31, 'Sudzal', '71'),
	(2365, '2024-02-10 18:37:34.630498-07', 31, 'Suma', '72'),
	(2366, '2024-02-10 18:37:34.630498-07', 31, 'Tahdzi', '73'),
	(2367, '2024-02-10 18:37:34.630498-07', 31, 'Tahmek', '74'),
	(2368, '2024-02-10 18:37:34.630498-07', 31, 'Teabo', '75'),
	(2369, '2024-02-10 18:37:34.630498-07', 31, 'Tecoh', '76'),
	(2370, '2024-02-10 18:37:34.630498-07', 31, 'Tekal de Venegas', '77'),
	(2371, '2024-02-10 18:37:34.630498-07', 31, 'Tekant', '78'),
	(2372, '2024-02-10 18:37:34.630498-07', 31, 'Tekax', '79'),
	(2373, '2024-02-10 18:37:34.630498-07', 31, 'Tekit', '80'),
	(2374, '2024-02-10 18:37:34.630498-07', 31, 'Tekom', '81'),
	(2375, '2024-02-10 18:37:34.630498-07', 31, 'Telchac Pueblo', '82'),
	(2376, '2024-02-10 18:37:34.630498-07', 31, 'Telchac Puerto', '83'),
	(2377, '2024-02-10 18:37:34.630498-07', 31, 'Temax', '84'),
	(2378, '2024-02-10 18:37:34.630498-07', 31, 'Temozn', '85'),
	(2379, '2024-02-10 18:37:34.630498-07', 31, 'Tepakn', '86'),
	(2380, '2024-02-10 18:37:34.630498-07', 31, 'Tetiz', '87'),
	(2381, '2024-02-10 18:37:34.630498-07', 31, 'Teya', '88'),
	(2382, '2024-02-10 18:37:34.630498-07', 31, 'Ticul', '89'),
	(2383, '2024-02-10 18:37:34.630498-07', 31, 'Timucuy', '90'),
	(2384, '2024-02-10 18:37:34.630498-07', 31, 'Tinum', '91'),
	(2385, '2024-02-10 18:37:34.630498-07', 31, 'Tixcacalcupul', '92'),
	(2386, '2024-02-10 18:37:34.630498-07', 31, 'Tixkokob', '93'),
	(2387, '2024-02-10 18:37:34.630498-07', 31, 'Tixmehuac', '94'),
	(2388, '2024-02-10 18:37:34.630498-07', 31, 'Tixphual', '95'),
	(2389, '2024-02-10 18:37:34.630498-07', 31, 'Tizimn', '96'),
	(2390, '2024-02-10 18:37:34.630498-07', 31, 'Tunks', '97'),
	(2391, '2024-02-10 18:37:34.630498-07', 31, 'Tzucacab', '98'),
	(2392, '2024-02-10 18:37:34.630498-07', 31, 'Uayma', '99'),
	(2393, '2024-02-10 18:37:34.630498-07', 31, 'Uc', '100'),
	(2394, '2024-02-10 18:37:34.630498-07', 31, 'Umn', '101'),
	(2395, '2024-02-10 18:37:34.630498-07', 31, 'Valladolid', '102'),
	(2396, '2024-02-10 18:37:34.630498-07', 31, 'Xocchel', '103'),
	(2397, '2024-02-10 18:37:34.630498-07', 31, 'Yaxcab', '104'),
	(2398, '2024-02-10 18:37:34.630498-07', 31, 'Yaxkukul', '105'),
	(2399, '2024-02-10 18:37:34.630498-07', 31, 'Yoban', '106'),
	(2400, '2024-02-10 18:37:34.630498-07', 32, 'Apozol', '1'),
	(2401, '2024-02-10 18:37:34.630498-07', 32, 'Apulco', '2'),
	(2402, '2024-02-10 18:37:34.630498-07', 32, 'Atolinga', '3'),
	(2403, '2024-02-10 18:37:34.630498-07', 32, 'Benito Jurez', '4'),
	(2404, '2024-02-10 18:37:34.630498-07', 32, 'Calera', '5'),
	(2405, '2024-02-10 18:37:34.630498-07', 32, 'Caitas de Felipe Pescador', '6'),
	(2406, '2024-02-10 18:37:34.630498-07', 32, 'Concepcin del Oro', '7'),
	(2407, '2024-02-10 18:37:34.630498-07', 32, 'Cuauhtmoc', '8'),
	(2408, '2024-02-10 18:37:34.630498-07', 32, 'Chalchihuites', '9'),
	(2409, '2024-02-10 18:37:34.630498-07', 32, 'Fresnillo', '10'),
	(2410, '2024-02-10 18:37:34.630498-07', 32, 'Trinidad Garca de la Cadena', '11'),
	(2411, '2024-02-10 18:37:34.630498-07', 32, 'Genaro Codina', '12'),
	(2412, '2024-02-10 18:37:34.630498-07', 32, 'General Enrique Estrada', '13'),
	(2413, '2024-02-10 18:37:34.630498-07', 32, 'General Francisco R. Murgua', '14'),
	(2414, '2024-02-10 18:37:34.630498-07', 32, 'El Plateado de Joaqun Amaro', '15'),
	(2415, '2024-02-10 18:37:34.630498-07', 32, 'General Pnfilo Natera', '16'),
	(2416, '2024-02-10 18:37:34.630498-07', 32, 'Guadalupe', '17'),
	(2417, '2024-02-10 18:37:34.630498-07', 32, 'Huanusco', '18'),
	(2418, '2024-02-10 18:37:34.630498-07', 32, 'Jalpa', '19'),
	(2419, '2024-02-10 18:37:34.630498-07', 32, 'Jerez', '20'),
	(2420, '2024-02-10 18:37:34.630498-07', 32, 'Jimnez del Teul', '21'),
	(2421, '2024-02-10 18:37:34.630498-07', 32, 'Juan Aldama', '22'),
	(2422, '2024-02-10 18:37:34.630498-07', 32, 'Juchipila', '23'),
	(2423, '2024-02-10 18:37:34.630498-07', 32, 'Loreto', '24'),
	(2424, '2024-02-10 18:37:34.630498-07', 32, 'Luis Moya', '25'),
	(2425, '2024-02-10 18:37:34.630498-07', 32, 'Mazapil', '26'),
	(2426, '2024-02-10 18:37:34.630498-07', 32, 'Melchor Ocampo', '27'),
	(2427, '2024-02-10 18:37:34.630498-07', 32, 'Mezquital del Oro', '28'),
	(2428, '2024-02-10 18:37:34.630498-07', 32, 'Miguel Auza', '29'),
	(2429, '2024-02-10 18:37:34.630498-07', 32, 'Momax', '30'),
	(2430, '2024-02-10 18:37:34.630498-07', 32, 'Monte Escobedo', '31'),
	(2431, '2024-02-10 18:37:34.630498-07', 32, 'Morelos', '32'),
	(2432, '2024-02-10 18:37:34.630498-07', 32, 'Moyahua de Estrada', '33'),
	(2433, '2024-02-10 18:37:34.630498-07', 32, 'Nochistln de Meja', '34'),
	(2434, '2024-02-10 18:37:34.630498-07', 32, 'Noria de ngeles', '35'),
	(2435, '2024-02-10 18:37:34.630498-07', 32, 'Ojocaliente', '36'),
	(2436, '2024-02-10 18:37:34.630498-07', 32, 'Pnuco', '37'),
	(2437, '2024-02-10 18:37:34.630498-07', 32, 'Pinos', '38'),
	(2438, '2024-02-10 18:37:34.630498-07', 32, 'Ro Grande', '39'),
	(2439, '2024-02-10 18:37:34.630498-07', 32, 'Sain Alto', '40'),
	(2440, '2024-02-10 18:37:34.630498-07', 32, 'El Salvador', '41'),
	(2441, '2024-02-10 18:37:34.630498-07', 32, 'Sombrerete', '42'),
	(2442, '2024-02-10 18:37:34.630498-07', 32, 'Susticacn', '43'),
	(2443, '2024-02-10 18:37:34.630498-07', 32, 'Tabasco', '44'),
	(2444, '2024-02-10 18:37:34.630498-07', 32, 'Tepechitln', '45'),
	(2445, '2024-02-10 18:37:34.630498-07', 32, 'Tepetongo', '46'),
	(2446, '2024-02-10 18:37:34.630498-07', 32, 'Tel de Gonzlez Ortega', '47'),
	(2447, '2024-02-10 18:37:34.630498-07', 32, 'Tlaltenango de Snchez Romn', '48'),
	(2448, '2024-02-10 18:37:34.630498-07', 32, 'Valparaso', '49'),
	(2449, '2024-02-10 18:37:34.630498-07', 32, 'Vetagrande', '50'),
	(2450, '2024-02-10 18:37:34.630498-07', 32, 'Villa de Cos', '51'),
	(2451, '2024-02-10 18:37:34.630498-07', 32, 'Villa Garca', '52'),
	(2452, '2024-02-10 18:37:34.630498-07', 32, 'Villa Gonzlez Ortega', '53'),
	(2453, '2024-02-10 18:37:34.630498-07', 32, 'Villa Hidalgo', '54'),
	(2454, '2024-02-10 18:37:34.630498-07', 32, 'Villanueva', '55'),
	(2455, '2024-02-10 18:37:34.630498-07', 32, 'Zacatecas', '56'),
	(2456, '2024-02-10 18:37:34.630498-07', 32, 'Trancoso', '57'),
	(2457, '2024-02-10 18:37:34.630498-07', 32, 'Santa Mara de la Paz', '58'),
	(2470, '2024-02-16 11:52:48.824825-07', 8, 'Aconchi', NULL);


--
-- Data for Name: usuarios; Type: TABLE DATA; Schema: public; Owner: postgres
--

INSERT INTO "public"."usuarios" ("id", "created_at", "nombres", "apellidos", "celular", "email", "estado", "municipio", "url_imagen_perfil", "rol") VALUES
	('36a42894-ff8b-4339-afc4-1ba31c3692e2', '2024-02-17 14:48:28.063527-07', 'Wnsjd', 'Sjdkd', '6621313131', 'eqingsoftware12@gmail.com', 26, 1919, NULL, 'usuario'),
	('2961f497-101d-4dc4-92a5-998499d0d6a9', '2024-02-17 14:51:23.140911-07', 'Ksjs', 'Sjjd', '6621345698', 'resostenidobusiness@gmail.com', 26, 1919, NULL, 'usuario'),
	('d3cf5372-8388-48f2-b9e8-5e94269ec671', '2024-02-16 02:01:28.055559-07', 'Karolina', 'Badilla', '6623514245', 'karolina14badilla@gmail.com', 31, 2294, NULL, 'usuario'),
	('67ad521e-c8d4-409f-98f8-2ef3ba44e0ae', '2024-02-16 02:04:45.558496-07', 'Daniel', 'Juarez', '6622793384', 'danielon002@gmail.com', NULL, NULL, NULL, 'usuario'),
	('960a5d81-c083-4556-881b-4596a351ff97', '2024-02-16 02:05:55.721575-07', 'Daniel', 'Juarez', '6621246357', 'loncitooo17@gmail.com', 26, 1919, NULL, 'usuario'),
	('c1d198f0-8e90-4b44-b03a-277a436d784d', '2024-02-18 12:08:48.589046-07', 'Arturo', 'Estrada', '1111111111', 'arturoestrada.gyro@gmail.com', 26, 1919, NULL, 'usuario'),
	('aabf1223-2b84-4950-9933-7aacd9d86901', '2024-02-18 12:30:19.009971-07', 'Luis', 'Rios', '9442251369', 'kkjkkk9@hotmail.com', NULL, NULL, NULL, 'usuario'),
	('55592903-75fc-4f11-8ca9-b69c853acf6b', '2024-02-17 17:43:27.592117-07', 'Test', 'Test', '6621935761', 'a220213915@unison.mx', 26, 1919, NULL, 'usuario'),
	('cec72efd-7174-4423-be0b-8fc5075419de', '2024-02-17 17:47:26.09706-07', 'Skdjbf', 'Dnsnbd', '6632121212', 'luisosuna1034@gmail.com', 26, 1919, NULL, 'usuario'),
	('9b35935f-ba81-4876-a989-a463308d35e6', '2024-02-18 12:49:10.783869-07', 'Luis', 'Rios', '1223654789', 'kkkkk@gmail.com', NULL, NULL, NULL, 'usuario'),
	('0296a7ef-9b7e-45b4-9686-fd60e50aa956', '2024-02-18 13:08:39.91251-07', 'Kk', 'Pp', '3697852419', 'texika3543@fkcod.com', NULL, NULL, NULL, 'usuario'),
	('afb3caae-a422-4ff4-a208-d375189a1cd6', '2024-02-17 01:42:43.958054-07', 'Andrea', 'Duarte', '6621392225', 'andrea@gmail.com', NULL, NULL, NULL, 'usuario'),
	('02804ea9-c8d2-45f0-bc1c-eb3c59a0f34d', '2024-02-17 01:44:22.085537-07', 'Andrea', 'Duarte', '6621392964', 'figiyal129@rohoza.com', NULL, NULL, NULL, 'usuario'),
	('2f53f080-a602-410d-b40b-d4728a7879b8', '2024-02-18 13:11:29.526735-07', 'Luis', 'Rios', '3697852411', 'luis_estradar89@hotmail.com', 26, 1919, NULL, 'usuario'),
	('22957dd1-a482-4e43-bb51-9eb300af9d0f', '2024-03-13 09:39:32.385993-07', 'Armando', 'Gonzalez', '123456789', 'a220200653@unison.mx', 26, 1919, NULL, 'usuario'),
	('55226b2b-9573-4bd6-85b3-dc0ae41d5416', '2024-03-30 18:06:05.869214-07', 'Sis', 'A', '6621111111', 'prueba@gmaio.com', NULL, NULL, NULL, 'usuario'),
	('9a3857ba-fcd8-47a1-a80a-e32ccbd0bee9', '2024-02-16 19:38:21.334914-07', 'prueba', 'Wow', '6666666666', 'a220214016@unison.mx', 27, 1965, NULL, 'usuario'),
	('c820cd07-b8fe-4613-b125-775d442b309f', '2024-02-19 13:34:35.395004-07', 'Jose Luis ', 'Ochoa Hernndez', '6621346522', 'joseluis.ochoa@unison.mx', 26, 1919, NULL, 'usuario'),
	('2b8056a9-476b-41ef-a60e-8b234f9e732d', '2024-03-04 12:27:08.535062-07', 'Abigail', 'Ramirez', '6623514243', 'karolina11abigail@gmail.com', 26, 1919, NULL, 'usuario'),
	('e7ea82e0-5f4a-4a3b-ae12-2366d0009459', '2024-03-04 12:27:56.351311-07', 'Andres', 'Martinez ', '1234567894', 'papitochulo@gmail.com', NULL, NULL, NULL, 'usuario'),
	('da97de6f-73ff-4335-88da-2cd0b67a3433', '2024-02-17 21:45:13.201651-07', 'Karla', 'Lerma ', '6621284028', 'karla13goldstar@gmail.com', 26, 1919, NULL, 'usuario'),
	('6712184a-73b8-4541-add0-db439070c061', '2024-02-18 10:33:03.036425-07', 'Isaac', 'Nicanor Mojardin ', '6623505259', 'lisaaghnic07@gmail.com', 26, 1919, NULL, 'usuario'),
	('faf903c8-5f72-4318-81f3-da97ba95cac1', '2024-03-04 12:27:20.907224-07', 'Estefania', 'Grave ', '66244844', 'estefyloona@gmail.com', 26, 1919, NULL, 'usuario'),
	('de2d79cb-19fb-4d98-9ea1-54ee7218c129', '2024-03-04 12:28:06.985596-07', 'Mayamisdlg', 'Alabama', '6451160876', 'zlokitoclan@gmail.com', 26, 1919, NULL, 'usuario'),
	('b315d333-e3fb-448f-b6c5-9c69cc6512f8', '2024-03-04 12:26:58.67601-07', 'Deivid', 'Nuez Gurrola ', '6621152478', 'a220204087@unison.mx', 26, 1919, NULL, 'usuario'),
	('8fa98f1a-7041-4220-90b0-9974e7c6a465', '2024-03-04 12:28:54.066083-07', 'Andres', 'Martinez ', '1234567897', 'andresantelo12@gmail.com', 26, 1919, NULL, 'usuario'),
	('4a05f22c-a7bc-4b0f-9028-00f389e6a6f7', '2024-02-15 16:06:34.792687-07', 'Andra', 'Duarte', '6621392968', 'andreadh01@gmail.com', 26, 1919, NULL, 'usuario'),
	('964d5641-a9d6-4213-9d1f-995b8613450b', '2024-03-04 12:30:37.371631-07', 'Daniela ', 'Badilla', '6623514242', 'badilla.ramirez.k.prog@gmail.com', 26, 1919, NULL, 'usuario'),
	('06d6fe74-d185-4dda-bf92-f83d9f6db3f1', '2024-02-17 16:55:35.908208-07', 'David', 'Nuez', '662152478', 'davidnunez635@gmail.com', 26, 1919, NULL, 'usuario'),
	('ec3e4043-cb3e-4f5f-a947-f6120b44159b', '2024-03-04 12:30:37.796333-07', 'Mayamibeibi', 'Avila', '6623405001', 'arelylafea96@gmail.com', 26, 1892, NULL, 'usuario'),
	('4d6b8b64-1100-4d3b-ac62-292dc1a82184', '2024-03-04 12:30:47.738112-07', 'Jos Gilberto ', 'Davila Bailon', '6621931068', 'josegilbertodavilabailon15@gmail.com', 26, 1919, NULL, 'usuario'),
	('9c6bf4f4-58f8-4319-bc3f-3454d501f1b9', '2024-03-04 12:51:57.157291-07', 'luis', 'Sarniento', '6621935762', 'ernestohernandez675@gmail.com', 26, 1919, NULL, 'usuario'),
	('15ddb30e-44dd-45dd-a15e-869d77183d96', '2024-03-04 12:26:07.904946-07', 'Mayami', 'Ahumada ', '6453510602', 'athenamiami96@gmail.com', 26, 1919, NULL, 'usuario'),
	('18ca3414-8e4d-4fc5-b506-75fcce51f43d', '2024-03-04 12:31:40.941524-07', 'Karina', 'Figueroa', '1234566542', 'andresantelo51@gmail.com', 26, 1919, NULL, 'usuario'),
	('e17749d1-92d4-41ec-8145-9c8f13e27d3d', '2024-03-04 12:34:06.645846-07', 'Manuel ', 'Sans tanori', '6621666666', 'jdav38791@gmail.com', 26, 1919, NULL, 'usuario'),
	('eb9b49bb-e61e-4ef1-ae97-415cdcf9b58e', '2024-03-04 12:35:02.101332-07', 'Andrea', 'Arizaga', '6625551317', 'andreaarizagahdz@gmail.com', 26, 1919, NULL, 'usuario'),
	('d9331c5f-3a25-4bd4-94ec-b9bdda4c453c', '2024-03-04 12:39:12.397243-07', 'Jesus', 'Juarez ', '6621535442', 'jesusangel18jz@gmail.com', 26, 1919, NULL, 'usuario'),
	('67a37000-7a88-4aba-8fbd-253730b5be3b', '2024-03-04 12:46:29.660499-07', 'Karolina ', 'Ramirez', '6623514241', 'a220210687@unison.mx', NULL, NULL, NULL, 'usuario'),
	('70697050-79f1-4db2-96cf-3432da782fe7', '2024-02-17 21:00:25.06317-07', 'Miami', 'Ahumada', '6623405007', 'dobledany13@gmail.com', 26, 1919, NULL, 'usuario'),
	('0f304c6a-1920-4e3b-bd04-069223de36cd', '2024-03-06 11:46:10.613032-07', 'Andres', 'Antelo', '6471222924', 'andresantelo89@gmail.con', NULL, NULL, NULL, 'usuario'),
	('234c9f6a-8dc8-4170-8a3d-c24c2de575ab', '2024-03-04 12:49:18.329054-07', 'Carolain', 'Barojas', '6666666667', 'a220209301@unison.mx', 26, 1919, NULL, 'usuario'),
	('6b1c2983-ff2a-46c6-bc0b-932c1d380ee4', '2024-03-04 13:15:00.327298-07', 'Luis', 'Uxiono', '6621932765', 'luis_hernandez675@outlook.com', 26, 1919, NULL, 'usuario'),
	('e9fd0665-76f1-4781-9a8d-7c5ffa2ecd88', '2024-03-04 13:26:41.747773-07', 'Estefy', 'Gravity', '6624484073', 'estefygravan@gmail.com', 26, 1919, NULL, 'usuario'),
	('58e35886-7591-4610-bbe3-2b2b581077bb', '2024-03-06 12:07:49.183178-07', 'Ilse', 'Espinoza Flores', '6221037852', 'a220215783@unison.mx', NULL, NULL, NULL, 'usuario'),
	('b6766ad1-7c39-46e0-b1a5-492125cf2309', '2024-03-04 13:26:45.601361-07', 'yaeed', 'barojas', '6621426599', 'chipotleavocadosauce@gmail.com', 26, 1919, NULL, 'usuario'),
	('dc25822b-f6f2-4325-9e80-5f958c6167ba', '2024-03-04 13:04:59.84593-07', 'Karola', 'Schreave ', '6622284028', 'karlaarlethlerma@gmail.com', 26, 1919, NULL, 'usuario'),
	('8545bfd0-77ee-47a4-b1f7-17845d88bbbf', '2024-02-15 13:35:05.270207-07', 'Luis', 'Hernandez', '6621932761', 'luisernestohernandez1@hotmail.com', 26, 1919, NULL, 'usuario'),
	('a1ce72b2-352c-449f-9a99-d2787f200c11', '2024-03-07 11:44:38.616479-07', 'Andres', 'Antelo', '6622392412', 'andresantelo02@gmail.com', 26, 1919, NULL, 'usuario'),
	('b41d54c5-24ab-4a7d-95f5-2ae9f79cd23d', '2024-02-15 13:31:28.554135-07', 'PruebaD', 'Siii', '3649494949', 'osunadaniel39@gmail.com', 26, 1919, 'https://nhxafmrebdohroevsnmb.supabase.co/storage/v1/object/public/imagenes_perfil_usuarios/b41d54c5-24ab-4a7d-95f5-2ae9f79cd23d/profile.png', 'usuario'),
	('d1ba8c84-7ce1-42f2-9f16-efa109d4d508', '2024-02-19 09:25:40.721737-07', 'Andres', 'Antelo', '6471241225', 'andresantelo89@gmail.com', 26, 1919, NULL, 'usuario'),
	('e82da664-c53b-4cef-8fc4-6034d0514f91', '2024-04-01 18:14:35.332844-07', 'Si', 'Wow', '6621111113', 'sinoio7898@gmail.com', 26, 1919, NULL, 'usuario'),
	('b6d38bb3-c954-415b-baf8-b91f322d2e6e', '2024-02-17 18:08:53.714981-07', 'D Anto', 'E Bern', '6625932306', 'daeb2222@gmail.com', 26, 1919, 'https://nhxafmrebdohroevsnmb.supabase.co/storage/v1/object/public/imagenes_perfil_usuarios/b6d38bb3-c954-415b-baf8-b91f322d2e6e/profile48075240.jpeg', 'admin'),
	('45f4da3e-5b02-4c6e-9d3c-876831872686', '2024-02-16 02:01:28.552965-07', 'Yisus', 'Oullea', '6622567114', 'yisusmaster1218@gmail.com', 26, 1919, NULL, 'usuario'),
	('acd1d671-68f3-4e94-ae01-fc0633509896', '2024-02-17 09:26:36.660738-07', 'Luis D', 'Quiroz', '6621323232', 'luisdevv232@gmail.com', 26, 1919, 'https://nhxafmrebdohroevsnmb.supabase.co/storage/v1/object/public/imagenes_perfil_usuarios/acd1d671-68f3-4e94-ae01-fc0633509896/profile.png', 'admin'),
	('37ea1226-7967-436d-973b-aaac691ff5e3', '2024-04-03 23:04:13.954288-07', 'Hctor Eduardo ', 'Arvalo Hernndez ', '6623563481', 'harevalo1000@gmail.com', 26, 1919, NULL, 'usuario'),
	('e6fc595d-2e1f-4cd1-8d9f-72783645aac4', '2024-02-18 21:04:38.658899-07', 'jaredy', 'barojas', '66214265982', 'jaredbarojas90@gmail.com', 26, 1919, 'https://nhxafmrebdohroevsnmb.supabase.co/storage/v1/object/public/imagenes_perfil_usuarios/e6fc595d-2e1f-4cd1-8d9f-72783645aac4/profile915679874.jpeg', 'usuario');


--
-- Data for Name: eventos; Type: TABLE DATA; Schema: public; Owner: postgres
--

INSERT INTO "public"."eventos" ("id", "created_at", "nombre", "descripcion", "fecha", "hora", "duracion", "latitud_ubicacion", "longitud_ubicacion", "nombre_estado", "nombre_municipio", "direccion", "portada", "id_usuario", "estatus", "costo") VALUES
	(160, '2024-03-29 19:08:54.045699-07', 'Pr', 'Sne fb', '2024-05-31', '17:08:00', 8, 29.059304, -110.949333, 'Sonora', 'Hermosillo', 'Calle Ninguno SN', 'https://nhxafmrebdohroevsnmb.supabase.co/storage/v1/object/public/imagenes_eventos/160/main.png', 'b41d54c5-24ab-4a7d-95f5-2ae9f79cd23d', 'disponible', 0),
	(181, '2024-04-06 19:19:18.128025-07', 'parvada en el zoolgico ', 'buenas', '2024-04-20', '09:00:00', 3, 29.019833448976033, -110.96010893583298, 'Sonora', 'Hermosillo', 'Calle Costa Del Este 37', 'https://nhxafmrebdohroevsnmb.supabase.co/storage/v1/object/public/imagenes_eventos/181/main.jpeg', 'e6fc595d-2e1f-4cd1-8d9f-72783645aac4', 'disponible', 50),
	(179, '2024-04-04 08:48:19.161863-07', 'Compra de pepinos', 'Comprar los pepinos ms grandes que encontremos', '2024-04-20', '17:15:00', 3, 29.08256240941306, -110.98115005343865, 'Sonora', 'Hermosillo', 'Soriana', 'https://nhxafmrebdohroevsnmb.supabase.co/storage/v1/object/public/imagenes_eventos/179/main.jpg', 'acd1d671-68f3-4e94-ae01-fc0633509896', 'disponible', 0),
	(161, '2024-03-29 19:10:06.520278-07', 'Otro', 'Sa', '2024-04-27', '08:09:00', 6, 29.059304, -110.949333, 'Sonora', 'Hermosillo', 'Calle Ninguno SN', 'https://nhxafmrebdohroevsnmb.supabase.co/storage/v1/object/public/imagenes_eventos/161/main.png', 'b41d54c5-24ab-4a7d-95f5-2ae9f79cd23d', 'disponible', 0),
	(163, '2024-03-29 19:14:16.305962-07', 'Otra prueba', 'Q', '2024-04-25', '07:13:00', 6, 29.012881263894332, -110.96257355064154, 'Sonora', 'Hermosillo', 'Hermosillo-Guaymas', 'https://nhxafmrebdohroevsnmb.supabase.co/storage/v1/object/public/imagenes_eventos/163/main.png', '2961f497-101d-4dc4-92a5-998499d0d6a9', 'disponible', 0),
	(158, '2024-03-29 13:25:39.368782-07', 'Si', 'A snsn', '2024-05-31', '13:24:00', 4, 29.059304, -110.949333, 'Sonora', 'Hermosillo', 'Calle Ninguno SN', 'https://nhxafmrebdohroevsnmb.supabase.co/storage/v1/object/public/imagenes_eventos/158/main.jpeg', 'b41d54c5-24ab-4a7d-95f5-2ae9f79cd23d', 'disponible', 0),
	(172, '2024-04-01 10:45:26.505237-07', 'Sksbd sv', 'Dbsbdb', '2024-04-23', '10:45:00', 2, 29.059304, -110.949333, 'Sonora', 'Hermosillo', 'Calle Ninguno SN', 'https://nhxafmrebdohroevsnmb.supabase.co/storage/v1/object/public/imagenes_eventos/172/main.jpeg', 'acd1d671-68f3-4e94-ae01-fc0633509896', 'disponible', 0),
	(168, '2024-04-01 10:26:19.322563-07', 'Dbd nzmdbf', 'Dbd. D', '2024-04-30', '05:25:00', 5, 29.059304, -110.949333, 'Sonora', 'Hermosillo', 'Calle Ninguno SN', 'https://nhxafmrebdohroevsnmb.supabase.co/storage/v1/object/public/imagenes_eventos/168/main.jpeg', 'acd1d671-68f3-4e94-ae01-fc0633509896', 'disponible', 0),
	(174, '2024-04-01 13:26:36.224512-07', 'Prueba sociashebdndn', 'Sabe bdnd', '2024-04-23', '04:23:00', 3, 29.059304, -110.949333, 'Sonora', 'Hermosillo', 'Calle Ninguno SN', 'https://nhxafmrebdohroevsnmb.supabase.co/storage/v1/object/public/imagenes_eventos/174/main.png', 'acd1d671-68f3-4e94-ae01-fc0633509896', 'disponible', 0),
	(164, '2024-03-29 19:15:26.13489-07', 'S', 'Ag', '2024-04-25', '19:14:00', 4, 29.61769031112475, -109.27767053246498, 'Sonora', 'Divisaderos', 'Pueblo Viejo', 'https://nhxafmrebdohroevsnmb.supabase.co/storage/v1/object/public/imagenes_eventos/164/main.png', '2961f497-101d-4dc4-92a5-998499d0d6a9', 'disponible', 0),
	(166, '2024-04-01 09:59:19.729564-07', 'Pruebaaaaa', 'D d d', '2024-04-23', '06:58:00', 3, 29.059304, -110.949333, 'Sonora', 'Hermosillo', 'Calle Ninguno SN', 'https://nhxafmrebdohroevsnmb.supabase.co/storage/v1/object/public/imagenes_eventos/166/main.jpeg', 'acd1d671-68f3-4e94-ae01-fc0633509896', 'disponible', 0),
	(148, '2024-03-11 13:33:07.855536-07', 'vjvu', 'vjgug', '2024-06-11', '13:32:00', 24, 29.049151379455058, -110.9956904500723, 'Sonora', 'Hermosillo', '83285 Hermosillo, SON', 'https://nhxafmrebdohroevsnmb.supabase.co/storage/v1/object/public/imagenes_eventos/148/main.jpeg', 'b6d38bb3-c954-415b-baf8-b91f322d2e6e', 'disponible', 420692458683565660000000000000000000000000000000000000000000000000000000000000000000000000000000000000000000000000000),
	(178, '2024-04-01 23:33:55.753633-07', 'Otra prueba ', 'Ya emoji djate ver', '2024-04-30', '18:30:00', 5, 29.07228811474557, -110.90632796287537, 'Sonora', 'Hermosillo', 'Abelardo L. Rodrguez', 'https://nhxafmrebdohroevsnmb.supabase.co/storage/v1/object/public/imagenes_eventos/178/main.jpeg', '45f4da3e-5b02-4c6e-9d3c-876831872686', 'disponible', 1500),
	(124, '2024-02-29 16:14:39.675266-07', 'Pruebaaa', 'Snenrbf', '2024-05-28', '06:13:00', 3, 29.059304, -110.949333, 'Sonora', 'Hermosillo', 'Calle Ninguno SN', 'https://nhxafmrebdohroevsnmb.supabase.co/storage/v1/object/public/imagenes_eventos/124/main.jpeg', 'acd1d671-68f3-4e94-ae01-fc0633509896', 'disponible', 0),
	(173, '2024-04-01 13:23:34.888308-07', 'Prueba sociales', 'Sabe bdnd', '2024-04-23', '04:23:00', 3, 29.059304, -110.949333, 'Sonora', 'Hermosillo', 'Calle Ninguno SN', 'https://nhxafmrebdohroevsnmb.supabase.co/storage/v1/object/public/imagenes_eventos/173/main.jpeg', 'acd1d671-68f3-4e94-ae01-fc0633509896', 'disponible', 0),
	(147, '2024-03-09 20:49:19.618805-07', 'Prueba implementacin ', 'prueba', '2024-03-17', '10:47:00', 5, 29.08167766192863, -110.96007339656353, 'Sonora', 'Hermosillo', 'Universidad de Sonora', 'https://nhxafmrebdohroevsnmb.supabase.co/storage/v1/object/public/imagenes_eventos/147/main.png', '06d6fe74-d185-4dda-bf92-f83d9f6db3f1', 'vencido', 0),
	(177, '2024-04-01 13:37:53.161048-07', 'Prueba', 'Hola ', '2024-04-30', '17:00:00', 6, 29.059304, -110.949333, 'Sonora', 'Hermosillo', 'Calle sabidura ', 'https://nhxafmrebdohroevsnmb.supabase.co/storage/v1/object/public/imagenes_eventos/177/main.jpg', 'd1ba8c84-7ce1-42f2-9f16-efa109d4d508', 'disponible', 20000),
	(182, '2024-04-06 19:24:08.807342-07', 'viaje a alemania', 'Hallo meine Freunde ', '2024-07-02', '00:22:00', 24, 29.087159385806533, -111.05058923363687, 'Sonora', 'Hermosillo', 'Calle del Hidroavin', 'https://nhxafmrebdohroevsnmb.supabase.co/storage/v1/object/public/imagenes_eventos/182/main.jpeg', 'e6fc595d-2e1f-4cd1-8d9f-72783645aac4', 'disponible', 69420),
	(176, '2024-04-01 13:31:47.610072-07', 'Prueba', 'Hola', '2024-04-01', '16:29:00', 2, 29.095367032952275, -110.97735567492589, 'Sonora', 'Hermosillo', 'Primaria Lamberto Hernandez', 'https://nhxafmrebdohroevsnmb.supabase.co/storage/v1/object/public/imagenes_eventos/176/main.jpg', '8545bfd0-77ee-47a4-b1f7-17845d88bbbf', 'vencido', 500),
	(167, '2024-04-01 10:06:00.400095-07', 'Eventooooo', 'Bandas', '2024-04-02', '10:04:00', 2, 29.059304, -110.949333, 'Sonora', 'Hermosillo', 'Calle Ninguno SN', 'https://nhxafmrebdohroevsnmb.supabase.co/storage/v1/object/public/imagenes_eventos/167/main.jpg', 'b41d54c5-24ab-4a7d-95f5-2ae9f79cd23d', 'vencido', 0),
	(131, '2024-03-03 15:34:46.124856-07', 'Pruebap', 'Si', '2024-06-03', '06:34:00', 5, 29.059304, -110.949333, 'Sonora', 'Hermosillo', 'Calle Ninguno SN', 'https://nhxafmrebdohroevsnmb.supabase.co/storage/v1/object/public/imagenes_eventos/131/main.png', 'acd1d671-68f3-4e94-ae01-fc0633509896', 'disponible', 20),
	(133, '2024-03-03 21:53:50.267472-07', 'Prueba despus del merge', 'Wnzbf', '2024-05-15', '18:53:00', 2, 29.125100945125393, -111.0010914131999, 'Sonora', 'Hermosillo', 'Miguel Negrete', 'https://nhxafmrebdohroevsnmb.supabase.co/storage/v1/object/public/imagenes_eventos/133/main.png', 'acd1d671-68f3-4e94-ae01-fc0633509896', 'disponible', 0),
	(116, '2024-02-17 09:36:55.977823-07', 'Cena grupal', 'Cenaaa', '2024-05-15', '19:00:00', 3, 17.94545414036937, -92.88440197706223, 'Tabasco', 'Centro', '86284, TAB', 'https://nhxafmrebdohroevsnmb.supabase.co/storage/v1/object/public/imagenes_eventos/116/main.jpeg', '9a3857ba-fcd8-47a1-a80a-e32ccbd0bee9', 'disponible', 0),
	(159, '2024-03-29 13:26:59.459323-07', 'No', 'Snsbsb', '2024-06-06', '04:26:00', 7, 29.00445985006199, -110.94130866229534, 'Sonora', 'Hermosillo', 'Avenida De Los Arquitectos 221', 'https://nhxafmrebdohroevsnmb.supabase.co/storage/v1/object/public/imagenes_eventos/159/main.jpeg', 'b41d54c5-24ab-4a7d-95f5-2ae9f79cd23d', 'disponible', 0),
	(132, '2024-03-03 16:32:19.695396-07', 'Pruebaaa', 'Dndnf', '2024-06-03', '05:31:00', 3, 29.059304, -110.949333, 'Sonora', 'Hermosillo', 'Calle Ninguno SN', 'https://nhxafmrebdohroevsnmb.supabase.co/storage/v1/object/public/imagenes_eventos/132/main.jpeg', 'acd1d671-68f3-4e94-ae01-fc0633509896', 'disponible', 25),
	(140, '2024-03-04 13:27:05.956666-07', 'Hola hijos de su puta madre soy el anti cristo 666 y les voy a contar una creepypasta que los hara cagarse', 'Anticristo ', '2024-03-14', '13:26:00', 10, 29.083118660742386, -110.96288166940212, 'Sonora', 'Hermosillo', 'Universidad de Sonora', 'https://nhxafmrebdohroevsnmb.supabase.co/storage/v1/object/public/imagenes_eventos/140/main.jpeg', '70697050-79f1-4db2-96cf-3432da782fe7', 'vencido', 7000),
	(120, '2024-02-17 21:05:25.047237-07', 'Discada', 'Discada en la casa del miami', '2024-02-29', '16:15:00', 5, 30.976013991152584, -110.30158907175064, 'Sonora', 'Cananea', 'Avenida Jalisco 50', 'https://nhxafmrebdohroevsnmb.supabase.co/storage/v1/object/public/imagenes_eventos/120/main.jpeg', '70697050-79f1-4db2-96cf-3432da782fe7', 'vencido', 0),
	(169, '2024-04-01 10:27:24.826478-07', 'Dbdbdbwjdj', 'Dbd. Dwjsbdb', '2024-04-27', '05:25:00', 5, 29.059304, -110.949333, 'Sonora', 'Hermosillo', 'Calle Ninguno SN', 'https://nhxafmrebdohroevsnmb.supabase.co/storage/v1/object/public/imagenes_eventos/169/main.png', 'acd1d671-68f3-4e94-ae01-fc0633509896', 'disponible', 0),
	(180, '2024-04-04 15:01:09.437225-07', 'Q', 'D', '2024-04-04', '16:00:00', 1, 29.110494979276694, -110.96059743314981, 'Sonora', 'Hermosillo', 'Avenida Juan Jos Aguirre 131', 'https://nhxafmrebdohroevsnmb.supabase.co/storage/v1/object/public/imagenes_eventos/180/main.jpeg', '45f4da3e-5b02-4c6e-9d3c-876831872686', 'vencido', 0),
	(127, '2024-03-03 00:51:10.04534-07', 'Abzvzvah', 'Zhhavzba', '2024-03-07', '02:20:00', 2, 29.059304, -110.949333, 'Sonora', 'Hermosillo', 'Calle londres', 'https://nhxafmrebdohroevsnmb.supabase.co/storage/v1/object/public/imagenes_eventos/127/main.jpeg', 'b6d38bb3-c954-415b-baf8-b91f322d2e6e', 'vencido', 0),
	(141, '2024-03-04 13:34:36.089443-07', 'Hamburguesada Parvade', 'Hamburguesada hecha y para la parvade', '2024-03-08', '13:35:00', 6, 29.059304, -110.949333, 'Sonora', 'Hermosillo', 'Croto Lamo', 'https://nhxafmrebdohroevsnmb.supabase.co/storage/v1/object/public/imagenes_eventos/141/main.jpg', 'e9fd0665-76f1-4781-9a8d-7c5ffa2ecd88', 'vencido', 102),
	(134, '2024-03-04 12:53:03.278854-07', 'Concierto The Weekend ', 'Concierto del cantante fin de semana ', '2024-03-30', '16:00:00', 6, 29.082472294104978, -110.96228118985891, 'Sonora', 'Hermosillo', 'Universidad de Sonora', 'https://nhxafmrebdohroevsnmb.supabase.co/storage/v1/object/public/imagenes_eventos/134/main.jpeg', 'd9331c5f-3a25-4bd4-94ec-b9bdda4c453c', 'vencido', 500),
	(136, '2024-03-04 13:12:59.681795-07', 'Parvadacum ple', 'El cumple de la parvada', '2024-03-24', '20:10:00', 24, 29.082531481064574, -110.956353507936, 'Sonora', 'Hermosillo', 'Avenida Oaxaca 93', 'https://nhxafmrebdohroevsnmb.supabase.co/storage/v1/object/public/imagenes_eventos/136/main.jpeg', '234c9f6a-8dc8-4170-8a3d-c24c2de575ab', 'vencido', 1),
	(125, '2024-02-29 16:31:44.663832-07', 'Pruebaaa', 'Dndnbr', '2024-03-22', '07:30:00', 4, 29.01147769371965, -110.84621764719486, 'Sonora', 'Hermosillo', 'Estacin Calera', 'https://nhxafmrebdohroevsnmb.supabase.co/storage/v1/object/public/imagenes_eventos/125/main.jpeg', 'acd1d671-68f3-4e94-ae01-fc0633509896', 'vencido', 53.5),
	(115, '2024-02-17 09:34:10.595699-07', 'Pltica de emprendimiento', 'Emprendimiento', '2024-03-31', '02:00:00', 4, 29.059304, -110.949333, 'Sonora', 'Hermosillo', 'Calle Ninguno SN', 'https://nhxafmrebdohroevsnmb.supabase.co/storage/v1/object/public/imagenes_eventos/115/main.jpeg', '9a3857ba-fcd8-47a1-a80a-e32ccbd0bee9', 'vencido', 0),
	(118, '2024-02-17 15:13:36.944404-07', 'Waos', 'Dksknje', '2024-03-07', '05:11:00', 3, 28.970240818654634, -110.86306896060705, 'Sonora', 'Hermosillo', 'Libramiento Oriente de Hermosillo', 'https://nhxafmrebdohroevsnmb.supabase.co/storage/v1/object/public/imagenes_eventos/118/main.jpeg', 'acd1d671-68f3-4e94-ae01-fc0633509896', 'vencido', 0),
	(175, '2024-04-01 13:29:46.445207-07', 'Fiesta en mi casa ', 'Fiesta descontrolada ', '2024-04-02', '23:24:00', 4, 29.059304, -110.949333, 'Sonora', 'Hermosillo', 'Calle sabidura', 'https://nhxafmrebdohroevsnmb.supabase.co/storage/v1/object/public/imagenes_eventos/175/main.jpg', 'd1ba8c84-7ce1-42f2-9f16-efa109d4d508', 'vencido', 0),
	(146, '2024-03-09 16:20:55.540171-07', 'Fiesta amigable, sana, cristiana', 'S ', '2024-03-13', '19:30:00', 13, 29.09293555128493, -110.93400366604328, 'Sonora', 'Hermosillo', 'Country Club "Casino del Diablo"', 'https://nhxafmrebdohroevsnmb.supabase.co/storage/v1/object/public/imagenes_eventos/146/main.jpeg', 'c1d198f0-8e90-4b44-b03a-277a436d784d', 'vencido', 666),
	(126, '2024-02-29 16:42:08.088297-07', 'Ydtd', 'Cyxt', '2024-03-15', '19:33:00', 2, 29.059304, -110.949333, 'Sonora', 'Hermosillo', 'Calle Ninguno SN', 'https://nhxafmrebdohroevsnmb.supabase.co/storage/v1/object/public/imagenes_eventos/126/main.jpeg', 'acd1d671-68f3-4e94-ae01-fc0633509896', 'vencido', 20),
	(145, '2024-03-07 11:48:48.581691-07', 'Pijamada sopreaa', 'HOLA ', '2024-03-08', '20:47:00', 12, 29.059304, -110.949333, 'Sonora', 'Hermosillo', 'Thae', 'https://nhxafmrebdohroevsnmb.supabase.co/storage/v1/object/public/imagenes_eventos/145/main.jpg', 'a1ce72b2-352c-449f-9a99-d2787f200c11', 'vencido', 0),
	(129, '2024-03-03 04:19:22.846992-07', 'Olamdbsjandbsbanankaoaoas oandbsjwnsnsjsjsjsoan', 'Osndbs', '2024-03-05', '04:18:00', 1, 29.059304, -110.949333, 'Sonora', 'Hermosillo', 'Calle Ninguno SN', 'https://nhxafmrebdohroevsnmb.supabase.co/storage/v1/object/public/imagenes_eventos/129/main.jpeg', 'b6d38bb3-c954-415b-baf8-b91f322d2e6e', 'vencido', 0),
	(170, '2024-04-01 10:31:19.706898-07', 'Jgl ', 'Bdbxkdks', '2024-04-01', '13:30:00', 2, 29.059304, -110.949333, 'Sonora', 'Hermosillo', 'Calle Ninguno SN', 'https://nhxafmrebdohroevsnmb.supabase.co/storage/v1/object/public/imagenes_eventos/170/main.jpg', 'b41d54c5-24ab-4a7d-95f5-2ae9f79cd23d', 'vencido', 0),
	(165, '2024-03-31 17:09:51.912549-07', 'Vean mis eventos ', 'Gay el que lo lea ', '2024-03-31', '18:08:00', 1, 29.046923798747248, -110.95985915511847, 'Sonora', 'Hermosillo', 'Expoforum', 'https://nhxafmrebdohroevsnmb.supabase.co/storage/v1/object/public/imagenes_eventos/165/main.jpeg', '45f4da3e-5b02-4c6e-9d3c-876831872686', 'vencido', 1),
	(122, '2024-02-19 13:54:35.510478-07', 'ols', 'aarh', '2024-03-11', '03:49:00', 8, 29.08091261756338, -110.9599382802844, 'Sonora', 'Hermosillo', 'Universidad de Sonora', 'https://nhxafmrebdohroevsnmb.supabase.co/storage/v1/object/public/imagenes_eventos/122/main.jpeg', 'c820cd07-b8fe-4613-b125-775d442b309f', 'vencido', 0),
	(162, '2024-03-29 19:11:57.953502-07', 'Prueb', 'Sc', '2024-04-27', '19:11:00', 2, 29.059304, -110.949333, 'Sonora', 'Hermosillo', 'Calle Ninguno SN', 'https://nhxafmrebdohroevsnmb.supabase.co/storage/v1/object/public/imagenes_eventos/162/main.png', 'acd1d671-68f3-4e94-ae01-fc0633509896', 'disponible', 0),
	(151, '2024-03-11 13:53:12.112028-07', 'Fiesta de alberca', 'En el agua', '2024-06-11', '13:52:00', 3, 29.077687414038387, -110.99898688495159, 'Sonora', 'Hermosillo', 'San Bernardino', 'https://nhxafmrebdohroevsnmb.supabase.co/storage/v1/object/public/imagenes_eventos/151/main.jpeg', 'c820cd07-b8fe-4613-b125-775d442b309f', 'disponible', 150),
	(139, '2024-03-04 13:26:14.926779-07', 'Jorge pelon', 'Jorge pelon', '2024-03-04', '22:50:00', 6, 29.059304, -110.949333, 'Sonora', 'Hermosillo', 'El nido', 'https://nhxafmrebdohroevsnmb.supabase.co/storage/v1/object/public/imagenes_eventos/139/main.jpeg', '234c9f6a-8dc8-4170-8a3d-c24c2de575ab', 'vencido', 600),
	(123, '2024-02-29 10:17:38.530443-07', 'Hola', 'Si', '2024-03-08', '10:16:00', 5, 28.970042238459, -111.15703873336315, 'Sonora', 'Hermosillo', 'Europa Numero Dos', 'https://nhxafmrebdohroevsnmb.supabase.co/storage/v1/object/public/imagenes_eventos/123/main.jpeg', 'acd1d671-68f3-4e94-ae01-fc0633509896', 'vencido', 100.53),
	(157, '2024-03-17 14:17:28.151429-07', 'pruebaaaa', 'dodds', '2024-03-29', '05:17:00', 1, 29.059304, -110.949333, 'Sonora', 'Hermosillo', 'Calle Ninguno SN', 'https://nhxafmrebdohroevsnmb.supabase.co/storage/v1/object/public/imagenes_eventos/157/main.jpeg', '06d6fe74-d185-4dda-bf92-f83d9f6db3f1', 'vencido', 0),
	(156, '2024-03-17 14:15:51.09867-07', 'Luis va al Carl jr ', 'Gpi', '2024-03-17', '21:14:00', 2, 29.070325941761997, -110.97121763974428, 'Sonora', 'Hermosillo', 'Solidaridad 128', 'https://nhxafmrebdohroevsnmb.supabase.co/storage/v1/object/public/imagenes_eventos/156/main.jpeg', '06d6fe74-d185-4dda-bf92-f83d9f6db3f1', 'vencido', 0),
	(36, '2024-02-14 00:31:34.622188-07', 'Bazar de San Valentn', 'Ven a comprar un regalo para tus amistades o para una persona especial.', '2024-02-14', '17:30:00', 3, 29.083397506937892, -110.96162954544805, 'Sonora', 'Hermosillo', 'Blvd. Luis Encinas J, Calle Av. Rosales &, Centro, 83000 Hermosillo, Son.', 'https://nhxafmrebdohroevsnmb.supabase.co/storage/v1/object/public/imagenes_eventos/36/main.jpeg', '9a3857ba-fcd8-47a1-a80a-e32ccbd0bee9', 'vencido', 0),
	(152, '2024-03-11 17:45:14.237078-07', 'Prueba impl', 'Ansbbdnd', '2024-03-28', '06:44:00', 5, 29.469569321193962, -110.51075242459774, 'Sonora', 'Ures', '84900 Los Chinos, SON', 'https://nhxafmrebdohroevsnmb.supabase.co/storage/v1/object/public/imagenes_eventos/152/main.jpeg', 'acd1d671-68f3-4e94-ae01-fc0633509896', 'vencido', 0),
	(128, '2024-03-03 03:22:44.724279-07', 'Pijamada masiva ', 'En la casa del jared', '2024-03-11', '16:30:00', 4, 29.065546651775723, -110.96679870039225, 'Sonora', 'Hermosillo', 'The Home Depot', 'https://nhxafmrebdohroevsnmb.supabase.co/storage/v1/object/public/imagenes_eventos/128/main.jpeg', 'b6d38bb3-c954-415b-baf8-b91f322d2e6e', 'vencido', 0),
	(171, '2024-04-01 10:33:48.780569-07', 'Xwxxjxj', 'Shsbzj', '2024-05-10', '18:33:00', 6, 29.09966174618564, -110.7607876136899, 'Sonora', 'Hermosillo', 'Hermosillo', 'https://nhxafmrebdohroevsnmb.supabase.co/storage/v1/object/public/imagenes_eventos/171/main.png', 'acd1d671-68f3-4e94-ae01-fc0633509896', 'disponible', 0),
	(135, '2024-03-04 13:11:03.490714-07', 'Miami shower', 'Shower en la miami house', '2024-03-22', '18:08:00', 6, 29.10986284498128, -110.97155023366213, 'Sonora', 'Hermosillo', 'Calle Angel Garca aburto 252', 'https://nhxafmrebdohroevsnmb.supabase.co/storage/v1/object/public/imagenes_eventos/135/main.jpeg', '70697050-79f1-4db2-96cf-3432da782fe7', 'vencido', 800),
	(37, '2024-02-14 00:57:21.189621-07', 'Clase de yoga gratuita', 'Clase de yoga para principiantes', '2024-02-28', '15:20:00', 1, 29.100125614077996, -110.94289933449288, 'Sonora', 'Hermosillo', 'Av. Ignacio Alatorre 603, Pitic, 83150 Hermosillo, Son.', 'https://nhxafmrebdohroevsnmb.supabase.co/storage/v1/object/public/imagenes_eventos/37/main.jpeg', '9a3857ba-fcd8-47a1-a80a-e32ccbd0bee9', 'vencido', 0),
	(114, '2024-02-17 09:29:42.376842-07', 'Concierto', 'Un concierto', '2024-03-29', '12:30:00', 6, 29.059304, -110.949333, 'Sonora', 'Hermosillo', 'Calle Ninguno SN', 'https://nhxafmrebdohroevsnmb.supabase.co/storage/v1/object/public/imagenes_eventos/114/main.jpeg', 'acd1d671-68f3-4e94-ae01-fc0633509896', 'vencido', 0),
	(143, '2024-03-06 20:59:36.740426-07', 'fgb', 'cvb', '2024-03-06', '21:00:00', 2, 29.02968450833823, -110.97196396440268, 'Sonora', 'Hermosillo', 'Calle Jacinto Lpez SN', 'https://nhxafmrebdohroevsnmb.supabase.co/storage/v1/object/public/imagenes_eventos/143/main.jpeg', 'b6d38bb3-c954-415b-baf8-b91f322d2e6e', 'vencido', 0),
	(121, '2024-02-18 15:05:35.299109-07', 'Evento de Prueba', 'Esto es una prueba', '2024-02-29', '20:45:00', 3, 29.102814489615636, -110.97584009170532, 'Sonora', 'Hermosillo', 'Avenida Doctor Eduardo Lever 345', 'https://nhxafmrebdohroevsnmb.supabase.co/storage/v1/object/public/imagenes_eventos/121/main.jpeg', '6712184a-73b8-4541-add0-db439070c061', 'vencido', 0),
	(150, '2024-03-11 13:47:05.309767-07', 'a', 'oyuolfuofulfuofyodyiddhkdhkdukdhlduldulduldfykfhlfhkdulfhlfhkfhkfhkhkdhkfkhxkhfhlfuldyksgksyksykdhkdykdykdykdyidyidyidyiyidyidiydyodyodykdykdyiyodhkdhdhkdhkhkhkhkdykdykckydhkfykdhkfhkhkykdlfuofulfuofyodyiddhkdhkdukdhlduldulduldfykfhlfhkdulfhlfhkfhkfhkhkdhkfkhxkhfhlfuldyksgksyksykdhkdykdykdykdyidyidyidyiyidyidiydyodyodykdykdyiyodhkdhdhkdhkhkhkhkdykdykckydhkfykdhkfhkhkykdlfuofulfuofyodyiddhkdhkdukdhlduldulduldfykfhlfhkdulfhlfhkfhkfhkhkdhkfkhxkhfhlfuldyksgksyksykdhkdykdykdykdyidyidyidyiyidyidiydyodyodykdykdyiyodhkdhdhkdhkhkhkhkdykdykckydhkfykdhkfhkhkykdlfuofulfuofyodyiddhkdhkdukdhlduldulduldfykfhlfhkdulfhlfhkfhkfhkhkdhkfkhxkhfhlfuldyksgksyksykdhkdykdykdykdyidyidyidyiyidyidiydyodyodykdykdyiyodhkdhdhkdhkhkhkhkdykdykckydhkfykdhkfhkhkykdoyuolfuofulfuofyodyiddhkdhkdukdhlduldulduldfykfhlfhkdulfhlfhkfhkfhkhkdhkfkhxkhfhlfuldyksgksyksykdhkdykdykdykdyidyidyidyiyidyidiydyodyodykdykdyiyodhkdhdhkdhkhkhkhkdykdykckydhkfykdhkfhkhkykdlfuofulfuofyodyiddhkdhkdukdhlduldulduldfykfhlfhkdulfhlfhkfhkfhkhkdhkfkhxkhfhlfuldyksgksyksykdhkdykdykdykdyidyidyidyiyidyidiydyodyodykdykdyiyodhkdhdhkdhkhkhkhkdykdykckydhkfykdhkfhkhkykdlfuofulfuofyodyiddhkdhkdukdhlduldulduldfykfhlfhkdulfhlfhkfhkfhkhkdhkfkhxkhfhlfuldyksgksyksykdhkdykdykdykdyidyidyidyiyidyidiydyodyodykdykdyiyodhkdhdhkdhkhkhkhkdykdykckydhkfykdhkfhkhkykdlfuofulfuofyodyiddhkdhkdukdhlduldulduldfykfhlfhkdulfhlfhkfhkfhkhkdhkfkhxkhfhlfuldyksgksyksykdhkdykdykdykdyidyidyidyiyidyidiydyodyodykdykdyiyodhkdhdhkdhkhkhkhkdykdykckydhkfykdhkfhkhkykdoyuolfuofulfuofyodyiddhkdhkdukdhlduldulduldfykfhlfhkdulfhlfhkfhkfhkhkdhkfkhxkhfhlfuldyksgksyksykdhkdykdykdykdyidyidyidyiyidyidiydyodyodykdykdyiyodhkdhdhkdhkhkhkhkdykdykckydhkfykdhkfhkhkykdlfuofulfuofyodyiddhkdhkdukdhlduldulduldfykfhlfhkdulfhlfhkfhkfhkhkdhkfkhxkhfhlfuldyksgksyksykdhkdykdykdykdyidyidyidyiyidyidiydyodyodykdykdyiyodhkdhdhkdhkhkhkhkdykdykckydhkfykdhkfhkhkykdlfuofulfuofyodyiddhkdhkdukdhlduldulduldfykfhlfhkdulfhlfhkfhkfhkhkdhkfkhxkhfhlfuldyksgksyksykdhkdykdykdykdyidyidyidyiyidyidiydyodyodykdykdyiyodhkdhdhkdhkhkhkhkdykdykckydhkfykdhkfhkhkykdlfuofulfuofyodyiddhkdhkdukdhlduldulduldfykfhlfhkdulfhlfhkfhkfhkhkdhkfkhxkhfhlfuldyksgksyksykdhkdykdykdykdyidyidyidyiyidyidiydyodyodykdykdyiyodhkdhdhkdhkhkhkhkdykdykckydhkfykdhkfhkhkykd', '2024-03-30', '13:46:00', 1, 29.09376554631029, -111.06305312365294, 'Sonora', 'Hermosillo', 'Boulevard Jess Garca Morales SN', 'https://nhxafmrebdohroevsnmb.supabase.co/storage/v1/object/public/imagenes_eventos/150/main.jpeg', 'e6fc595d-2e1f-4cd1-8d9f-72783645aac4', 'vencido', 0),
	(138, '2024-03-04 13:23:06.662089-07', 'El dui', 'El dui', '2024-03-05', '01:00:00', 8, 29.046321464386537, -110.9618604183197, 'Sonora', 'Hermosillo', 'Otro Sin Referencia SN', 'https://nhxafmrebdohroevsnmb.supabase.co/storage/v1/object/public/imagenes_eventos/138/main.jpeg', '234c9f6a-8dc8-4170-8a3d-c24c2de575ab', 'vencido', 100),
	(149, '2024-03-11 13:45:40.498393-07', 'a ', 'oyuolfuofulfuofyodyiddhkdhkdukdhlduldulduldfykfhlfhkdulfhlfhkfhkfhkhkdhkfkhxkhfhlfuldyksgksyksykdhkdykdykdykdyidyidyidyiyidyidiydyodyodykdykdyiyodhkdhdhkdhkhkhkhkdykdykckydhkfykdhkfhkhkykdlfuofulfuofyodyiddhkdhkdukdhlduldulduldfykfhlfhkdulfhlfhkfhkfhkhkdhkfkhxkhfhlfuldyksgksyksykdhkdykdykdykdyidyidyidyiyidyidiydyodyodykdykdyiyodhkdhdhkdhkhkhkhkdykdykckydhkfykdhkfhkhkykdlfuofulfuofyodyiddhkdhkdukdhlduldulduldfykfhlfhkdulfhlfhkfhkfhkhkdhkfkhxkhfhlfuldyksgksyksykdhkdykdykdykdyidyidyidyiyidyidiydyodyodykdykdyiyodhkdhdhkdhkhkhkhkdykdykckydhkfykdhkfhkhkykdlfuofulfuofyodyiddhkdhkdukdhlduldulduldfykfhlfhkdulfhlfhkfhkfhkhkdhkfkhxkhfhlfuldyksgksyksykdhkdykdykdykdyidyidyidyiyidyidiydyodyodykdykdyiyodhkdhdhkdhkhkhkhkdykdykckydhkfykdhkfhkhkykdoyuolfuofulfuofyodyiddhkdhkdukdhlduldulduldfykfhlfhkdulfhlfhkfhkfhkhkdhkfkhxkhfhlfuldyksgksyksykdhkdykdykdykdyidyidyidyiyidyidiydyodyodykdykdyiyodhkdhdhkdhkhkhkhkdykdykckydhkfykdhkfhkhkykdlfuofulfuofyodyiddhkdhkdukdhlduldulduldfykfhlfhkdulfhlfhkfhkfhkhkdhkfkhxkhfhlfuldyksgksyksykdhkdykdykdykdyidyidyidyiyidyidiydyodyodykdykdyiyodhkdhdhkdhkhkhkhkdykdykckydhkfykdhkfhkhkykdlfuofulfuofyodyiddhkdhkdukdhlduldulduldfykfhlfhkdulfhlfhkfhkfhkhkdhkfkhxkhfhlfuldyksgksyksykdhkdykdykdykdyidyidyidyiyidyidiydyodyodykdykdyiyodhkdhdhkdhkhkhkhkdykdykckydhkfykdhkfhkhkykdlfuofulfuofyodyiddhkdhkdukdhlduldulduldfykfhlfhkdulfhlfhkfhkfhkhkdhkfkhxkhfhlfuldyksgksyksykdhkdykdykdykdyidyidyidyiyidyidiydyodyodykdykdyiyodhkdhdhkdhkhkhkhkdykdykckydhkfykdhkfhkhkykdoyuolfuofulfuofyodyiddhkdhkdukdhlduldulduldfykfhlfhkdulfhlfhkfhkfhkhkdhkfkhxkhfhlfuldyksgksyksykdhkdykdykdykdyidyidyidyiyidyidiydyodyodykdykdyiyodhkdhdhkdhkhkhkhkdykdykckydhkfykdhkfhkhkykdlfuofulfuofyodyiddhkdhkdukdhlduldulduldfykfhlfhkdulfhlfhkfhkfhkhkdhkfkhxkhfhlfuldyksgksyksykdhkdykdykdykdyidyidyidyiyidyidiydyodyodykdykdyiyodhkdhdhkdhkhkhkhkdykdykckydhkfykdhkfhkhkykdlfuofulfuofyodyiddhkdhkdukdhlduldulduldfykfhlfhkdulfhlfhkfhkfhkhkdhkfkhxkhfhlfuldyksgksyksykdhkdykdykdykdyidyidyidyiyidyidiydyodyodykdykdyiyodhkdhdhkdhkhkhkhkdykdykckydhkfykdhkfhkhkykdlfuofulfuofyodyiddhkdhkdukdhlduldulduldfykfhlfhkdulfhlfhkfhkfhkhkdhkfkhxkhfhlfuldyksgksyksykdhkdykdykdykdyidyidyidyiyidyidiydyodyodykdykdyiyodhkdhdhkdhkhkhkhkdykdykckydhkfykdhkfhkhkykdoyuolfuofulfuofyodyiddhkdhkdukdhlduldulduldfykfhlfhkdulfhlfhkfhkfhkhkdhkfkhxkhfhlfuldyksgksyksykdhkdykdykdykdyidyidyidyiyidyidiydyodyodykdykdyiyodhkdhdhkdhkhkhkhkdykdykckydhkfykdhkfhkhkykdlfuofulfuofyodyiddhkdhkdukdhlduldulduldfykfhlfhkdulfhlfhkfhkfhkhkdhkfkhxkhfhlfuldyksgksyksykdhkdykdykdykdyidyidyidyiyidyidiydyodyodykdykdyiyodhkdhdhkdhkhkhkhkdykdykckydhkfykdhkfhkhkykdlfuofulfuofyodyiddhkdhkdukdhlduldulduldfykfhlfhkdulfhlfhkfhkfhkhkdhkfkhxkhfhlfuldyksgksyksykdhkdykdykdykdyidyidyidyiyidyidiydyodyodykdykdyiyodhkdhdhkdhkhkhkhkdykdykckydhkfykdhkfhkhkykdlfuofulfuofyodyiddhkdhkdukdhlduldulduldfykfhlfhkdulfhlfhkfhkfhkhkdhkfkhxkhfhlfuldyksgksyksykdhkdykdykdykdyidyidyidyiyidyidiydyodyodykdykdyiyodhkdhdhkdhkhkhkhkdykdykckydhkfykdhkfhkhkykd', '2024-03-22', '03:42:00', 1, 28.96164138989171, -110.7205256447196, 'Sonora', 'La Colorada', 'El Caballo', 'https://nhxafmrebdohroevsnmb.supabase.co/storage/v1/object/public/imagenes_eventos/149/main.jpeg', 'e6fc595d-2e1f-4cd1-8d9f-72783645aac4', 'vencido', 0),
	(137, '2024-03-04 13:18:53.500456-07', 'Natalicio de Jiafei', 'Celebraremos el cumpleaos de la diosa mayor potaxie Viva Jiafei! Mueran los fifes!', '2024-03-05', '14:00:00', 2, 29.059304, -110.949333, 'Sonora', 'Hermosillo', 'Lomas turbas', 'https://nhxafmrebdohroevsnmb.supabase.co/storage/v1/object/public/imagenes_eventos/137/main.jpg', '6b1c2983-ff2a-46c6-bc0b-932c1d380ee4', 'vencido', 0),
	(142, '2024-03-04 15:54:47.77617-07', 'Bailable conmemorativo ', 'Bailable perron', '2024-03-15', '15:54:00', 6, 29.059304, -110.949333, 'Sonora', 'Hermosillo', 'Salon de fiesta Roblox ', 'https://nhxafmrebdohroevsnmb.supabase.co/storage/v1/object/public/imagenes_eventos/142/main.png', '70697050-79f1-4db2-96cf-3432da782fe7', 'vencido', 10000),
	(119, '2024-02-17 17:40:52.345694-07', 'Test', 'Test', '2024-02-18', '21:42:00', 3, 29.065947529449687, -110.97243031097776, 'Sonora', 'Hermosillo', 'Calle Bangor 63', 'https://nhxafmrebdohroevsnmb.supabase.co/storage/v1/object/public/imagenes_eventos/119/main.jpeg', '8545bfd0-77ee-47a4-b1f7-17845d88bbbf', 'vencido', 0),
	(144, '2024-03-06 23:23:10.663764-07', 'Fiesta grasosa ', 'Reunin con mamus y papus :V', '2024-03-30', '23:34:00', 9, 29.059304, -110.949333, 'Sonora', 'Hermosillo', 'Cafriki', 'https://nhxafmrebdohroevsnmb.supabase.co/storage/v1/object/public/imagenes_eventos/144/main.jpg', 'e9fd0665-76f1-4781-9a8d-7c5ffa2ecd88', 'vencido', 500),
	(117, '2024-02-17 14:17:51.439148-07', 'Prueba correo', 'Akakdj', '2024-02-29', '14:17:00', 2, 29.059304, -110.949333, 'Sonora', 'Hermosillo', 'Calle Ninguno SN', 'https://nhxafmrebdohroevsnmb.supabase.co/storage/v1/object/public/imagenes_eventos/117/main.jpeg', 'acd1d671-68f3-4e94-ae01-fc0633509896', 'vencido', 0);


--
-- Data for Name: categorias_eventos; Type: TABLE DATA; Schema: public; Owner: postgres
--

INSERT INTO "public"."categorias_eventos" ("id", "created_at", "id_evento", "id_categoria") VALUES
	(1, '2024-02-14 17:56:32.572641-07', 36, 6),
	(2, '2024-02-14 17:57:00.795811-07', 37, 7),
	(3, '2024-02-14 17:57:07.996762-07', 37, 1),
	(159, '2024-02-17 09:29:42.590495-07', 114, 4),
	(160, '2024-02-17 09:29:42.590495-07', 114, 1),
	(161, '2024-02-17 09:34:10.795489-07', 115, 8),
	(162, '2024-02-17 09:36:56.390678-07', 116, 1),
	(163, '2024-02-17 09:36:56.390678-07', 116, 8),
	(164, '2024-02-17 14:17:51.639935-07', 117, 1),
	(165, '2024-02-17 15:13:37.171183-07', 118, 8),
	(166, '2024-02-17 15:13:37.171183-07', 118, 9),
	(167, '2024-02-17 17:40:52.785449-07', 119, 1),
	(168, '2024-02-17 17:40:52.785449-07', 119, 2),
	(169, '2024-02-17 17:40:52.785449-07', 119, 3),
	(170, '2024-02-17 21:05:25.446269-07', 120, 1),
	(171, '2024-02-18 15:05:35.478079-07', 121, 1),
	(172, '2024-02-19 13:54:35.708025-07', 122, 1),
	(173, '2024-02-19 13:54:35.708025-07', 122, 4),
	(174, '2024-02-19 13:54:35.708025-07', 122, 9),
	(175, '2024-02-29 10:17:38.75515-07', 123, 3),
	(176, '2024-02-29 16:14:40.064157-07', 124, 4),
	(177, '2024-02-29 16:14:40.064157-07', 124, 1),
	(178, '2024-02-29 16:31:44.887274-07', 125, 6),
	(179, '2024-02-29 16:31:44.887274-07', 125, 5),
	(180, '2024-02-29 16:42:08.314605-07', 126, 3),
	(181, '2024-02-29 16:42:08.314605-07', 126, 1),
	(182, '2024-03-03 00:51:10.192973-07', 127, 2),
	(183, '2024-03-03 00:51:10.192973-07', 127, 1),
	(184, '2024-03-03 03:22:44.883674-07', 128, 1),
	(185, '2024-03-03 03:22:44.883674-07', 128, 3),
	(186, '2024-03-03 03:22:44.883674-07', 128, 9),
	(187, '2024-03-03 04:19:22.951445-07', 129, 1),
	(191, '2024-03-03 15:34:46.495257-07', 131, 9),
	(192, '2024-03-03 15:34:46.495257-07', 131, 5),
	(193, '2024-03-03 15:34:46.495257-07', 131, 6),
	(194, '2024-03-03 16:32:19.921642-07', 132, 3),
	(195, '2024-03-03 16:32:19.921642-07', 132, 1),
	(196, '2024-03-03 16:32:19.921642-07', 132, 9),
	(197, '2024-03-03 21:53:50.751978-07', 133, 9),
	(198, '2024-03-03 21:53:50.751978-07', 133, 7),
	(199, '2024-03-04 12:53:03.55165-07', 134, 4),
	(200, '2024-03-04 13:11:03.892554-07', 135, 1),
	(201, '2024-03-04 13:13:00.100214-07', 136, 1),
	(202, '2024-03-04 13:13:00.100214-07', 136, 2),
	(203, '2024-03-04 13:13:00.100214-07', 136, 3),
	(204, '2024-03-04 13:18:54.659564-07', 137, 3),
	(205, '2024-03-04 13:18:54.659564-07', 137, 2),
	(206, '2024-03-04 13:18:54.659564-07', 137, 1),
	(207, '2024-03-04 13:23:06.866385-07', 138, 6),
	(208, '2024-03-04 13:26:15.161238-07', 139, 4),
	(209, '2024-03-04 13:27:06.180758-07', 140, 2),
	(210, '2024-03-04 13:27:06.180758-07', 140, 1),
	(211, '2024-03-04 13:27:06.180758-07', 140, 3),
	(212, '2024-03-04 13:34:36.611583-07', 141, 1),
	(213, '2024-03-04 13:34:36.611583-07', 141, 9),
	(214, '2024-03-04 13:34:36.611583-07', 141, 7),
	(215, '2024-03-04 15:54:48.070655-07', 142, 1),
	(216, '2024-03-04 15:54:48.070655-07', 142, 2),
	(217, '2024-03-04 15:54:48.070655-07', 142, 3),
	(218, '2024-03-06 20:59:36.891235-07', 143, 1),
	(219, '2024-03-06 23:23:10.875795-07', 144, 1),
	(220, '2024-03-06 23:23:10.875795-07', 144, 3),
	(221, '2024-03-06 23:23:10.875795-07', 144, 7),
	(222, '2024-03-07 11:48:49.538112-07', 145, 7),
	(223, '2024-03-07 11:48:49.538112-07', 145, 8),
	(224, '2024-03-09 16:20:55.930875-07', 146, 1),
	(225, '2024-03-09 16:20:55.930875-07', 146, 2),
	(226, '2024-03-09 20:49:19.83148-07', 147, 4),
	(227, '2024-03-09 20:49:19.83148-07', 147, 9),
	(228, '2024-03-11 13:33:08.109857-07', 148, 1),
	(229, '2024-03-11 13:45:40.727641-07', 149, 2),
	(230, '2024-03-11 13:47:05.642228-07', 150, 1),
	(231, '2024-03-11 13:53:12.354732-07', 151, 3),
	(232, '2024-03-11 13:53:12.354732-07', 151, 7),
	(233, '2024-03-11 17:45:14.581978-07', 152, 4),
	(234, '2024-03-11 17:45:14.581978-07', 152, 2),
	(241, '2024-03-17 14:15:51.350184-07', 156, 1),
	(242, '2024-03-17 14:15:51.350184-07', 156, 3),
	(243, '2024-03-17 14:17:28.477105-07', 157, 2),
	(244, '2024-03-29 13:25:39.579232-07', 158, 1),
	(245, '2024-03-29 13:25:39.579232-07', 158, 3),
	(246, '2024-03-29 13:26:59.677733-07', 159, 9),
	(247, '2024-03-29 13:26:59.677733-07', 159, 6),
	(248, '2024-03-29 19:08:54.302566-07', 160, 1),
	(249, '2024-03-29 19:08:54.302566-07', 160, 2),
	(250, '2024-03-29 19:08:54.302566-07', 160, 6),
	(251, '2024-03-29 19:10:06.785992-07', 161, 2),
	(252, '2024-03-29 19:11:58.201335-07', 162, 5),
	(253, '2024-03-29 19:11:58.201335-07', 162, 1),
	(254, '2024-03-29 19:14:16.564379-07', 163, 1),
	(255, '2024-03-29 19:14:16.564379-07', 163, 3),
	(256, '2024-03-29 19:14:16.564379-07', 163, 2),
	(257, '2024-03-29 19:15:26.384953-07', 164, 1),
	(258, '2024-03-29 19:15:26.384953-07', 164, 2),
	(259, '2024-03-29 19:15:26.384953-07', 164, 4),
	(261, '2024-04-01 09:59:21.388636-07', 166, 4),
	(262, '2024-04-01 09:59:21.388636-07', 166, 9),
	(263, '2024-04-01 09:59:21.388636-07', 166, 7),
	(264, '2024-04-01 10:06:04.068084-07', 167, 1),
	(265, '2024-04-01 10:26:21.351702-07', 168, 1),
	(266, '2024-04-01 10:26:21.351702-07', 168, 4),
	(267, '2024-04-01 10:27:28.420477-07', 169, 1),
	(268, '2024-04-01 10:31:22.60277-07', 170, 1),
	(269, '2024-04-01 10:33:51.966908-07', 171, 7),
	(270, '2024-04-01 10:45:28.334223-07', 172, 1),
	(271, '2024-04-01 13:23:36.617855-07', 173, 1),
	(272, '2024-04-01 13:23:36.617855-07', 173, 3),
	(273, '2024-04-01 13:23:36.617855-07', 173, 4),
	(274, '2024-04-01 13:26:40.057936-07', 174, 1),
	(275, '2024-04-01 13:29:49.213522-07', 175, 1),
	(276, '2024-04-01 13:29:49.213522-07', 175, 3),
	(277, '2024-04-01 13:29:49.213522-07', 175, 6),
	(278, '2024-04-01 13:31:52.419517-07', 176, 1),
	(279, '2024-04-01 13:37:57.754444-07', 177, 1),
	(281, '2024-04-01 23:33:58.227436-07', 178, 2),
	(282, '2024-04-01 23:33:58.227436-07', 178, 3),
	(283, '2024-04-01 23:33:58.227436-07', 178, 8),
	(284, '2024-04-04 08:48:25.428189-07', 179, 9),
	(285, '2024-04-04 15:01:12.733002-07', 180, 9),
	(286, '2024-04-06 19:19:24.441423-07', 181, 7),
	(287, '2024-04-06 19:19:24.441423-07', 181, 17),
	(288, '2024-04-06 19:24:10.283435-07', 182, 2),
	(289, '2024-04-06 19:24:10.283435-07', 182, 8),
	(290, '2024-04-06 19:24:10.283435-07', 182, 16);


--
-- Data for Name: categorias_preferidas; Type: TABLE DATA; Schema: public; Owner: postgres
--

INSERT INTO "public"."categorias_preferidas" ("id", "id_usuario", "id_categoria") VALUES
	(79, 'b41d54c5-24ab-4a7d-95f5-2ae9f79cd23d', 1),
	(80, 'b41d54c5-24ab-4a7d-95f5-2ae9f79cd23d', 3),
	(81, 'b41d54c5-24ab-4a7d-95f5-2ae9f79cd23d', 4),
	(85, '8545bfd0-77ee-47a4-b1f7-17845d88bbbf', 1),
	(86, '8545bfd0-77ee-47a4-b1f7-17845d88bbbf', 2),
	(87, '8545bfd0-77ee-47a4-b1f7-17845d88bbbf', 3),
	(88, 'd1ba8c84-7ce1-42f2-9f16-efa109d4d508', 1),
	(89, 'd1ba8c84-7ce1-42f2-9f16-efa109d4d508', 4),
	(90, 'd1ba8c84-7ce1-42f2-9f16-efa109d4d508', 6),
	(105, 'acd1d671-68f3-4e94-ae01-fc0633509896', 1),
	(106, 'acd1d671-68f3-4e94-ae01-fc0633509896', 4),
	(107, 'acd1d671-68f3-4e94-ae01-fc0633509896', 6),
	(108, 'acd1d671-68f3-4e94-ae01-fc0633509896', 9),
	(109, 'acd1d671-68f3-4e94-ae01-fc0633509896', 8),
	(110, '45f4da3e-5b02-4c6e-9d3c-876831872686', 1),
	(111, '45f4da3e-5b02-4c6e-9d3c-876831872686', 2),
	(112, '45f4da3e-5b02-4c6e-9d3c-876831872686', 3),
	(113, '45f4da3e-5b02-4c6e-9d3c-876831872686', 4);


--
-- Data for Name: comentarios; Type: TABLE DATA; Schema: public; Owner: postgres
--

INSERT INTO "public"."comentarios" ("id", "comentario", "id_usuario", "id_evento", "fecha", "hora") VALUES
	(1, 'Probandoo', 'b41d54c5-24ab-4a7d-95f5-2ae9f79cd23d', 133, '2024-03-29', '14:50:23.817635'),
	(2, 'Otro', 'b41d54c5-24ab-4a7d-95f5-2ae9f79cd23d', 133, '2024-03-29', '14:52:29.751399'),
	(3, 'si', 'e7ea82e0-5f4a-4a3b-ae12-2366d0009459', 133, '2024-03-29', '14:53:52.339837'),
	(4, 'o', '22957dd1-a482-4e43-bb51-9eb300af9d0f', 133, '2024-03-29', '14:54:57.998132'),
	(5, 'sa', '964d5641-a9d6-4213-9d1f-995b8613450b', 124, '2024-03-29', '14:55:59.755321'),
	(6, 'hola prueba', 'b41d54c5-24ab-4a7d-95f5-2ae9f79cd23d', 133, '2024-03-29', '22:43:54.541017'),
	(7, 'Hola', '4a05f22c-a7bc-4b0f-9028-00f389e6a6f7', 137, '2024-04-03', '13:06:21.154157'),
	(8, 'aaaa', '4a05f22c-a7bc-4b0f-9028-00f389e6a6f7', 133, '2024-04-03', '19:17:31.531099');


--
-- Data for Name: customers; Type: TABLE DATA; Schema: public; Owner: postgres
--



--
-- Data for Name: destacados; Type: TABLE DATA; Schema: public; Owner: postgres
--

INSERT INTO "public"."destacados" ("id", "created_at", "fecha_inicio", "fecha_final", "hora_inicio", "hora_final", "evento_inicia", "id_evento") VALUES
	(43, '2024-03-09 16:36:52.439447-07', '2024-03-09', '2024-03-11', '00:36:00', '01:36:00', '16:30:00', 128),
	(44, '2024-03-09 16:37:39.325159-07', '2024-03-09', '2024-03-11', '00:37:00', '16:30:00', '16:30:00', 128),
	(45, '2024-03-09 16:38:35.905086-07', '2024-03-11', '2024-03-11', '00:38:00', '19:30:00', '16:30:00', 128),
	(46, '2024-03-09 16:38:36.047229-07', '2024-03-09', '2024-03-10', '00:38:00', '23:38:00', '16:30:00', 128),
	(47, '2024-03-09 16:39:43.886276-07', '2024-03-09', '2024-03-11', '16:39:00', '19:30:00', '16:30:00', 128),
	(48, '2024-03-09 16:40:15.033711-07', '2024-03-09', '2024-03-11', '00:40:00', '16:00:00', '16:30:00', 128),
	(49, '2024-03-09 16:41:43.780947-07', '2024-03-09', '2024-03-11', '00:41:00', '17:00:00', '16:30:00', 128),
	(50, '2024-03-09 16:42:17.811965-07', '2024-03-11', '2024-03-11', '16:30:00', '19:30:00', '16:30:00', 128),
	(51, '2024-03-09 16:42:17.945355-07', '2024-03-09', '2024-03-10', '16:30:00', '23:42:00', '16:30:00', 128),
	(52, '2024-03-09 16:43:47.600092-07', '2024-03-09', '2024-03-11', '16:30:00', '19:30:00', '16:30:00', 128),
	(53, '2024-03-09 19:53:16.687593-07', '2024-03-10', '2024-03-12', '12:30:00', '19:52:00', '19:30:00', 146),
	(54, '2024-03-11 13:34:16.76626-07', '2024-03-11', '2024-06-11', '01:33:00', '05:33:00', '13:32:00', 148),
	(55, '2024-03-11 13:56:22.396698-07', '2024-04-15', '2024-04-19', '12:00:00', '18:00:00', '13:32:00', 148),
	(56, '2024-03-11 20:50:56.348535-07', '2024-03-11', '2024-03-16', '06:50:00', '20:50:00', '10:47:00', 147),
	(57, '2024-03-17 02:11:22.844985-07', '2024-03-17', '2024-03-17', '04:11:00', '13:47:00', '10:47:00', 147),
	(58, '2024-03-17 02:11:23.037953-07', '2024-03-17', '2024-03-16', '04:11:00', '18:11:00', '10:47:00', 147),
	(59, '2024-03-17 14:16:34.280791-07', '2024-03-17', '2024-03-17', '14:16:00', '17:16:00', '21:14:00', 156),
	(60, '2024-03-17 14:17:55.091372-07', '2024-03-17', '2024-03-28', '06:17:00', '12:17:00', '05:17:00', 157);


--
-- Data for Name: events_json; Type: TABLE DATA; Schema: public; Owner: postgres
--

INSERT INTO "public"."events_json" ("json_agg") VALUES
	('[{"id":129,"created_at":"2024-03-03T04:19:22.846992-07:00","nombre":"Olamdbsjandbsbanankaoaoas oandbsjwnsnsjsjsjsoan","descripcion":"Osndbs","fecha":"2024-03-05","hora":"04:18:00","duracion":1,"latitud_ubicacion":29.059304,"longitud_ubicacion":-110.949333,"nombre_estado":"Sonora","nombre_municipio":"Hermosillo","direccion":"Calle Ninguno SN","portada":"https://nhxafmrebdohroevsnmb.supabase.co/storage/v1/object/public/imagenes_eventos/129/main.jpeg","id_usuario":"b6d38bb3-c954-415b-baf8-b91f322d2e6e","estatus":"disponible","costo":0,"categorias":[{"id":1,"created_at":"2024-02-11T17:59:26.75949-07:00","nombre":"Sociales","emoji":"","color":"#71CFB7"}]}, {"id":121,"created_at":"2024-02-18T15:05:35.299109-07:00","nombre":"Evento de Prueba","descripcion":"Esto es una prueba","fecha":"2024-02-29","hora":"20:45:00","duracion":3,"latitud_ubicacion":29.1028144896156,"longitud_ubicacion":-110.975840091705,"nombre_estado":"Sonora","nombre_municipio":"Hermosillo","direccion":"Avenida Doctor Eduardo Lever 345","portada":"https://nhxafmrebdohroevsnmb.supabase.co/storage/v1/object/public/imagenes_eventos/121/main.jpeg","id_usuario":"6712184a-73b8-4541-add0-db439070c061","estatus":"vencido","costo":0,"categorias":[{"id":1,"created_at":"2024-02-11T17:59:26.75949-07:00","nombre":"Sociales","emoji":"","color":"#71CFB7"}]}, {"id":120,"created_at":"2024-02-17T21:05:25.047237-07:00","nombre":"Discada","descripcion":"Discada en la casa del miami","fecha":"2024-02-29","hora":"16:15:00","duracion":5,"latitud_ubicacion":30.9760139911526,"longitud_ubicacion":-110.301589071751,"nombre_estado":"Sonora","nombre_municipio":"Cananea","direccion":"Avenida Jalisco 50","portada":"https://nhxafmrebdohroevsnmb.supabase.co/storage/v1/object/public/imagenes_eventos/120/main.jpeg","id_usuario":"70697050-79f1-4db2-96cf-3432da782fe7","estatus":"vencido","costo":0,"categorias":[{"id":1,"created_at":"2024-02-11T17:59:26.75949-07:00","nombre":"Sociales","emoji":"","color":"#71CFB7"}]}, {"id":117,"created_at":"2024-02-17T14:17:51.439148-07:00","nombre":"Prueba correo","descripcion":"Akakdj","fecha":"2024-02-29","hora":"14:17:00","duracion":2,"latitud_ubicacion":29.059304,"longitud_ubicacion":-110.949333,"nombre_estado":"Sonora","nombre_municipio":"Hermosillo","direccion":"Calle Ninguno SN","portada":"https://nhxafmrebdohroevsnmb.supabase.co/storage/v1/object/public/imagenes_eventos/117/main.jpeg","id_usuario":"acd1d671-68f3-4e94-ae01-fc0633509896","estatus":"vencido","costo":0,"categorias":[{"id":1,"created_at":"2024-02-11T17:59:26.75949-07:00","nombre":"Sociales","emoji":"","color":"#71CFB7"}]}, {"id":127,"created_at":"2024-03-03T00:51:10.04534-07:00","nombre":"Abzvzvah","descripcion":"Zhhavzba","fecha":"2024-03-07","hora":"02:20:00","duracion":2,"latitud_ubicacion":29.059304,"longitud_ubicacion":-110.949333,"nombre_estado":"Sonora","nombre_municipio":"Hermosillo","direccion":"Calle londres","portada":"https://nhxafmrebdohroevsnmb.supabase.co/storage/v1/object/public/imagenes_eventos/127/main.jpeg","id_usuario":"b6d38bb3-c954-415b-baf8-b91f322d2e6e","estatus":"disponible","costo":0,"categorias":[{"id":2,"created_at":"2024-02-11T18:02:16.557826-07:00","nombre":"Culturales","emoji":"","color":"#FFB77B"}, 
 {"id":1,"created_at":"2024-02-11T17:59:26.75949-07:00","nombre":"Sociales","emoji":"","color":"#71CFB7"}]}, {"id":118,"created_at":"2024-02-17T15:13:36.944404-07:00","nombre":"Waos","descripcion":"Dksknje","fecha":"2024-03-07","hora":"05:11:00","duracion":3,"latitud_ubicacion":28.9702408186546,"longitud_ubicacion":-110.863068960607,"nombre_estado":"Sonora","nombre_municipio":"Hermosillo","direccion":"Libramiento Oriente de Hermosillo","portada":"https://nhxafmrebdohroevsnmb.supabase.co/storage/v1/object/public/imagenes_eventos/118/main.jpeg","id_usuario":"acd1d671-68f3-4e94-ae01-fc0633509896","estatus":"disponible","costo":0,"categorias":[{"id":8,"created_at":"2024-02-11T18:04:49.146977-07:00","nombre":"Networking","emoji":"","color":"#9D9DFD"}, 
 {"id":9,"created_at":"2024-02-11T18:05:17.083556-07:00","nombre":"Gastronoma","emoji":"","color":"#DADADA"}]}, {"id":37,"created_at":"2024-02-14T00:57:21.189621-07:00","nombre":"Clase de yoga gratuita","descripcion":"Clase de yoga para principiantes","fecha":"2024-02-28","hora":"15:20:00","duracion":1,"latitud_ubicacion":29.100125614078,"longitud_ubicacion":-110.942899334493,"nombre_estado":"Sonora","nombre_municipio":"Hermosillo","direccion":"Av. Ignacio Alatorre 603, Pitic, 83150 Hermosillo, Son.","portada":"https://nhxafmrebdohroevsnmb.supabase.co/storage/v1/object/public/imagenes_eventos/37/main.jpeg","id_usuario":"9a3857ba-fcd8-47a1-a80a-e32ccbd0bee9","estatus":"vencido","costo":0,"categorias":[{"id":7,"created_at":"2024-02-11T18:04:08.476451-07:00","nombre":"Al aire libre","emoji":"","color":"#06BB8E"}, 
 {"id":1,"created_at":"2024-02-11T17:59:26.75949-07:00","nombre":"Sociales","emoji":"","color":"#71CFB7"}]}, {"id":123,"created_at":"2024-02-29T10:17:38.530443-07:00","nombre":"Hola","descripcion":"Si","fecha":"2024-03-08","hora":"10:16:00","duracion":5,"latitud_ubicacion":28.970042238459,"longitud_ubicacion":-111.157038733363,"nombre_estado":"Sonora","nombre_municipio":"Hermosillo","direccion":"Europa Numero Dos","portada":"https://nhxafmrebdohroevsnmb.supabase.co/storage/v1/object/public/imagenes_eventos/123/main.jpeg","id_usuario":"acd1d671-68f3-4e94-ae01-fc0633509896","estatus":"disponible","costo":100.53,"categorias":[{"id":3,"created_at":"2024-02-11T18:02:34.330373-07:00","nombre":"Festivos","emoji":"","color":"#8872FF"}]}, {"id":122,"created_at":"2024-02-19T13:54:35.510478-07:00","nombre":"ols","descripcion":"aarh","fecha":"2024-03-11","hora":"03:49:00","duracion":8,"latitud_ubicacion":29.0809126175634,"longitud_ubicacion":-110.959938280284,"nombre_estado":"Sonora","nombre_municipio":"Hermosillo","direccion":"Universidad de Sonora","portada":"https://nhxafmrebdohroevsnmb.supabase.co/storage/v1/object/public/imagenes_eventos/122/main.jpeg","id_usuario":"c820cd07-b8fe-4613-b125-775d442b309f","estatus":"disponible","costo":0,"categorias":[{"id":1,"created_at":"2024-02-11T17:59:26.75949-07:00","nombre":"Sociales","emoji":"","color":"#71CFB7"}, 
 {"id":4,"created_at":"2024-02-11T18:02:54.831482-07:00","nombre":"Conciertos","emoji":"","color":"#DADADA"}, 
 {"id":9,"created_at":"2024-02-11T18:05:17.083556-07:00","nombre":"Gastronoma","emoji":"","color":"#DADADA"}]}, {"id":128,"created_at":"2024-03-03T03:22:44.724279-07:00","nombre":"Pijamada masiva ","descripcion":"En la casa del jared","fecha":"2024-03-11","hora":"22:30:00","duracion":4,"latitud_ubicacion":29.0655466517757,"longitud_ubicacion":-110.966798700392,"nombre_estado":"Sonora","nombre_municipio":"Hermosillo","direccion":"The Home Depot","portada":"https://nhxafmrebdohroevsnmb.supabase.co/storage/v1/object/public/imagenes_eventos/128/main.jpeg","id_usuario":"b6d38bb3-c954-415b-baf8-b91f322d2e6e","estatus":"disponible","costo":0,"categorias":[{"id":1,"created_at":"2024-02-11T17:59:26.75949-07:00","nombre":"Sociales","emoji":"","color":"#71CFB7"}, 
 {"id":3,"created_at":"2024-02-11T18:02:34.330373-07:00","nombre":"Festivos","emoji":"","color":"#8872FF"}, 
 {"id":9,"created_at":"2024-02-11T18:05:17.083556-07:00","nombre":"Gastronoma","emoji":"","color":"#DADADA"}]}, {"id":126,"created_at":"2024-02-29T16:42:08.088297-07:00","nombre":"Ydtd","descripcion":"Cyxt","fecha":"2024-03-15","hora":"19:33:00","duracion":2,"latitud_ubicacion":29.059304,"longitud_ubicacion":-110.949333,"nombre_estado":"Sonora","nombre_municipio":"Hermosillo","direccion":"Calle Ninguno SN","portada":"https://nhxafmrebdohroevsnmb.supabase.co/storage/v1/object/public/imagenes_eventos/126/main.jpeg","id_usuario":"acd1d671-68f3-4e94-ae01-fc0633509896","estatus":"disponible","costo":20,"categorias":[{"id":3,"created_at":"2024-02-11T18:02:34.330373-07:00","nombre":"Festivos","emoji":"","color":"#8872FF"}, 
 {"id":1,"created_at":"2024-02-11T17:59:26.75949-07:00","nombre":"Sociales","emoji":"","color":"#71CFB7"}]}, {"id":119,"created_at":"2024-02-17T17:40:52.345694-07:00","nombre":"Test","descripcion":"Test","fecha":"2024-02-18","hora":"21:42:00","duracion":3,"latitud_ubicacion":29.0659475294497,"longitud_ubicacion":-110.972430310978,"nombre_estado":"Sonora","nombre_municipio":"Hermosillo","direccion":"Calle Bangor 63","portada":"https://nhxafmrebdohroevsnmb.supabase.co/storage/v1/object/public/imagenes_eventos/119/main.jpeg","id_usuario":"8545bfd0-77ee-47a4-b1f7-17845d88bbbf","estatus":"vencido","costo":0,"categorias":[{"id":1,"created_at":"2024-02-11T17:59:26.75949-07:00","nombre":"Sociales","emoji":"","color":"#71CFB7"}, 
 {"id":2,"created_at":"2024-02-11T18:02:16.557826-07:00","nombre":"Culturales","emoji":"","color":"#FFB77B"}, 
 {"id":3,"created_at":"2024-02-11T18:02:34.330373-07:00","nombre":"Festivos","emoji":"","color":"#8872FF"}]}, {"id":36,"created_at":"2024-02-14T00:31:34.622188-07:00","nombre":"Bazar de San Valentn","descripcion":"Ven a comprar un regalo para tus amistades o para una persona especial.","fecha":"2024-02-14","hora":"17:30:00","duracion":3,"latitud_ubicacion":29.0833975069379,"longitud_ubicacion":-110.961629545448,"nombre_estado":"Sonora","nombre_municipio":"Hermosillo","direccion":"Blvd. Luis Encinas J, Calle Av. Rosales &, Centro, 83000 Hermosillo, Son.","portada":"https://nhxafmrebdohroevsnmb.supabase.co/storage/v1/object/public/imagenes_eventos/36/main.jpeg","id_usuario":"9a3857ba-fcd8-47a1-a80a-e32ccbd0bee9","estatus":"vencido","costo":0,"categorias":[{"id":6,"created_at":"2024-02-11T18:03:52.172115-07:00","nombre":"Bazares","emoji":"","color":"#FFD875"}]}, {"id":125,"created_at":"2024-02-29T16:31:44.663832-07:00","nombre":"Pruebaaa","descripcion":"Dndnbr","fecha":"2024-03-22","hora":"07:30:00","duracion":4,"latitud_ubicacion":29.0114776937197,"longitud_ubicacion":-110.846217647195,"nombre_estado":"Sonora","nombre_municipio":"Hermosillo","direccion":"Estacin Calera","portada":"https://nhxafmrebdohroevsnmb.supabase.co/storage/v1/object/public/imagenes_eventos/125/main.jpeg","id_usuario":"acd1d671-68f3-4e94-ae01-fc0633509896","estatus":"disponible","costo":53.5,"categorias":[{"id":6,"created_at":"2024-02-11T18:03:52.172115-07:00","nombre":"Bazares","emoji":"","color":"#FFD875"}, 
 {"id":5,"created_at":"2024-02-11T18:03:09.371352-07:00","nombre":"Ferias","emoji":"","color":"#F88E3E"}]}, {"id":114,"created_at":"2024-02-17T09:29:42.376842-07:00","nombre":"Concierto","descripcion":"Un concierto","fecha":"2024-03-29","hora":"12:30:00","duracion":6,"latitud_ubicacion":29.059304,"longitud_ubicacion":-110.949333,"nombre_estado":"Sonora","nombre_municipio":"Hermosillo","direccion":"Calle Ninguno SN","portada":"https://nhxafmrebdohroevsnmb.supabase.co/storage/v1/object/public/imagenes_eventos/114/main.jpeg","id_usuario":"acd1d671-68f3-4e94-ae01-fc0633509896","estatus":"disponible","costo":0,"categorias":[{"id":4,"created_at":"2024-02-11T18:02:54.831482-07:00","nombre":"Conciertos","emoji":"","color":"#DADADA"}, 
 {"id":1,"created_at":"2024-02-11T17:59:26.75949-07:00","nombre":"Sociales","emoji":"","color":"#71CFB7"}]}, {"id":115,"created_at":"2024-02-17T09:34:10.595699-07:00","nombre":"Pltica de emprendimiento","descripcion":"Emprendimiento","fecha":"2024-03-31","hora":"02:00:00","duracion":4,"latitud_ubicacion":29.059304,"longitud_ubicacion":-110.949333,"nombre_estado":"Sonora","nombre_municipio":"Hermosillo","direccion":"Calle Ninguno SN","portada":"https://nhxafmrebdohroevsnmb.supabase.co/storage/v1/object/public/imagenes_eventos/115/main.jpeg","id_usuario":"9a3857ba-fcd8-47a1-a80a-e32ccbd0bee9","estatus":"disponible","costo":0,"categorias":[{"id":8,"created_at":"2024-02-11T18:04:49.146977-07:00","nombre":"Networking","emoji":"","color":"#9D9DFD"}]}, {"id":116,"created_at":"2024-02-17T09:36:55.977823-07:00","nombre":"Cena grupal","descripcion":"Cenaaa","fecha":"2024-05-15","hora":"19:00:00","duracion":3,"latitud_ubicacion":17.9454541403694,"longitud_ubicacion":-92.8844019770622,"nombre_estado":"Tabasco","nombre_municipio":"Centro","direccion":"86284, TAB","portada":"https://nhxafmrebdohroevsnmb.supabase.co/storage/v1/object/public/imagenes_eventos/116/main.jpeg","id_usuario":"9a3857ba-fcd8-47a1-a80a-e32ccbd0bee9","estatus":"disponible","costo":0,"categorias":[{"id":1,"created_at":"2024-02-11T17:59:26.75949-07:00","nombre":"Sociales","emoji":"","color":"#71CFB7"}, 
 {"id":8,"created_at":"2024-02-11T18:04:49.146977-07:00","nombre":"Networking","emoji":"","color":"#9D9DFD"}]}, {"id":124,"created_at":"2024-02-29T16:14:39.675266-07:00","nombre":"Pruebaaa","descripcion":"Snenrbf","fecha":"2024-05-28","hora":"06:13:00","duracion":3,"latitud_ubicacion":29.059304,"longitud_ubicacion":-110.949333,"nombre_estado":"Sonora","nombre_municipio":"Hermosillo","direccion":"Calle Ninguno SN","portada":"https://nhxafmrebdohroevsnmb.supabase.co/storage/v1/object/public/imagenes_eventos/124/main.jpeg","id_usuario":"acd1d671-68f3-4e94-ae01-fc0633509896","estatus":"disponible","costo":0,"categorias":[{"id":4,"created_at":"2024-02-11T18:02:54.831482-07:00","nombre":"Conciertos","emoji":"","color":"#DADADA"}, 
 {"id":1,"created_at":"2024-02-11T17:59:26.75949-07:00","nombre":"Sociales","emoji":"","color":"#71CFB7"}]}, {"id":132,"created_at":"2024-03-03T16:32:19.695396-07:00","nombre":"Pruebaaa","descripcion":"Dndnf","fecha":"2024-06-03","hora":"05:31:00","duracion":3,"latitud_ubicacion":29.059304,"longitud_ubicacion":-110.949333,"nombre_estado":"Sonora","nombre_municipio":"Hermosillo","direccion":"Calle Ninguno SN","portada":"https://nhxafmrebdohroevsnmb.supabase.co/storage/v1/object/public/imagenes_eventos/132/main.jpeg","id_usuario":"acd1d671-68f3-4e94-ae01-fc0633509896","estatus":"disponible","costo":25,"categorias":[{"id":3,"created_at":"2024-02-11T18:02:34.330373-07:00","nombre":"Festivos","emoji":"","color":"#8872FF"}, 
 {"id":1,"created_at":"2024-02-11T17:59:26.75949-07:00","nombre":"Sociales","emoji":"","color":"#71CFB7"}, 
 {"id":9,"created_at":"2024-02-11T18:05:17.083556-07:00","nombre":"Gastronoma","emoji":"","color":"#DADADA"}]}, {"id":131,"created_at":"2024-03-03T15:34:46.124856-07:00","nombre":"Pruebap","descripcion":"Si","fecha":"2024-06-03","hora":"06:34:00","duracion":5,"latitud_ubicacion":29.059304,"longitud_ubicacion":-110.949333,"nombre_estado":"Sonora","nombre_municipio":"Hermosillo","direccion":"Calle Ninguno SN","portada":"https://nhxafmrebdohroevsnmb.supabase.co/storage/v1/object/public/imagenes_eventos/131/main.png","id_usuario":"acd1d671-68f3-4e94-ae01-fc0633509896","estatus":"disponible","costo":20,"categorias":[{"id":9,"created_at":"2024-02-11T18:05:17.083556-07:00","nombre":"Gastronoma","emoji":"","color":"#DADADA"}, 
 {"id":5,"created_at":"2024-02-11T18:03:09.371352-07:00","nombre":"Ferias","emoji":"","color":"#F88E3E"}, 
 {"id":6,"created_at":"2024-02-11T18:03:52.172115-07:00","nombre":"Bazares","emoji":"","color":"#FFD875"}]}]');


--
-- Data for Name: notificaciones; Type: TABLE DATA; Schema: public; Owner: postgres
--

INSERT INTO "public"."notificaciones" ("id", "fecha", "texto", "id_recurso_notificador", "tipo", "id_usuario_a_notificar", "vista", "hora", "id_evento", "url_imagen") VALUES
	(137, '2024-04-01', 'Luis D Quiroz le dio no me gusta a tu evento "Fiesta en mi casa "', 'acd1d671-68f3-4e94-ae01-fc0633509896', 'No me gusta', 'd1ba8c84-7ce1-42f2-9f16-efa109d4d508', true, '13:30:32.558897', 175, 'https://nhxafmrebdohroevsnmb.supabase.co/storage/v1/object/public/imagenes_perfil_usuarios/acd1d671-68f3-4e94-ae01-fc0633509896/profile.png'),
	(86, '2024-03-29', 'Se acaba de publicar un evento de categora "Culturales" en tu ciudad (Hermosillo, Sonora) con el nombre de "Otro"', '161', 'Evento Inters', 'acd1d671-68f3-4e94-ae01-fc0633509896', false, '19:10:06.785992', 161, NULL),
	(142, '2024-04-01', 'Luis Hernandez le dio me gusta a tu evento "Fiesta en mi casa "', '8545bfd0-77ee-47a4-b1f7-17845d88bbbf', 'Me gusta', 'd1ba8c84-7ce1-42f2-9f16-efa109d4d508', true, '13:32:37.610168', 175, NULL),
	(153, '2024-04-01', 'Andra Duarte confirm que asistir a tu evento "Prueba"', '4a05f22c-a7bc-4b0f-9028-00f389e6a6f7', 'Asistir', '8545bfd0-77ee-47a4-b1f7-17845d88bbbf', false, '15:35:52.096689', 176, NULL),
	(90, '2024-03-30', 'Andres Martinez  le dio me gusta a tu evento "Prueba despus del merge"', '8fa98f1a-7041-4220-90b0-9974e7c6a465', 'Me gusta', 'acd1d671-68f3-4e94-ae01-fc0633509896', false, '20:43:31.500325', 133, NULL),
	(143, '2024-04-01', 'Andres Antelo le dio no me gusta a tu evento "Prueba"', 'd1ba8c84-7ce1-42f2-9f16-efa109d4d508', 'No me gusta', '8545bfd0-77ee-47a4-b1f7-17845d88bbbf', true, '13:34:22.17628', 176, NULL),
	(144, '2024-04-01', 'Luis D Quiroz le dio me gusta a tu evento "Prueba"', 'acd1d671-68f3-4e94-ae01-fc0633509896', 'Me gusta', '8545bfd0-77ee-47a4-b1f7-17845d88bbbf', true, '13:34:24.435712', 176, 'https://nhxafmrebdohroevsnmb.supabase.co/storage/v1/object/public/imagenes_perfil_usuarios/acd1d671-68f3-4e94-ae01-fc0633509896/profile.png'),
	(146, '2024-04-01', 'Luis D Quiroz le dio no me gusta a tu evento "Prueba"', 'acd1d671-68f3-4e94-ae01-fc0633509896', 'No me gusta', '8545bfd0-77ee-47a4-b1f7-17845d88bbbf', true, '13:34:29.045627', 176, 'https://nhxafmrebdohroevsnmb.supabase.co/storage/v1/object/public/imagenes_perfil_usuarios/acd1d671-68f3-4e94-ae01-fc0633509896/profile.png'),
	(148, '2024-04-01', 'Luis D Quiroz confirm que asistir a tu evento "Prueba"', 'acd1d671-68f3-4e94-ae01-fc0633509896', 'Asistir', '8545bfd0-77ee-47a4-b1f7-17845d88bbbf', true, '13:34:31.030727', 176, 'https://nhxafmrebdohroevsnmb.supabase.co/storage/v1/object/public/imagenes_perfil_usuarios/acd1d671-68f3-4e94-ae01-fc0633509896/profile.png'),
	(155, '2024-04-01', 'Se acaba de publicar un evento de categora "Culturales" en tu ciudad (Hermosillo, Sonora) con el nombre de "Otra prueba "', '178', 'Evento Inters', '8545bfd0-77ee-47a4-b1f7-17845d88bbbf', false, '23:33:58.227436', 178, 'https://nhxafmrebdohroevsnmb.supabase.co/storage/v1/object/public/imagenes_eventos/178/main.jpeg'),
	(88, '2024-03-29', 'Se acaba de publicar un evento de categora "Sociales" en tu ciudad (Hermosillo, Sonora) con el nombre de "Otra prueba"', '163', 'Evento Inters', 'acd1d671-68f3-4e94-ae01-fc0633509896', true, '19:14:16.564379', 163, NULL),
	(166, '2024-04-04', 'Hctor Eduardo  Arvalo Hernndez  le dio me gusta a tu evento "Compra de pepinos"', '37ea1226-7967-436d-973b-aaac691ff5e3', 'Me gusta', 'acd1d671-68f3-4e94-ae01-fc0633509896', true, '08:49:59.775475', 179, NULL),
	(103, '2024-04-01', 'Luis D Quiroz le dio me gusta a tu evento "Eventooooo"', 'acd1d671-68f3-4e94-ae01-fc0633509896', 'Me gusta', 'b41d54c5-24ab-4a7d-95f5-2ae9f79cd23d', true, '10:06:28.029546', 167, 'https://nhxafmrebdohroevsnmb.supabase.co/storage/v1/object/public/imagenes_perfil_usuarios/acd1d671-68f3-4e94-ae01-fc0633509896/profile.png'),
	(85, '2024-03-29', 'Se acaba de publicar un evento de categora "Sociales" en tu ciudad (Hermosillo, Sonora) con el nombre de "Pr"', '160', 'Evento Inters', 'acd1d671-68f3-4e94-ae01-fc0633509896', true, '19:08:54.302566', 160, NULL),
	(113, '2024-04-01', 'PruebaD Siii confirm que asistir a tu evento "Dbdbdbwjdj"', 'b41d54c5-24ab-4a7d-95f5-2ae9f79cd23d', 'Asistir', 'acd1d671-68f3-4e94-ae01-fc0633509896', true, '10:30:02.67066', 169, 'https://nhxafmrebdohroevsnmb.supabase.co/storage/v1/object/public/imagenes_perfil_usuarios/b41d54c5-24ab-4a7d-95f5-2ae9f79cd23d/profile.png'),
	(121, '2024-04-01', 'Se acaba de publicar un evento de categora "Sociales" en tu ciudad (Hermosillo, Sonora) con el nombre de "Sksbd sv"', '172', 'Evento Inters', 'b41d54c5-24ab-4a7d-95f5-2ae9f79cd23d', true, '10:45:28.334223', 172, 'https://nhxafmrebdohroevsnmb.supabase.co/storage/v1/object/public/imagenes_eventos/172/main.jpeg'),
	(157, '2024-04-01', 'Se acaba de publicar un evento de categora "Networking" en tu ciudad (Hermosillo, Sonora) con el nombre de "Otra prueba "', '178', 'Evento Inters', 'acd1d671-68f3-4e94-ae01-fc0633509896', true, '23:33:58.227436', 178, 'https://nhxafmrebdohroevsnmb.supabase.co/storage/v1/object/public/imagenes_eventos/178/main.jpeg'),
	(162, '2024-04-03', 'Andra Duarte le dio no me gusta a tu evento "Waos"', '4a05f22c-a7bc-4b0f-9028-00f389e6a6f7', 'No me gusta', 'acd1d671-68f3-4e94-ae01-fc0633509896', true, '19:13:35.543277', 118, NULL),
	(156, '2024-04-01', 'Se acaba de publicar un evento de categora "Festivos" en tu ciudad (Hermosillo, Sonora) con el nombre de "Otra prueba "', '178', 'Evento Inters', 'b41d54c5-24ab-4a7d-95f5-2ae9f79cd23d', true, '23:33:58.227436', 178, 'https://nhxafmrebdohroevsnmb.supabase.co/storage/v1/object/public/imagenes_eventos/178/main.jpeg'),
	(104, '2024-04-01', 'Luis D Quiroz confirm que asistir a tu evento "Eventooooo"', 'acd1d671-68f3-4e94-ae01-fc0633509896', 'Asistir', 'b41d54c5-24ab-4a7d-95f5-2ae9f79cd23d', true, '10:06:37.946005', 167, 'https://nhxafmrebdohroevsnmb.supabase.co/storage/v1/object/public/imagenes_perfil_usuarios/acd1d671-68f3-4e94-ae01-fc0633509896/profile.png'),
	(97, '2024-03-30', 'Luis D Quiroz le dio no me gusta a tu evento "Pr"', 'acd1d671-68f3-4e94-ae01-fc0633509896', 'No me gusta', 'b41d54c5-24ab-4a7d-95f5-2ae9f79cd23d', true, '16:37:37.96778', 160, 'https://nhxafmrebdohroevsnmb.supabase.co/storage/v1/object/public/imagenes_perfil_usuarios/acd1d671-68f3-4e94-ae01-fc0633509896/profile.png'),
	(127, '2024-04-01', 'Andres Antelo confirm que asistir a tu evento "Prueba sociashebdndn"', 'd1ba8c84-7ce1-42f2-9f16-efa109d4d508', 'Asistir', 'acd1d671-68f3-4e94-ae01-fc0633509896', true, '13:26:53.732046', 174, NULL),
	(158, '2024-04-02', 'Andra Duarte le dio me gusta a tu evento "Fiesta en mi casa "', '4a05f22c-a7bc-4b0f-9028-00f389e6a6f7', 'Me gusta', 'd1ba8c84-7ce1-42f2-9f16-efa109d4d508', false, '11:17:06.163716', 175, NULL),
	(141, '2024-04-01', 'Se acaba de publicar un evento de categora "Sociales" en tu ciudad (Hermosillo, Sonora) con el nombre de "Prueba"', '176', 'Evento Inters', 'acd1d671-68f3-4e94-ae01-fc0633509896', true, '13:31:52.419517', 176, 'https://nhxafmrebdohroevsnmb.supabase.co/storage/v1/object/public/imagenes_eventos/176/main.jpg'),
	(139, '2024-04-01', 'Se acaba de publicar un evento de categora "Sociales" en tu ciudad (Hermosillo, Sonora) con el nombre de "Prueba"', '176', 'Evento Inters', 'd1ba8c84-7ce1-42f2-9f16-efa109d4d508', true, '13:31:52.419517', 176, 'https://nhxafmrebdohroevsnmb.supabase.co/storage/v1/object/public/imagenes_eventos/176/main.jpg'),
	(138, '2024-04-01', 'Luis D Quiroz confirm que asistir a tu evento "Fiesta en mi casa "', 'acd1d671-68f3-4e94-ae01-fc0633509896', 'Asistir', 'd1ba8c84-7ce1-42f2-9f16-efa109d4d508', true, '13:30:33.934205', 175, 'https://nhxafmrebdohroevsnmb.supabase.co/storage/v1/object/public/imagenes_perfil_usuarios/acd1d671-68f3-4e94-ae01-fc0633509896/profile.png'),
	(110, '2024-04-01', 'PruebaD Siii confirm que asistir a tu evento "Dbd nzmdbf"', 'b41d54c5-24ab-4a7d-95f5-2ae9f79cd23d', 'Asistir', 'acd1d671-68f3-4e94-ae01-fc0633509896', true, '10:29:46.044446', 168, 'https://nhxafmrebdohroevsnmb.supabase.co/storage/v1/object/public/imagenes_perfil_usuarios/b41d54c5-24ab-4a7d-95f5-2ae9f79cd23d/profile.png'),
	(128, '2024-04-01', 'Andres Antelo le dio no me gusta a tu evento "Prueba sociashebdndn"', 'd1ba8c84-7ce1-42f2-9f16-efa109d4d508', 'No me gusta', 'acd1d671-68f3-4e94-ae01-fc0633509896', true, '13:26:56.346352', 174, NULL),
	(130, '2024-04-01', 'Andres Antelo le dio me gusta a tu evento "Prueba sociashebdndn"', 'd1ba8c84-7ce1-42f2-9f16-efa109d4d508', 'Me gusta', 'acd1d671-68f3-4e94-ae01-fc0633509896', true, '13:26:57.54724', 174, NULL),
	(131, '2024-04-01', 'Luis Hernandez confirm que asistir a tu evento "Prueba sociashebdndn"', '8545bfd0-77ee-47a4-b1f7-17845d88bbbf', 'Asistir', 'acd1d671-68f3-4e94-ae01-fc0633509896', true, '13:27:00.391807', 174, NULL),
	(123, '2024-04-01', 'Se acaba de publicar un evento de categora "Sociales" en tu ciudad (Hermosillo, Sonora) con el nombre de "Prueba sociales"', '173', 'Evento Inters', 'b41d54c5-24ab-4a7d-95f5-2ae9f79cd23d', true, '13:23:36.617855', 173, 'https://nhxafmrebdohroevsnmb.supabase.co/storage/v1/object/public/imagenes_eventos/173/main.jpeg'),
	(154, '2024-04-01', 'Andra Duarte le dio me gusta a tu evento "Eventooooo"', '4a05f22c-a7bc-4b0f-9028-00f389e6a6f7', 'Me gusta', 'b41d54c5-24ab-4a7d-95f5-2ae9f79cd23d', true, '16:34:10.161721', 167, NULL),
	(163, '2024-04-03', 'Andra Duarte confirm que asistir a tu evento "Eventooooo"', '4a05f22c-a7bc-4b0f-9028-00f389e6a6f7', 'Asistir', 'b41d54c5-24ab-4a7d-95f5-2ae9f79cd23d', true, '19:15:39.647197', 167, NULL),
	(122, '2024-04-01', 'Se acaba de publicar un evento de categora "Sociales" en tu ciudad (Hermosillo, Sonora) con el nombre de "Prueba sociales"', '173', 'Evento Inters', '8545bfd0-77ee-47a4-b1f7-17845d88bbbf', true, '13:23:36.617855', 173, 'https://nhxafmrebdohroevsnmb.supabase.co/storage/v1/object/public/imagenes_eventos/173/main.jpeg'),
	(124, '2024-04-01', 'Se acaba de publicar un evento de categora "Sociales" en tu ciudad (Hermosillo, Sonora) con el nombre de "Prueba sociashebdndn"', '174', 'Evento Inters', '8545bfd0-77ee-47a4-b1f7-17845d88bbbf', true, '13:26:40.057936', 174, 'https://nhxafmrebdohroevsnmb.supabase.co/storage/v1/object/public/imagenes_eventos/174/main.png'),
	(145, '2024-04-01', 'Andres Antelo confirm que asistir a tu evento "Prueba"', 'd1ba8c84-7ce1-42f2-9f16-efa109d4d508', 'Asistir', '8545bfd0-77ee-47a4-b1f7-17845d88bbbf', true, '13:34:26.076158', 176, NULL),
	(147, '2024-04-01', 'Andres Antelo le dio me gusta a tu evento "Prueba"', 'd1ba8c84-7ce1-42f2-9f16-efa109d4d508', 'Me gusta', '8545bfd0-77ee-47a4-b1f7-17845d88bbbf', true, '13:34:30.722807', 176, NULL),
	(126, '2024-04-01', 'Se acaba de publicar un evento de categora "Sociales" en tu ciudad (Hermosillo, Sonora) con el nombre de "Prueba sociashebdndn"', '174', 'Evento Inters', 'd1ba8c84-7ce1-42f2-9f16-efa109d4d508', true, '13:26:40.057936', 174, 'https://nhxafmrebdohroevsnmb.supabase.co/storage/v1/object/public/imagenes_eventos/174/main.png'),
	(125, '2024-04-01', 'Se acaba de publicar un evento de categora "Sociales" en tu ciudad (Hermosillo, Sonora) con el nombre de "Prueba sociashebdndn"', '174', 'Evento Inters', 'b41d54c5-24ab-4a7d-95f5-2ae9f79cd23d', true, '13:26:40.057936', 174, 'https://nhxafmrebdohroevsnmb.supabase.co/storage/v1/object/public/imagenes_eventos/174/main.png'),
	(98, '2024-04-01', 'Se acaba de publicar un evento de categora "Conciertos" en tu ciudad (Hermosillo, Sonora) con el nombre de "Pruebaaaaa"', '166', 'Evento Inters', 'b41d54c5-24ab-4a7d-95f5-2ae9f79cd23d', true, '09:59:21.388636', 166, NULL),
	(150, '2024-04-01', 'Se acaba de publicar un evento de categora "Sociales" en tu ciudad (Hermosillo, Sonora) con el nombre de "Prueba"', '177', 'Evento Inters', '8545bfd0-77ee-47a4-b1f7-17845d88bbbf', false, '13:37:57.754444', 177, 'https://nhxafmrebdohroevsnmb.supabase.co/storage/v1/object/public/imagenes_eventos/177/main.jpg'),
	(159, '2024-04-02', 'Andra Duarte confirm que asistir a tu evento "Prueb"', '4a05f22c-a7bc-4b0f-9028-00f389e6a6f7', 'Asistir', 'acd1d671-68f3-4e94-ae01-fc0633509896', true, '19:48:20.817888', 162, NULL),
	(101, '2024-04-01', 'PruebaD Siii le dio no me gusta a tu evento "Pruebaaaaa"', 'b41d54c5-24ab-4a7d-95f5-2ae9f79cd23d', 'No me gusta', 'acd1d671-68f3-4e94-ae01-fc0633509896', true, '10:02:59.989363', 166, 'https://nhxafmrebdohroevsnmb.supabase.co/storage/v1/object/public/imagenes_perfil_usuarios/b41d54c5-24ab-4a7d-95f5-2ae9f79cd23d/profile.png'),
	(134, '2024-04-01', 'Se acaba de publicar un evento de categora "Sociales" en tu ciudad (Hermosillo, Sonora) con el nombre de "Fiesta en mi casa "', '175', 'Evento Inters', 'acd1d671-68f3-4e94-ae01-fc0633509896', true, '13:29:49.213522', 175, 'https://nhxafmrebdohroevsnmb.supabase.co/storage/v1/object/public/imagenes_eventos/175/main.jpg'),
	(118, '2024-04-01', 'PruebaD Siii le dio me gusta a tu evento "Xwxxjxj"', 'b41d54c5-24ab-4a7d-95f5-2ae9f79cd23d', 'Me gusta', 'acd1d671-68f3-4e94-ae01-fc0633509896', true, '10:34:52.058393', 171, 'https://nhxafmrebdohroevsnmb.supabase.co/storage/v1/object/public/imagenes_perfil_usuarios/b41d54c5-24ab-4a7d-95f5-2ae9f79cd23d/profile.png'),
	(119, '2024-04-01', 'PruebaD Siii confirm que asistir a tu evento "Xwxxjxj"', 'b41d54c5-24ab-4a7d-95f5-2ae9f79cd23d', 'Asistir', 'acd1d671-68f3-4e94-ae01-fc0633509896', true, '10:35:16.040218', 171, 'https://nhxafmrebdohroevsnmb.supabase.co/storage/v1/object/public/imagenes_perfil_usuarios/b41d54c5-24ab-4a7d-95f5-2ae9f79cd23d/profile.png'),
	(120, '2024-04-01', 'PruebaD Siii le dio no me gusta a tu evento "Xwxxjxj"', 'b41d54c5-24ab-4a7d-95f5-2ae9f79cd23d', 'No me gusta', 'acd1d671-68f3-4e94-ae01-fc0633509896', true, '10:35:21.420754', 171, 'https://nhxafmrebdohroevsnmb.supabase.co/storage/v1/object/public/imagenes_perfil_usuarios/b41d54c5-24ab-4a7d-95f5-2ae9f79cd23d/profile.png'),
	(94, '2024-03-29', 'PruebaD Siii  coment en tu evento "Prueba despus del merge"', 'b41d54c5-24ab-4a7d-95f5-2ae9f79cd23d', 'Comentario', 'acd1d671-68f3-4e94-ae01-fc0633509896', true, '22:43:54.541017', 133, 'https://nhxafmrebdohroevsnmb.supabase.co/storage/v1/object/public/imagenes_perfil_usuarios/b41d54c5-24ab-4a7d-95f5-2ae9f79cd23d/profile.png'),
	(151, '2024-04-01', 'Se acaba de publicar un evento de categora "Sociales" en tu ciudad (Hermosillo, Sonora) con el nombre de "Prueba"', '177', 'Evento Inters', 'acd1d671-68f3-4e94-ae01-fc0633509896', true, '13:37:57.754444', 177, 'https://nhxafmrebdohroevsnmb.supabase.co/storage/v1/object/public/imagenes_eventos/177/main.jpg'),
	(149, '2024-04-01', 'Se acaba de publicar un evento de categora "Sociales" en tu ciudad (Hermosillo, Sonora) con el nombre de "Prueba"', '177', 'Evento Inters', 'b41d54c5-24ab-4a7d-95f5-2ae9f79cd23d', true, '13:37:57.754444', 177, 'https://nhxafmrebdohroevsnmb.supabase.co/storage/v1/object/public/imagenes_eventos/177/main.jpg'),
	(164, '2024-04-03', 'Andra Duarte le dio no me gusta a tu evento "Prueba"', '4a05f22c-a7bc-4b0f-9028-00f389e6a6f7', 'No me gusta', '8545bfd0-77ee-47a4-b1f7-17845d88bbbf', false, '19:15:45.816997', 176, NULL),
	(107, '2024-04-01', 'Se acaba de publicar un evento de categora "Sociales" en tu ciudad (Hermosillo, Sonora) con el nombre de "Dbdbdbwjdj"', '169', 'Evento Inters', 'b41d54c5-24ab-4a7d-95f5-2ae9f79cd23d', true, '10:27:28.420477', 169, 'https://nhxafmrebdohroevsnmb.supabase.co/storage/v1/object/public/imagenes_eventos/169/main.png'),
	(116, '2024-04-01', 'Luis D Quiroz confirm que asistir a tu evento "Jgl "', 'acd1d671-68f3-4e94-ae01-fc0633509896', 'Asistir', 'b41d54c5-24ab-4a7d-95f5-2ae9f79cd23d', true, '10:32:47.055546', 170, 'https://nhxafmrebdohroevsnmb.supabase.co/storage/v1/object/public/imagenes_perfil_usuarios/acd1d671-68f3-4e94-ae01-fc0633509896/profile.png'),
	(112, '2024-04-01', 'PruebaD Siii le dio no me gusta a tu evento "Dbdbdbwjdj"', 'b41d54c5-24ab-4a7d-95f5-2ae9f79cd23d', 'No me gusta', 'acd1d671-68f3-4e94-ae01-fc0633509896', true, '10:30:00.455308', 169, 'https://nhxafmrebdohroevsnmb.supabase.co/storage/v1/object/public/imagenes_perfil_usuarios/b41d54c5-24ab-4a7d-95f5-2ae9f79cd23d/profile.png'),
	(132, '2024-04-01', 'Luis Hernandez le dio no me gusta a tu evento "Prueba sociashebdndn"', '8545bfd0-77ee-47a4-b1f7-17845d88bbbf', 'No me gusta', 'acd1d671-68f3-4e94-ae01-fc0633509896', true, '13:27:02.734987', 174, NULL),
	(129, '2024-04-01', 'Luis Hernandez le dio me gusta a tu evento "Prueba sociashebdndn"', '8545bfd0-77ee-47a4-b1f7-17845d88bbbf', 'Me gusta', 'acd1d671-68f3-4e94-ae01-fc0633509896', true, '13:26:57.08333', 174, NULL),
	(111, '2024-04-01', 'PruebaD Siii le dio me gusta a tu evento "Dbdbdbwjdj"', 'b41d54c5-24ab-4a7d-95f5-2ae9f79cd23d', 'Me gusta', 'acd1d671-68f3-4e94-ae01-fc0633509896', true, '10:29:57.980142', 169, 'https://nhxafmrebdohroevsnmb.supabase.co/storage/v1/object/public/imagenes_perfil_usuarios/b41d54c5-24ab-4a7d-95f5-2ae9f79cd23d/profile.png'),
	(99, '2024-04-01', 'PruebaD Siii le dio me gusta a tu evento "Pruebaaaaa"', 'b41d54c5-24ab-4a7d-95f5-2ae9f79cd23d', 'Me gusta', 'acd1d671-68f3-4e94-ae01-fc0633509896', true, '10:02:32.368566', 166, 'https://nhxafmrebdohroevsnmb.supabase.co/storage/v1/object/public/imagenes_perfil_usuarios/b41d54c5-24ab-4a7d-95f5-2ae9f79cd23d/profile.png'),
	(89, '2024-03-29', 'Se acaba de publicar un evento de categora "Sociales" en tu ciudad (Hermosillo, Sonora) con el nombre de "Otra prueba"', '163', 'Evento Inters', 'b41d54c5-24ab-4a7d-95f5-2ae9f79cd23d', true, '19:14:16.564379', 163, NULL),
	(87, '2024-03-29', 'Se acaba de publicar un evento de categora "Sociales" en tu ciudad (Hermosillo, Sonora) con el nombre de "Prueb"', '162', 'Evento Inters', 'b41d54c5-24ab-4a7d-95f5-2ae9f79cd23d', true, '19:11:58.201335', 162, NULL),
	(106, '2024-04-01', 'Se acaba de publicar un evento de categora "Sociales" en tu ciudad (Hermosillo, Sonora) con el nombre de "Dbd nzmdbf"', '168', 'Evento Inters', 'b41d54c5-24ab-4a7d-95f5-2ae9f79cd23d', true, '10:26:21.351702', 168, 'https://nhxafmrebdohroevsnmb.supabase.co/storage/v1/object/public/imagenes_eventos/168/main.jpeg'),
	(160, '2024-04-02', 'Andra Duarte le dio no me gusta a tu evento "Fiesta en mi casa "', '4a05f22c-a7bc-4b0f-9028-00f389e6a6f7', 'No me gusta', 'd1ba8c84-7ce1-42f2-9f16-efa109d4d508', false, '21:26:32.098846', 175, NULL),
	(108, '2024-04-01', 'PruebaD Siii le dio me gusta a tu evento "Dbd nzmdbf"', 'b41d54c5-24ab-4a7d-95f5-2ae9f79cd23d', 'Me gusta', 'acd1d671-68f3-4e94-ae01-fc0633509896', true, '10:28:38.586466', 168, 'https://nhxafmrebdohroevsnmb.supabase.co/storage/v1/object/public/imagenes_perfil_usuarios/b41d54c5-24ab-4a7d-95f5-2ae9f79cd23d/profile.png'),
	(136, '2024-04-01', 'Luis D Quiroz le dio me gusta a tu evento "Fiesta en mi casa "', 'acd1d671-68f3-4e94-ae01-fc0633509896', 'Me gusta', 'd1ba8c84-7ce1-42f2-9f16-efa109d4d508', true, '13:30:19.830873', 175, 'https://nhxafmrebdohroevsnmb.supabase.co/storage/v1/object/public/imagenes_perfil_usuarios/acd1d671-68f3-4e94-ae01-fc0633509896/profile.png'),
	(152, '2024-04-01', 'Luis D Quiroz le dio me gusta a tu evento "Prueba"', 'acd1d671-68f3-4e94-ae01-fc0633509896', 'Me gusta', 'd1ba8c84-7ce1-42f2-9f16-efa109d4d508', false, '13:39:31.975309', 177, 'https://nhxafmrebdohroevsnmb.supabase.co/storage/v1/object/public/imagenes_perfil_usuarios/acd1d671-68f3-4e94-ae01-fc0633509896/profile.png'),
	(117, '2024-04-01', 'Luis D Quiroz le dio no me gusta a tu evento "Jgl "', 'acd1d671-68f3-4e94-ae01-fc0633509896', 'No me gusta', 'b41d54c5-24ab-4a7d-95f5-2ae9f79cd23d', true, '10:32:50.028021', 170, 'https://nhxafmrebdohroevsnmb.supabase.co/storage/v1/object/public/imagenes_perfil_usuarios/acd1d671-68f3-4e94-ae01-fc0633509896/profile.png'),
	(115, '2024-04-01', 'Luis D Quiroz le dio me gusta a tu evento "Jgl "', 'acd1d671-68f3-4e94-ae01-fc0633509896', 'Me gusta', 'b41d54c5-24ab-4a7d-95f5-2ae9f79cd23d', true, '10:32:36.844359', 170, 'https://nhxafmrebdohroevsnmb.supabase.co/storage/v1/object/public/imagenes_perfil_usuarios/acd1d671-68f3-4e94-ae01-fc0633509896/profile.png'),
	(109, '2024-04-01', 'PruebaD Siii le dio no me gusta a tu evento "Dbd nzmdbf"', 'b41d54c5-24ab-4a7d-95f5-2ae9f79cd23d', 'No me gusta', 'acd1d671-68f3-4e94-ae01-fc0633509896', true, '10:29:14.616319', 168, 'https://nhxafmrebdohroevsnmb.supabase.co/storage/v1/object/public/imagenes_perfil_usuarios/b41d54c5-24ab-4a7d-95f5-2ae9f79cd23d/profile.png'),
	(161, '2024-04-02', 'Andra Duarte confirm que asistir a tu evento "Fiesta en mi casa "', '4a05f22c-a7bc-4b0f-9028-00f389e6a6f7', 'Asistir', 'd1ba8c84-7ce1-42f2-9f16-efa109d4d508', false, '21:26:33.463872', 175, NULL),
	(93, '2024-03-29', 'Kk Pp le dio no me gusta a tu evento "Prueba despus del merge"', '0296a7ef-9b7e-45b4-9686-fd60e50aa956', 'No me gusta', 'acd1d671-68f3-4e94-ae01-fc0633509896', true, '21:10:13.17972', 133, NULL),
	(92, '2024-03-27', 'Karina Figueroa confirm que asistir a tu evento "Prueba despus del merge"', '18ca3414-8e4d-4fc5-b506-75fcce51f43d', 'Asistir', 'acd1d671-68f3-4e94-ae01-fc0633509896', true, '20:50:27.484242', 133, NULL),
	(100, '2024-04-01', 'PruebaD Siii confirm que asistir a tu evento "Pruebaaaaa"', 'b41d54c5-24ab-4a7d-95f5-2ae9f79cd23d', 'Asistir', 'acd1d671-68f3-4e94-ae01-fc0633509896', true, '10:02:42.593755', 166, 'https://nhxafmrebdohroevsnmb.supabase.co/storage/v1/object/public/imagenes_perfil_usuarios/b41d54c5-24ab-4a7d-95f5-2ae9f79cd23d/profile.png'),
	(95, '2024-03-30', 'Miami Ahumada confirm que asistir a tu evento "Prueba despus del merge"', '70697050-79f1-4db2-96cf-3432da782fe7', 'Asistir', 'acd1d671-68f3-4e94-ae01-fc0633509896', true, '15:53:23.607163', 133, NULL),
	(96, '2024-03-30', 'Luis D Quiroz le dio me gusta a tu evento "Pr"', 'acd1d671-68f3-4e94-ae01-fc0633509896', 'Me gusta', 'b41d54c5-24ab-4a7d-95f5-2ae9f79cd23d', true, '16:07:17.241347', 160, 'https://nhxafmrebdohroevsnmb.supabase.co/storage/v1/object/public/imagenes_perfil_usuarios/acd1d671-68f3-4e94-ae01-fc0633509896/profile.png'),
	(91, '2024-03-29', 'Luis Uxiono le dio no me gusta a tu evento "Prueba despus del merge"', '6b1c2983-ff2a-46c6-bc0b-932c1d380ee4', 'No me gusta', 'acd1d671-68f3-4e94-ae01-fc0633509896', true, '20:45:08.882221', 133, NULL),
	(167, '2024-04-04', 'Hctor Eduardo  Arvalo Hernndez  le dio no me gusta a tu evento "Compra de pepinos"', '37ea1226-7967-436d-973b-aaac691ff5e3', 'No me gusta', 'acd1d671-68f3-4e94-ae01-fc0633509896', true, '08:50:45.871541', 179, NULL),
	(165, '2024-04-04', 'Hctor Eduardo  Arvalo Hernndez  confirm que asistir a tu evento "Compra de pepinos"', '37ea1226-7967-436d-973b-aaac691ff5e3', 'Asistir', 'acd1d671-68f3-4e94-ae01-fc0633509896', true, '08:49:56.415857', 179, NULL),
	(170, '2024-04-06', 'Se acaba de publicar un evento de categora "Culturales" en tu ciudad (Hermosillo, Sonora) con el nombre de "viaje a alemania"', '182', 'Evento Inters', '8545bfd0-77ee-47a4-b1f7-17845d88bbbf', false, '19:24:10.283435', 182, 'https://nhxafmrebdohroevsnmb.supabase.co/storage/v1/object/public/imagenes_eventos/182/main.jpeg'),
	(102, '2024-04-01', 'Se acaba de publicar un evento de categora "Sociales" en tu ciudad (Hermosillo, Sonora) con el nombre de "Eventooooo"', '167', 'Evento Inters', 'acd1d671-68f3-4e94-ae01-fc0633509896', true, '10:06:04.068084', 167, 'https://nhxafmrebdohroevsnmb.supabase.co/storage/v1/object/public/imagenes_eventos/167/main.jpg'),
	(172, '2024-04-06', 'Se acaba de publicar un evento de categora "Networking" en tu ciudad (Hermosillo, Sonora) con el nombre de "viaje a alemania"', '182', 'Evento Inters', 'acd1d671-68f3-4e94-ae01-fc0633509896', false, '19:24:10.283435', 182, 'https://nhxafmrebdohroevsnmb.supabase.co/storage/v1/object/public/imagenes_eventos/182/main.jpeg'),
	(168, '2024-04-04', 'Se acaba de publicar un evento de categora "Gastronoma" en tu ciudad (Hermosillo, Sonora) con el nombre de "Q"', '180', 'Evento Inters', 'acd1d671-68f3-4e94-ae01-fc0633509896', true, '15:01:12.733002', 180, 'https://nhxafmrebdohroevsnmb.supabase.co/storage/v1/object/public/imagenes_eventos/180/main.jpeg'),
	(171, '2024-04-06', 'Se acaba de publicar un evento de categora "Culturales" en tu ciudad (Hermosillo, Sonora) con el nombre de "viaje a alemania"', '182', 'Evento Inters', '45f4da3e-5b02-4c6e-9d3c-876831872686', true, '19:24:10.283435', 182, 'https://nhxafmrebdohroevsnmb.supabase.co/storage/v1/object/public/imagenes_eventos/182/main.jpeg'),
	(140, '2024-04-01', 'Se acaba de publicar un evento de categora "Sociales" en tu ciudad (Hermosillo, Sonora) con el nombre de "Prueba"', '176', 'Evento Inters', 'b41d54c5-24ab-4a7d-95f5-2ae9f79cd23d', true, '13:31:52.419517', 176, 'https://nhxafmrebdohroevsnmb.supabase.co/storage/v1/object/public/imagenes_eventos/176/main.jpg'),
	(105, '2024-04-01', 'Luis D Quiroz le dio no me gusta a tu evento "Eventooooo"', 'acd1d671-68f3-4e94-ae01-fc0633509896', 'No me gusta', 'b41d54c5-24ab-4a7d-95f5-2ae9f79cd23d', true, '10:07:14.275101', 167, 'https://nhxafmrebdohroevsnmb.supabase.co/storage/v1/object/public/imagenes_perfil_usuarios/acd1d671-68f3-4e94-ae01-fc0633509896/profile.png'),
	(169, '2024-04-06', 'jaredy barojas le dio me gusta a tu evento "Compra de pepinos"', 'e6fc595d-2e1f-4cd1-8d9f-72783645aac4', 'Me gusta', 'acd1d671-68f3-4e94-ae01-fc0633509896', false, '19:17:45.024141', 179, 'https://nhxafmrebdohroevsnmb.supabase.co/storage/v1/object/public/imagenes_perfil_usuarios/e6fc595d-2e1f-4cd1-8d9f-72783645aac4/profile915679874.jpeg'),
	(133, '2024-04-01', 'Se acaba de publicar un evento de categora "Sociales" en tu ciudad (Hermosillo, Sonora) con el nombre de "Fiesta en mi casa "', '175', 'Evento Inters', '8545bfd0-77ee-47a4-b1f7-17845d88bbbf', true, '13:29:49.213522', 175, 'https://nhxafmrebdohroevsnmb.supabase.co/storage/v1/object/public/imagenes_eventos/175/main.jpg'),
	(135, '2024-04-01', 'Se acaba de publicar un evento de categora "Sociales" en tu ciudad (Hermosillo, Sonora) con el nombre de "Fiesta en mi casa "', '175', 'Evento Inters', 'b41d54c5-24ab-4a7d-95f5-2ae9f79cd23d', true, '13:29:49.213522', 175, 'https://nhxafmrebdohroevsnmb.supabase.co/storage/v1/object/public/imagenes_eventos/175/main.jpg'),
	(114, '2024-04-01', 'Se acaba de publicar un evento de categora "Sociales" en tu ciudad (Hermosillo, Sonora) con el nombre de "Jgl "', '170', 'Evento Inters', 'acd1d671-68f3-4e94-ae01-fc0633509896', true, '10:31:22.60277', 170, 'https://nhxafmrebdohroevsnmb.supabase.co/storage/v1/object/public/imagenes_eventos/170/main.jpg');


--
-- Data for Name: preferencias_notificaciones; Type: TABLE DATA; Schema: public; Owner: postgres
--

INSERT INTO "public"."preferencias_notificaciones" ("id", "id_usuario", "preferencia_notificacion") VALUES
	(79, 'e82da664-c53b-4cef-8fc4-6034d0514f91', 'reaccion'),
	(80, 'e82da664-c53b-4cef-8fc4-6034d0514f91', 'comentario'),
	(81, '45f4da3e-5b02-4c6e-9d3c-876831872686', 'reaccion'),
	(82, '45f4da3e-5b02-4c6e-9d3c-876831872686', 'comentario'),
	(84, '45f4da3e-5b02-4c6e-9d3c-876831872686', 'evento_interes'),
	(85, '37ea1226-7967-436d-973b-aaac691ff5e3', 'reaccion'),
	(86, '37ea1226-7967-436d-973b-aaac691ff5e3', 'comentario'),
	(87, 'acd1d671-68f3-4e94-ae01-fc0633509896', 'evento_interes'),
	(47, 'acd1d671-68f3-4e94-ae01-fc0633509896', 'comentario'),
	(50, 'b41d54c5-24ab-4a7d-95f5-2ae9f79cd23d', 'reaccion'),
	(51, 'b41d54c5-24ab-4a7d-95f5-2ae9f79cd23d', 'comentario'),
	(52, 'b41d54c5-24ab-4a7d-95f5-2ae9f79cd23d', 'evento_interes'),
	(54, '8545bfd0-77ee-47a4-b1f7-17845d88bbbf', 'evento_interes'),
	(55, 'd1ba8c84-7ce1-42f2-9f16-efa109d4d508', 'evento_interes'),
	(56, 'd1ba8c84-7ce1-42f2-9f16-efa109d4d508', 'reaccion'),
	(57, 'd1ba8c84-7ce1-42f2-9f16-efa109d4d508', 'comentario'),
	(58, '8545bfd0-77ee-47a4-b1f7-17845d88bbbf', 'reaccion'),
	(59, '8545bfd0-77ee-47a4-b1f7-17845d88bbbf', 'comentario'),
	(60, 'acd1d671-68f3-4e94-ae01-fc0633509896', 'reaccion');


--
-- Data for Name: reacciones; Type: TABLE DATA; Schema: public; Owner: postgres
--

INSERT INTO "public"."reacciones" ("id", "updated_at", "id_evento", "id_usuario", "tipo_reaccion") VALUES
	(1, '2024-03-03 16:32:46.370533-07', 132, 'b41d54c5-24ab-4a7d-95f5-2ae9f79cd23d', 'Asistir'),
	(659, '2024-03-06 13:18:58.686-07', 136, '8545bfd0-77ee-47a4-b1f7-17845d88bbbf', 'Me gusta'),
	(895, '2024-03-11 13:57:18.877269-07', 134, '36a42894-ff8b-4339-afc4-1ba31c3692e2', 'Me gusta'),
	(7, '2024-03-03 18:34:40.057808-07', 129, 'b41d54c5-24ab-4a7d-95f5-2ae9f79cd23d', 'Asistir'),
	(896, '2024-03-11 13:57:18.877269-07', 134, '2961f497-101d-4dc4-92a5-998499d0d6a9', 'Me gusta'),
	(897, '2024-03-11 13:57:18.877269-07', 134, 'b41d54c5-24ab-4a7d-95f5-2ae9f79cd23d', 'Me gusta'),
	(898, '2024-03-11 13:57:18.877269-07', 134, 'd3cf5372-8388-48f2-b9e8-5e94269ec671', 'Me gusta'),
	(899, '2024-03-11 13:57:18.877269-07', 134, '67ad521e-c8d4-409f-98f8-2ef3ba44e0ae', 'Me gusta'),
	(900, '2024-03-11 13:57:18.877269-07', 134, '960a5d81-c083-4556-881b-4596a351ff97', 'Me gusta'),
	(731, '2024-03-06 14:59:48.14-07', 135, '6712184a-73b8-4541-add0-db439070c061', 'Asistir'),
	(901, '2024-03-11 13:57:18.877269-07', 134, 'c1d198f0-8e90-4b44-b03a-277a436d784d', 'Me gusta'),
	(902, '2024-03-11 13:57:18.877269-07', 134, 'aabf1223-2b84-4950-9933-7aacd9d86901', 'Me gusta'),
	(516, '2024-04-03 19:13:35.389-07', 118, '4a05f22c-a7bc-4b0f-9028-00f389e6a6f7', 'No me gusta'),
	(520, '2024-03-04 17:18:29.527-07', 139, 'acd1d671-68f3-4e94-ae01-fc0633509896', 'Me gusta'),
	(707, '2024-03-06 15:07:45.174-07', 122, '6712184a-73b8-4541-add0-db439070c061', 'No me gusta'),
	(903, '2024-03-11 13:57:18.877269-07', 134, '55592903-75fc-4f11-8ca9-b69c853acf6b', 'Me gusta'),
	(904, '2024-03-11 13:57:18.877269-07', 134, 'cec72efd-7174-4423-be0b-8fc5075419de', 'Me gusta'),
	(6, '2024-03-04 17:19:28.403-07', 129, 'acd1d671-68f3-4e94-ae01-fc0633509896', 'Asistir'),
	(905, '2024-03-11 13:57:18.877269-07', 134, '9b35935f-ba81-4876-a989-a463308d35e6', 'Me gusta'),
	(906, '2024-03-11 13:57:18.877269-07', 134, '0296a7ef-9b7e-45b4-9686-fd60e50aa956', 'Me gusta'),
	(907, '2024-03-11 13:57:18.877269-07', 134, 'afb3caae-a422-4ff4-a208-d375189a1cd6', 'Me gusta'),
	(908, '2024-03-11 13:57:18.877269-07', 134, '02804ea9-c8d2-45f0-bc1c-eb3c59a0f34d', 'Me gusta'),
	(909, '2024-03-11 13:57:18.877269-07', 134, '2f53f080-a602-410d-b40b-d4728a7879b8', 'Me gusta'),
	(910, '2024-03-11 13:57:18.877269-07', 134, '06d6fe74-d185-4dda-bf92-f83d9f6db3f1', 'Me gusta'),
	(911, '2024-03-11 13:57:18.877269-07', 134, 'acd1d671-68f3-4e94-ae01-fc0633509896', 'Me gusta'),
	(912, '2024-03-11 13:57:18.877269-07', 134, '9a3857ba-fcd8-47a1-a80a-e32ccbd0bee9', 'Me gusta'),
	(913, '2024-03-11 13:57:18.877269-07', 134, 'c820cd07-b8fe-4613-b125-775d442b309f', 'Me gusta'),
	(5, '2024-03-07 11:33:27.879-07', 132, 'acd1d671-68f3-4e94-ae01-fc0633509896', 'Asistir'),
	(817, '2024-03-07 11:49:53.557-07', 145, 'acd1d671-68f3-4e94-ae01-fc0633509896', 'Asistir'),
	(819, '2024-03-09 20:53:22.137-07', 147, '06d6fe74-d185-4dda-bf92-f83d9f6db3f1', 'Me gusta'),
	(914, '2024-03-11 13:57:18.877269-07', 134, '2b8056a9-476b-41ef-a60e-8b234f9e732d', 'Me gusta'),
	(824, '2024-03-11 13:35:18.785-07', 146, 'b6d38bb3-c954-415b-baf8-b91f322d2e6e', 'Asistir'),
	(827, '2024-03-11 13:36:10.878-07', 135, 'b6d38bb3-c954-415b-baf8-b91f322d2e6e', 'Asistir'),
	(829, '2024-03-11 13:36:26.222-07', 144, 'b6d38bb3-c954-415b-baf8-b91f322d2e6e', 'Asistir'),
	(915, '2024-03-11 13:57:18.877269-07', 134, 'e7ea82e0-5f4a-4a3b-ae12-2366d0009459', 'Me gusta'),
	(916, '2024-03-11 13:57:18.877269-07', 134, 'da97de6f-73ff-4335-88da-2cd0b67a3433', 'Me gusta'),
	(917, '2024-03-11 13:57:18.877269-07', 134, '6712184a-73b8-4541-add0-db439070c061', 'Me gusta'),
	(830, '2024-03-11 13:36:38.671-07', 115, 'b6d38bb3-c954-415b-baf8-b91f322d2e6e', 'No me gusta'),
	(835, '2024-03-11 13:36:43.708-07', 133, 'b6d38bb3-c954-415b-baf8-b91f322d2e6e', 'No me gusta'),
	(841, '2024-03-11 13:47:07.365-07', 135, 'c820cd07-b8fe-4613-b125-775d442b309f', 'Asistir'),
	(890, '2024-03-11 13:49:00.303184-07', 142, 'b6766ad1-7c39-46e0-b1a5-492125cf2309', 'Me gusta'),
	(891, '2024-03-11 13:49:00.303184-07', 142, 'dc25822b-f6f2-4325-9e80-5f958c6167ba', 'Me gusta'),
	(892, '2024-03-11 13:49:00.303184-07', 142, 'b6d38bb3-c954-415b-baf8-b91f322d2e6e', 'Me gusta'),
	(893, '2024-03-11 13:49:00.303184-07', 142, '8545bfd0-77ee-47a4-b1f7-17845d88bbbf', 'Me gusta'),
	(894, '2024-03-11 13:49:00.303184-07', 142, 'a1ce72b2-352c-449f-9a99-d2787f200c11', 'Me gusta'),
	(918, '2024-03-11 13:57:18.877269-07', 134, 'faf903c8-5f72-4318-81f3-da97ba95cac1', 'Me gusta'),
	(919, '2024-03-11 13:57:18.877269-07', 134, 'de2d79cb-19fb-4d98-9ea1-54ee7218c129', 'Me gusta'),
	(920, '2024-03-11 13:57:18.877269-07', 134, 'b315d333-e3fb-448f-b6c5-9c69cc6512f8', 'Me gusta'),
	(921, '2024-03-11 13:57:18.877269-07', 134, '8fa98f1a-7041-4220-90b0-9974e7c6a465', 'Me gusta'),
	(922, '2024-03-11 13:57:18.877269-07', 134, '4a05f22c-a7bc-4b0f-9028-00f389e6a6f7', 'Me gusta'),
	(923, '2024-03-11 13:57:18.877269-07', 134, 'e6fc595d-2e1f-4cd1-8d9f-72783645aac4', 'Me gusta'),
	(924, '2024-03-11 13:57:18.877269-07', 134, 'd1ba8c84-7ce1-42f2-9f16-efa109d4d508', 'Me gusta'),
	(925, '2024-03-11 13:57:18.877269-07', 134, '964d5641-a9d6-4213-9d1f-995b8613450b', 'Me gusta'),
	(926, '2024-03-11 13:57:18.877269-07', 134, 'ec3e4043-cb3e-4f5f-a947-f6120b44159b', 'Me gusta'),
	(927, '2024-03-11 13:57:18.877269-07', 134, '4d6b8b64-1100-4d3b-ac62-292dc1a82184', 'Me gusta'),
	(928, '2024-03-11 13:57:18.877269-07', 134, '9c6bf4f4-58f8-4319-bc3f-3454d501f1b9', 'Me gusta'),
	(929, '2024-03-11 13:57:18.877269-07', 134, '45f4da3e-5b02-4c6e-9d3c-876831872686', 'Me gusta'),
	(930, '2024-03-11 13:57:18.877269-07', 134, '15ddb30e-44dd-45dd-a15e-869d77183d96', 'Me gusta'),
	(931, '2024-03-11 13:57:18.877269-07', 134, '18ca3414-8e4d-4fc5-b506-75fcce51f43d', 'Me gusta'),
	(932, '2024-03-11 13:57:18.877269-07', 134, 'e17749d1-92d4-41ec-8145-9c8f13e27d3d', 'Me gusta'),
	(933, '2024-03-11 13:57:18.877269-07', 134, 'eb9b49bb-e61e-4ef1-ae97-415cdcf9b58e', 'Me gusta'),
	(934, '2024-03-11 13:57:18.877269-07', 134, 'd9331c5f-3a25-4bd4-94ec-b9bdda4c453c', 'Me gusta'),
	(935, '2024-03-11 13:57:18.877269-07', 134, '67a37000-7a88-4aba-8fbd-253730b5be3b', 'Me gusta'),
	(936, '2024-03-11 13:57:18.877269-07', 134, '70697050-79f1-4db2-96cf-3432da782fe7', 'Me gusta'),
	(937, '2024-03-11 13:57:18.877269-07', 134, '0f304c6a-1920-4e3b-bd04-069223de36cd', 'Me gusta'),
	(938, '2024-03-11 13:57:18.877269-07', 134, '234c9f6a-8dc8-4170-8a3d-c24c2de575ab', 'Me gusta'),
	(939, '2024-03-11 13:57:18.877269-07', 134, '6b1c2983-ff2a-46c6-bc0b-932c1d380ee4', 'Me gusta'),
	(941, '2024-03-11 13:57:18.877269-07', 134, 'e9fd0665-76f1-4781-9a8d-7c5ffa2ecd88', 'Me gusta'),
	(942, '2024-03-11 13:57:18.877269-07', 134, '58e35886-7591-4610-bbe3-2b2b581077bb', 'Me gusta'),
	(943, '2024-03-11 13:57:18.877269-07', 134, 'b6766ad1-7c39-46e0-b1a5-492125cf2309', 'Me gusta'),
	(944, '2024-03-11 13:57:18.877269-07', 134, 'dc25822b-f6f2-4325-9e80-5f958c6167ba', 'Me gusta'),
	(945, '2024-03-11 13:57:18.877269-07', 134, 'b6d38bb3-c954-415b-baf8-b91f322d2e6e', 'Me gusta'),
	(946, '2024-03-11 13:57:18.877269-07', 134, '8545bfd0-77ee-47a4-b1f7-17845d88bbbf', 'Me gusta'),
	(947, '2024-03-11 13:57:18.877269-07', 134, 'a1ce72b2-352c-449f-9a99-d2787f200c11', 'Me gusta'),
	(635, '2024-03-18 22:02:17.042-07', 125, 'acd1d671-68f3-4e94-ae01-fc0633509896', 'Me gusta'),
	(1093, '2024-04-02 14:47:59.714-07', 148, '45f4da3e-5b02-4c6e-9d3c-876831872686', 'No me gusta'),
	(1067, '2024-04-01 10:03:12.219-07', 166, 'b41d54c5-24ab-4a7d-95f5-2ae9f79cd23d', 'Me gusta'),
	(313, '2024-04-04 01:12:16.87-07', 139, '4a05f22c-a7bc-4b0f-9028-00f389e6a6f7', 'No me gusta'),
	(807, '2024-03-29 13:19:48.114-07', 131, 'acd1d671-68f3-4e94-ae01-fc0633509896', 'No me gusta'),
	(953, '2024-03-29 13:20:10.541-07', 151, 'acd1d671-68f3-4e94-ae01-fc0633509896', 'Me gusta'),
	(1079, '2024-04-01 10:30:02.112-07', 169, 'b41d54c5-24ab-4a7d-95f5-2ae9f79cd23d', 'Asistir'),
	(1059, '2024-03-29 20:43:31.500325-07', 133, '8fa98f1a-7041-4220-90b0-9974e7c6a465', 'Me gusta'),
	(1062, '2024-03-29 21:10:13.17972-07', 133, '0296a7ef-9b7e-45b4-9686-fd60e50aa956', 'No me gusta'),
	(1011, '2024-03-30 13:54:56.542-07', 133, 'acd1d671-68f3-4e94-ae01-fc0633509896', 'Me gusta'),
	(1105, '2024-04-01 13:30:32.107-07', 175, 'acd1d671-68f3-4e94-ae01-fc0633509896', 'Asistir'),
	(1127, '2024-04-01 13:39:30.143-07', 177, 'acd1d671-68f3-4e94-ae01-fc0633509896', 'Me gusta'),
	(1154, '2024-04-04 08:50:44.708-07', 179, '37ea1226-7967-436d-973b-aaac691ff5e3', 'No me gusta'),
	(1163, '2024-04-06 19:19:53.759-07', 181, 'e6fc595d-2e1f-4cd1-8d9f-72783645aac4', 'Asistir'),
	(948, '2024-03-12 09:03:11.576-07', 146, '06d6fe74-d185-4dda-bf92-f83d9f6db3f1', 'Me gusta'),
	(475, '2024-03-06 14:57:41.749-07', 128, '6712184a-73b8-4541-add0-db439070c061', 'Me gusta'),
	(1109, '2024-04-01 13:32:36.994-07', 175, '8545bfd0-77ee-47a4-b1f7-17845d88bbbf', 'Me gusta'),
	(1095, '2024-04-01 13:33:23.549-07', 174, 'd1ba8c84-7ce1-42f2-9f16-efa109d4d508', 'Asistir'),
	(1111, '2024-04-01 13:33:24.79-07', 173, '8545bfd0-77ee-47a4-b1f7-17845d88bbbf', 'Asistir'),
	(488, '2024-03-04 15:58:57.034359-07', 128, '45f4da3e-5b02-4c6e-9d3c-876831872686', 'Me gusta'),
	(489, '2024-03-04 15:58:57.034359-07', 128, '15ddb30e-44dd-45dd-a15e-869d77183d96', 'Me gusta'),
	(469, '2024-03-06 11:42:47.416-07', 128, 'acd1d671-68f3-4e94-ae01-fc0633509896', 'Me gusta'),
	(1108, '2024-04-01 13:34:36.667-07', 176, 'd1ba8c84-7ce1-42f2-9f16-efa109d4d508', 'Me gusta'),
	(1021, '2024-03-29 13:27:25.639-07', 158, 'b41d54c5-24ab-4a7d-95f5-2ae9f79cd23d', 'Me gusta'),
	(378, '2024-04-03 18:48:23.035-07', 138, '4a05f22c-a7bc-4b0f-9028-00f389e6a6f7', 'No me gusta'),
	(1128, '2024-04-03 19:15:45.653-07', 176, '4a05f22c-a7bc-4b0f-9028-00f389e6a6f7', 'No me gusta'),
	(1158, '2024-04-04 09:14:12.39-07', 135, '37ea1226-7967-436d-973b-aaac691ff5e3', 'Asistir'),
	(1159, '2024-04-04 09:14:28.061-07', 136, '37ea1226-7967-436d-973b-aaac691ff5e3', 'No me gusta'),
	(517, '2024-04-06 13:07:05.621-07', 137, '4a05f22c-a7bc-4b0f-9028-00f389e6a6f7', 'No me gusta'),
	(1060, '2024-03-29 20:45:08.882221-07', 133, '6b1c2983-ff2a-46c6-bc0b-932c1d380ee4', 'No me gusta'),
	(1064, '2024-03-30 15:53:23.607163-07', 133, '70697050-79f1-4db2-96cf-3432da782fe7', 'Asistir'),
	(1072, '2024-04-01 10:07:12.422-07', 167, 'acd1d671-68f3-4e94-ae01-fc0633509896', 'No me gusta'),
	(1088, '2024-04-01 10:35:26.863-07', 171, 'b41d54c5-24ab-4a7d-95f5-2ae9f79cd23d', 'Me gusta'),
	(452, '2024-03-04 15:58:57.034359-07', 128, '36a42894-ff8b-4339-afc4-1ba31c3692e2', 'Me gusta'),
	(453, '2024-03-04 15:58:57.034359-07', 128, '2961f497-101d-4dc4-92a5-998499d0d6a9', 'Me gusta'),
	(454, '2024-03-04 15:58:57.034359-07', 128, 'b41d54c5-24ab-4a7d-95f5-2ae9f79cd23d', 'Me gusta'),
	(455, '2024-03-04 15:58:57.034359-07', 128, 'd3cf5372-8388-48f2-b9e8-5e94269ec671', 'Me gusta'),
	(456, '2024-03-04 15:58:57.034359-07', 128, '67ad521e-c8d4-409f-98f8-2ef3ba44e0ae', 'Me gusta'),
	(457, '2024-03-04 15:58:57.034359-07', 128, '960a5d81-c083-4556-881b-4596a351ff97', 'Me gusta'),
	(458, '2024-03-04 15:58:57.034359-07', 128, 'c1d198f0-8e90-4b44-b03a-277a436d784d', 'Me gusta'),
	(459, '2024-03-04 15:58:57.034359-07', 128, 'aabf1223-2b84-4950-9933-7aacd9d86901', 'Me gusta'),
	(460, '2024-03-04 15:58:57.034359-07', 128, '55592903-75fc-4f11-8ca9-b69c853acf6b', 'Me gusta'),
	(461, '2024-03-04 15:58:57.034359-07', 128, 'cec72efd-7174-4423-be0b-8fc5075419de', 'Me gusta'),
	(462, '2024-03-04 15:58:57.034359-07', 128, '9b35935f-ba81-4876-a989-a463308d35e6', 'Me gusta'),
	(463, '2024-03-04 15:58:57.034359-07', 128, '0296a7ef-9b7e-45b4-9686-fd60e50aa956', 'Me gusta'),
	(464, '2024-03-04 15:58:57.034359-07', 128, 'afb3caae-a422-4ff4-a208-d375189a1cd6', 'Me gusta'),
	(465, '2024-03-04 15:58:57.034359-07', 128, '02804ea9-c8d2-45f0-bc1c-eb3c59a0f34d', 'Me gusta'),
	(467, '2024-03-04 15:58:57.034359-07', 128, '2f53f080-a602-410d-b40b-d4728a7879b8', 'Me gusta'),
	(468, '2024-03-04 15:58:57.034359-07', 128, '06d6fe74-d185-4dda-bf92-f83d9f6db3f1', 'Me gusta'),
	(470, '2024-03-04 15:58:57.034359-07', 128, '9a3857ba-fcd8-47a1-a80a-e32ccbd0bee9', 'Me gusta'),
	(471, '2024-03-04 15:58:57.034359-07', 128, '8545bfd0-77ee-47a4-b1f7-17845d88bbbf', 'Me gusta'),
	(472, '2024-03-04 15:58:57.034359-07', 128, '2b8056a9-476b-41ef-a60e-8b234f9e732d', 'Me gusta'),
	(473, '2024-03-04 15:58:57.034359-07', 128, 'e7ea82e0-5f4a-4a3b-ae12-2366d0009459', 'Me gusta'),
	(474, '2024-03-04 15:58:57.034359-07', 128, 'da97de6f-73ff-4335-88da-2cd0b67a3433', 'Me gusta'),
	(476, '2024-03-04 15:58:57.034359-07', 128, 'faf903c8-5f72-4318-81f3-da97ba95cac1', 'Me gusta'),
	(477, '2024-03-04 15:58:57.034359-07', 128, 'de2d79cb-19fb-4d98-9ea1-54ee7218c129', 'Me gusta'),
	(478, '2024-03-04 15:58:57.034359-07', 128, 'b315d333-e3fb-448f-b6c5-9c69cc6512f8', 'Me gusta'),
	(479, '2024-03-04 15:58:57.034359-07', 128, '8fa98f1a-7041-4220-90b0-9974e7c6a465', 'Me gusta'),
	(480, '2024-03-04 15:58:57.034359-07', 128, '4a05f22c-a7bc-4b0f-9028-00f389e6a6f7', 'Me gusta'),
	(482, '2024-03-04 15:58:57.034359-07', 128, 'd1ba8c84-7ce1-42f2-9f16-efa109d4d508', 'Me gusta'),
	(483, '2024-03-04 15:58:57.034359-07', 128, '964d5641-a9d6-4213-9d1f-995b8613450b', 'Me gusta'),
	(484, '2024-03-04 15:58:57.034359-07', 128, 'c820cd07-b8fe-4613-b125-775d442b309f', 'Me gusta'),
	(485, '2024-03-04 15:58:57.034359-07', 128, 'ec3e4043-cb3e-4f5f-a947-f6120b44159b', 'Me gusta'),
	(486, '2024-03-04 15:58:57.034359-07', 128, '4d6b8b64-1100-4d3b-ac62-292dc1a82184', 'Me gusta'),
	(487, '2024-03-04 15:58:57.034359-07', 128, '9c6bf4f4-58f8-4319-bc3f-3454d501f1b9', 'Me gusta'),
	(490, '2024-03-04 15:58:57.034359-07', 128, '18ca3414-8e4d-4fc5-b506-75fcce51f43d', 'Me gusta'),
	(491, '2024-03-04 15:58:57.034359-07', 128, 'e17749d1-92d4-41ec-8145-9c8f13e27d3d', 'Me gusta'),
	(492, '2024-03-04 15:58:57.034359-07', 128, 'eb9b49bb-e61e-4ef1-ae97-415cdcf9b58e', 'Me gusta'),
	(660, '2024-03-06 13:37:10.472-07', 127, '8545bfd0-77ee-47a4-b1f7-17845d88bbbf', 'Asistir'),
	(481, '2024-03-11 13:22:34.3-07', 128, 'e6fc595d-2e1f-4cd1-8d9f-72783645aac4', 'Me gusta'),
	(493, '2024-03-04 15:58:57.034359-07', 128, 'd9331c5f-3a25-4bd4-94ec-b9bdda4c453c', 'Me gusta'),
	(494, '2024-03-04 15:58:57.034359-07', 128, '67a37000-7a88-4aba-8fbd-253730b5be3b', 'Me gusta'),
	(495, '2024-03-04 15:58:57.034359-07', 128, '70697050-79f1-4db2-96cf-3432da782fe7', 'Me gusta'),
	(496, '2024-03-04 15:58:57.034359-07', 128, '234c9f6a-8dc8-4170-8a3d-c24c2de575ab', 'Me gusta'),
	(497, '2024-03-04 15:58:57.034359-07', 128, '6b1c2983-ff2a-46c6-bc0b-932c1d380ee4', 'Me gusta'),
	(499, '2024-03-04 15:58:57.034359-07', 128, 'e9fd0665-76f1-4781-9a8d-7c5ffa2ecd88', 'Me gusta'),
	(500, '2024-03-04 15:58:57.034359-07', 128, 'b6766ad1-7c39-46e0-b1a5-492125cf2309', 'Me gusta'),
	(501, '2024-03-04 15:58:57.034359-07', 128, 'dc25822b-f6f2-4325-9e80-5f958c6167ba', 'Me gusta'),
	(863, '2024-03-11 13:49:00.303184-07', 142, 'da97de6f-73ff-4335-88da-2cd0b67a3433', 'Me gusta'),
	(951, '2024-03-21 22:05:54.174-07', 148, 'd3cf5372-8388-48f2-b9e8-5e94269ec671', 'Me gusta'),
	(1096, '2024-04-01 13:33:13.023-07', 174, '8545bfd0-77ee-47a4-b1f7-17845d88bbbf', 'Asistir'),
	(1126, '2024-04-01 13:34:40.148-07', 176, 'acd1d671-68f3-4e94-ae01-fc0633509896', 'Asistir'),
	(1052, '2024-03-29 14:13:38.644-07', 159, 'acd1d671-68f3-4e94-ae01-fc0633509896', 'Me gusta'),
	(1056, '2024-03-29 14:14:30.349-07', 158, 'acd1d671-68f3-4e94-ae01-fc0633509896', 'Asistir'),
	(1061, '2024-03-29 20:50:27.484242-07', 133, '18ca3414-8e4d-4fc5-b506-75fcce51f43d', 'Asistir'),
	(1065, '2024-03-30 16:37:36.459-07', 160, 'acd1d671-68f3-4e94-ae01-fc0633509896', 'No me gusta'),
	(1075, '2024-04-01 10:29:49.973-07', 168, 'b41d54c5-24ab-4a7d-95f5-2ae9f79cd23d', 'Me gusta'),
	(1086, '2024-04-01 10:32:51.913-07', 170, 'acd1d671-68f3-4e94-ae01-fc0633509896', 'Me gusta'),
	(1162, '2024-04-06 19:17:46.458-07', 179, 'e6fc595d-2e1f-4cd1-8d9f-72783645aac4', 'Me gusta'),
	(864, '2024-03-11 13:49:00.303184-07', 142, '6712184a-73b8-4541-add0-db439070c061', 'Me gusta'),
	(865, '2024-03-11 13:49:00.303184-07', 142, 'faf903c8-5f72-4318-81f3-da97ba95cac1', 'Me gusta'),
	(866, '2024-03-11 13:49:00.303184-07', 142, 'de2d79cb-19fb-4d98-9ea1-54ee7218c129', 'Me gusta'),
	(799, '2024-03-06 15:26:14.166-07', 127, '4a05f22c-a7bc-4b0f-9028-00f389e6a6f7', 'No me gusta'),
	(805, '2024-03-06 23:25:12.054-07', 127, 'b6d38bb3-c954-415b-baf8-b91f322d2e6e', 'No me gusta'),
	(867, '2024-03-11 13:49:00.303184-07', 142, 'b315d333-e3fb-448f-b6c5-9c69cc6512f8', 'Me gusta'),
	(868, '2024-03-11 13:49:00.303184-07', 142, '8fa98f1a-7041-4220-90b0-9974e7c6a465', 'Me gusta'),
	(869, '2024-03-11 13:49:00.303184-07', 142, '4a05f22c-a7bc-4b0f-9028-00f389e6a6f7', 'Me gusta'),
	(870, '2024-03-11 13:49:00.303184-07', 142, 'e6fc595d-2e1f-4cd1-8d9f-72783645aac4', 'Me gusta'),
	(871, '2024-03-11 13:49:00.303184-07', 142, 'd1ba8c84-7ce1-42f2-9f16-efa109d4d508', 'Me gusta'),
	(872, '2024-03-11 13:49:00.303184-07', 142, '964d5641-a9d6-4213-9d1f-995b8613450b', 'Me gusta'),
	(809, '2024-03-07 11:46:24.114-07', 123, 'a1ce72b2-352c-449f-9a99-d2787f200c11', 'Asistir'),
	(823, '2024-03-11 13:23:43.543-07', 146, 'e6fc595d-2e1f-4cd1-8d9f-72783645aac4', 'Me gusta'),
	(836, '2024-03-11 13:41:48.377-07', 140, 'e6fc595d-2e1f-4cd1-8d9f-72783645aac4', 'Asistir'),
	(873, '2024-03-11 13:49:00.303184-07', 142, 'ec3e4043-cb3e-4f5f-a947-f6120b44159b', 'Me gusta'),
	(874, '2024-03-11 13:49:00.303184-07', 142, '4d6b8b64-1100-4d3b-ac62-292dc1a82184', 'Me gusta'),
	(837, '2024-03-11 13:42:09.166-07', 140, 'c820cd07-b8fe-4613-b125-775d442b309f', 'Asistir'),
	(842, '2024-03-11 13:49:00.303184-07', 142, '36a42894-ff8b-4339-afc4-1ba31c3692e2', 'Me gusta'),
	(843, '2024-03-11 13:49:00.303184-07', 142, '2961f497-101d-4dc4-92a5-998499d0d6a9', 'Me gusta'),
	(844, '2024-03-11 13:49:00.303184-07', 142, 'b41d54c5-24ab-4a7d-95f5-2ae9f79cd23d', 'Me gusta'),
	(845, '2024-03-11 13:49:00.303184-07', 142, 'd3cf5372-8388-48f2-b9e8-5e94269ec671', 'Me gusta'),
	(671, '2024-03-06 13:37:43.067-07', 127, '45f4da3e-5b02-4c6e-9d3c-876831872686', 'Me gusta'),
	(636, '2024-03-06 13:15:59.832-07', 122, '8545bfd0-77ee-47a4-b1f7-17845d88bbbf', 'Me gusta'),
	(846, '2024-03-11 13:49:00.303184-07', 142, '67ad521e-c8d4-409f-98f8-2ef3ba44e0ae', 'Me gusta'),
	(847, '2024-03-11 13:49:00.303184-07', 142, '960a5d81-c083-4556-881b-4596a351ff97', 'Me gusta'),
	(848, '2024-03-11 13:49:00.303184-07', 142, 'c1d198f0-8e90-4b44-b03a-277a436d784d', 'Me gusta'),
	(849, '2024-03-11 13:49:00.303184-07', 142, 'aabf1223-2b84-4950-9933-7aacd9d86901', 'Me gusta'),
	(850, '2024-03-11 13:49:00.303184-07', 142, '55592903-75fc-4f11-8ca9-b69c853acf6b', 'Me gusta'),
	(719, '2024-03-06 14:56:58.059-07', 127, '6712184a-73b8-4541-add0-db439070c061', 'Asistir'),
	(728, '2024-03-06 14:58:13.542-07', 132, '6712184a-73b8-4541-add0-db439070c061', 'No me gusta'),
	(851, '2024-03-11 13:49:00.303184-07', 142, 'cec72efd-7174-4423-be0b-8fc5075419de', 'Me gusta'),
	(852, '2024-03-11 13:49:00.303184-07', 142, '9b35935f-ba81-4876-a989-a463308d35e6', 'Me gusta'),
	(853, '2024-03-11 13:49:00.303184-07', 142, '0296a7ef-9b7e-45b4-9686-fd60e50aa956', 'Me gusta'),
	(854, '2024-03-11 13:49:00.303184-07', 142, 'afb3caae-a422-4ff4-a208-d375189a1cd6', 'Me gusta'),
	(855, '2024-03-11 13:49:00.303184-07', 142, '02804ea9-c8d2-45f0-bc1c-eb3c59a0f34d', 'Me gusta'),
	(856, '2024-03-11 13:49:00.303184-07', 142, '2f53f080-a602-410d-b40b-d4728a7879b8', 'Me gusta'),
	(857, '2024-03-11 13:49:00.303184-07', 142, '06d6fe74-d185-4dda-bf92-f83d9f6db3f1', 'Me gusta'),
	(858, '2024-03-11 13:49:00.303184-07', 142, 'acd1d671-68f3-4e94-ae01-fc0633509896', 'Me gusta'),
	(859, '2024-03-11 13:49:00.303184-07', 142, '9a3857ba-fcd8-47a1-a80a-e32ccbd0bee9', 'Me gusta'),
	(861, '2024-03-11 13:49:00.303184-07', 142, '2b8056a9-476b-41ef-a60e-8b234f9e732d', 'Me gusta'),
	(862, '2024-03-11 13:49:00.303184-07', 142, 'e7ea82e0-5f4a-4a3b-ae12-2366d0009459', 'Me gusta'),
	(875, '2024-03-11 13:49:00.303184-07', 142, '9c6bf4f4-58f8-4319-bc3f-3454d501f1b9', 'Me gusta'),
	(876, '2024-03-11 13:49:00.303184-07', 142, '45f4da3e-5b02-4c6e-9d3c-876831872686', 'Me gusta'),
	(877, '2024-03-11 13:49:00.303184-07', 142, '15ddb30e-44dd-45dd-a15e-869d77183d96', 'Me gusta'),
	(878, '2024-03-11 13:49:00.303184-07', 142, '18ca3414-8e4d-4fc5-b506-75fcce51f43d', 'Me gusta'),
	(879, '2024-03-11 13:49:00.303184-07', 142, 'e17749d1-92d4-41ec-8145-9c8f13e27d3d', 'Me gusta'),
	(880, '2024-03-11 13:49:00.303184-07', 142, 'eb9b49bb-e61e-4ef1-ae97-415cdcf9b58e', 'Me gusta'),
	(881, '2024-03-11 13:49:00.303184-07', 142, 'd9331c5f-3a25-4bd4-94ec-b9bdda4c453c', 'Me gusta'),
	(882, '2024-03-11 13:49:00.303184-07', 142, '67a37000-7a88-4aba-8fbd-253730b5be3b', 'Me gusta'),
	(883, '2024-03-11 13:49:00.303184-07', 142, '70697050-79f1-4db2-96cf-3432da782fe7', 'Me gusta'),
	(884, '2024-03-11 13:49:00.303184-07', 142, '0f304c6a-1920-4e3b-bd04-069223de36cd', 'Me gusta'),
	(885, '2024-03-11 13:49:00.303184-07', 142, '234c9f6a-8dc8-4170-8a3d-c24c2de575ab', 'Me gusta'),
	(886, '2024-03-11 13:49:00.303184-07', 142, '6b1c2983-ff2a-46c6-bc0b-932c1d380ee4', 'Me gusta'),
	(888, '2024-03-11 13:49:00.303184-07', 142, 'e9fd0665-76f1-4781-9a8d-7c5ffa2ecd88', 'Me gusta'),
	(889, '2024-03-11 13:49:00.303184-07', 142, '58e35886-7591-4610-bbe3-2b2b581077bb', 'Me gusta');


--
-- Data for Name: test_table; Type: TABLE DATA; Schema: public; Owner: postgres
--

INSERT INTO "public"."test_table" ("id", "inserted_at", "updated_at", "name") VALUES
	(1, '2024-02-16 08:07:00.061186-07', '2024-02-16 08:07:00.061186-07', 'kek'),
	(2, '2024-02-16 08:08:00.03063-07', '2024-02-16 08:08:00.03063-07', 'kek'),
	(3, '2024-02-16 08:09:00.018971-07', '2024-02-16 08:09:00.018971-07', 'kek'),
	(4, '2024-02-16 08:10:00.018416-07', '2024-02-16 08:10:00.018416-07', 'kek'),
	(5, '2024-02-16 08:11:00.01897-07', '2024-02-16 08:11:00.01897-07', 'kek'),
	(6, '2024-02-16 08:12:00.025795-07', '2024-02-16 08:12:00.025795-07', 'kek');


--
-- Data for Name: buckets; Type: TABLE DATA; Schema: storage; Owner: supabase_storage_admin
--

INSERT INTO "storage"."buckets" ("id", "name", "owner", "created_at", "updated_at", "public", "avif_autodetection", "file_size_limit", "allowed_mime_types", "owner_id") VALUES
	('imagenes_eventos', 'imagenes_eventos', NULL, '2024-02-12 18:29:31.39851-07', '2024-02-12 18:29:31.39851-07', true, false, NULL, NULL, NULL),
	('imagenes_perfil_usuarios', 'imagenes_perfil_usuarios', NULL, '2024-03-30 15:17:12.224712-07', '2024-03-30 15:17:12.224712-07', true, false, NULL, NULL, NULL);


--
-- Data for Name: objects; Type: TABLE DATA; Schema: storage; Owner: supabase_storage_admin
--

INSERT INTO "storage"."objects" ("id", "bucket_id", "name", "owner", "created_at", "updated_at", "last_accessed_at", "metadata", "version", "owner_id") VALUES
	('7a3b3608-c9c6-44c3-83eb-2ed27da3bb86', 'imagenes_eventos', '123/main.jpeg', 'acd1d671-68f3-4e94-ae01-fc0633509896', '2024-02-29 10:17:43.176813-07', '2024-02-29 10:17:43.176813-07', '2024-02-29 10:17:43.176813-07', '{"eTag": "\"e1e1c14ca53a79388f4945cbcf168f44\"", "size": 498826, "mimetype": "image/jpeg", "cacheControl": "max-age=3600", "lastModified": "2024-02-29T17:17:43.000Z", "contentLength": 498826, "httpStatusCode": 200}', '32ba5c22-2df7-4796-83bb-02cd5a0c857d', 'acd1d671-68f3-4e94-ae01-fc0633509896'),
	('74cf16a4-840b-4c7e-9d10-3ea7ebbb6aa4', 'imagenes_perfil_usuarios', 'e6fc595d-2e1f-4cd1-8d9f-72783645aac4/profile915679874.jpeg', 'e6fc595d-2e1f-4cd1-8d9f-72783645aac4', '2024-04-04 14:59:24.556294-07', '2024-04-04 14:59:24.556294-07', '2024-04-04 14:59:24.556294-07', '{"eTag": "\"fa05ab2ff754a257ea14cba5070fe95f\"", "size": 51804, "mimetype": "image/jpeg", "cacheControl": "max-age=3600", "lastModified": "2024-04-04T21:59:25.000Z", "contentLength": 51804, "httpStatusCode": 200}', '7ec67f0e-e716-43da-b1a7-eecd86636125', 'e6fc595d-2e1f-4cd1-8d9f-72783645aac4'),
	('05ba880b-e8fa-4868-ad0d-10512a9d38f3', 'imagenes_eventos', '127/main.jpeg', 'b6d38bb3-c954-415b-baf8-b91f322d2e6e', '2024-03-03 00:51:15.175893-07', '2024-03-03 00:51:15.175893-07', '2024-03-03 00:51:15.175893-07', '{"eTag": "\"c4a4bfcc1e42fbd15a92f994b93453c7\"", "size": 2346059, "mimetype": "image/jpeg", "cacheControl": "max-age=3600", "lastModified": "2024-03-03T07:51:16.000Z", "contentLength": 2346059, "httpStatusCode": 200}', '6ea150b3-e743-467e-a44b-676f58ebc393', 'b6d38bb3-c954-415b-baf8-b91f322d2e6e'),
	('4dedf0dc-3432-41ee-bc1c-4c14877206a8', 'imagenes_eventos', '129/main.jpeg', 'b6d38bb3-c954-415b-baf8-b91f322d2e6e', '2024-03-03 04:19:23.688392-07', '2024-03-03 04:19:23.688392-07', '2024-03-03 04:19:23.688392-07', '{"eTag": "\"9cae32bc1e589929968cf7187f23f01a\"", "size": 159612, "mimetype": "image/jpeg", "cacheControl": "max-age=3600", "lastModified": "2024-03-03T11:19:24.000Z", "contentLength": 159612, "httpStatusCode": 200}', '0e0a1dac-2562-46d7-baad-9e1ad06ed78c', 'b6d38bb3-c954-415b-baf8-b91f322d2e6e'),
	('a2184402-2995-47d5-99f6-9319c20cc408', 'imagenes_eventos', '166/main.jpeg', 'acd1d671-68f3-4e94-ae01-fc0633509896', '2024-04-01 09:59:20.670584-07', '2024-04-01 09:59:20.670584-07', '2024-04-01 09:59:20.670584-07', '{"eTag": "\"f0cc7cafd2a8e5cb1f9c43895d883a5d\"", "size": 16342, "mimetype": "image/jpeg", "cacheControl": "max-age=3600", "lastModified": "2024-04-01T16:59:21.000Z", "contentLength": 16342, "httpStatusCode": 200}', '22f58be7-3823-488d-93c6-fd8232ee6fef', 'acd1d671-68f3-4e94-ae01-fc0633509896'),
	('d56d4ac0-0932-4dfd-8f88-69d3972a5666', 'imagenes_eventos', '138/main.jpeg', '234c9f6a-8dc8-4170-8a3d-c24c2de575ab', '2024-03-04 13:23:08.394418-07', '2024-03-04 13:23:08.394418-07', '2024-03-04 13:23:08.394418-07', '{"eTag": "\"09a51a2c24265c8068b8f701be0de172\"", "size": 377610, "mimetype": "image/jpeg", "cacheControl": "max-age=3600", "lastModified": "2024-03-04T20:23:09.000Z", "contentLength": 377610, "httpStatusCode": 200}', '0c442d4b-1a75-4c08-b7f3-51de0fbd3a45', '234c9f6a-8dc8-4170-8a3d-c24c2de575ab'),
	('a6da101e-205f-4b3c-895f-724c34a113a3', 'imagenes_eventos', '143/main.jpeg', 'b6d38bb3-c954-415b-baf8-b91f322d2e6e', '2024-03-06 20:59:37.629141-07', '2024-03-06 20:59:37.629141-07', '2024-03-06 20:59:37.629141-07', '{"eTag": "\"18e7021c26a412ae285e90fb68befa18\"", "size": 106765, "mimetype": "image/jpeg", "cacheControl": "max-age=3600", "lastModified": "2024-03-07T03:59:38.000Z", "contentLength": 106765, "httpStatusCode": 200}', '476a3de3-7d4a-4d28-b918-60e218984343', 'b6d38bb3-c954-415b-baf8-b91f322d2e6e'),
	('71e0f950-a35f-425f-adaa-b82701b27f3b', 'imagenes_eventos', '171/main.png', 'acd1d671-68f3-4e94-ae01-fc0633509896', '2024-04-01 10:33:51.22499-07', '2024-04-01 10:33:51.22499-07', '2024-04-01 10:33:51.22499-07', '{"eTag": "\"44b2627be9fb20159a65650dc63adff8\"", "size": 1191716, "mimetype": "image/png", "cacheControl": "max-age=3600", "lastModified": "2024-04-01T17:33:52.000Z", "contentLength": 1191716, "httpStatusCode": 200}', 'ae6e3bff-c5ff-47a6-9211-6c68367da780', 'acd1d671-68f3-4e94-ae01-fc0633509896'),
	('ef0e9f62-83c6-468c-b04d-1eb037926a37', 'imagenes_eventos', '147/main.png', '06d6fe74-d185-4dda-bf92-f83d9f6db3f1', '2024-03-09 20:49:21.487787-07', '2024-03-09 20:49:21.487787-07', '2024-03-09 20:49:21.487787-07', '{"eTag": "\"aa3858762366290c48ef578a0a9b0020\"", "size": 795775, "mimetype": "image/png", "cacheControl": "max-age=3600", "lastModified": "2024-03-10T03:49:22.000Z", "contentLength": 795775, "httpStatusCode": 200}', 'b575bc40-1729-4864-a34d-8bf4467e9195', '06d6fe74-d185-4dda-bf92-f83d9f6db3f1'),
	('a40a86ee-570c-4ccf-99ce-29b5a302927a', 'imagenes_eventos', '173/main.jpeg', 'acd1d671-68f3-4e94-ae01-fc0633509896', '2024-04-01 13:23:35.90524-07', '2024-04-01 13:23:35.90524-07', '2024-04-01 13:23:35.90524-07', '{"eTag": "\"92f120ba4198e755bc4b6b6a654454c9\"", "size": 12439, "mimetype": "image/jpeg", "cacheControl": "max-age=3600", "lastModified": "2024-04-01T20:23:36.000Z", "contentLength": 12439, "httpStatusCode": 200}', '65e952e2-7c30-42c1-a423-0f3925b337df', 'acd1d671-68f3-4e94-ae01-fc0633509896'),
	('02acc845-3437-4b0c-b61b-1a68d1c23ff7', 'imagenes_eventos', '152/main.jpeg', 'acd1d671-68f3-4e94-ae01-fc0633509896', '2024-03-11 17:45:16.073193-07', '2024-03-11 17:45:16.073193-07', '2024-03-11 17:45:16.073193-07', '{"eTag": "\"fbf168b26869ce0d096d0ba75a33deb9\"", "size": 148426, "mimetype": "image/jpeg", "cacheControl": "max-age=3600", "lastModified": "2024-03-12T00:45:16.000Z", "contentLength": 148426, "httpStatusCode": 200}', '0e72f062-3813-42a1-8861-16ec1052b31e', 'acd1d671-68f3-4e94-ae01-fc0633509896'),
	('51cb0d44-af74-4bee-86b1-6f01b0bf367d', 'imagenes_eventos', '174/main.png', 'acd1d671-68f3-4e94-ae01-fc0633509896', '2024-04-01 13:26:39.224273-07', '2024-04-01 13:26:39.224273-07', '2024-04-01 13:26:39.224273-07', '{"eTag": "\"44b2627be9fb20159a65650dc63adff8\"", "size": 1191716, "mimetype": "image/png", "cacheControl": "max-age=3600", "lastModified": "2024-04-01T20:26:40.000Z", "contentLength": 1191716, "httpStatusCode": 200}', '3cdf8d8b-a182-4988-ba24-6e6f589b7182', 'acd1d671-68f3-4e94-ae01-fc0633509896'),
	('cd0f95ec-21a3-463e-8634-328f8f27b018', 'imagenes_eventos', '163/main.png', '2961f497-101d-4dc4-92a5-998499d0d6a9', '2024-03-29 19:14:17.849924-07', '2024-03-29 19:14:17.849924-07', '2024-03-29 19:14:17.849924-07', '{"eTag": "\"52bc13eef44ac110b090c771ef1f807b\"", "size": 79300, "mimetype": "image/png", "cacheControl": "max-age=3600", "lastModified": "2024-03-30T02:14:18.000Z", "contentLength": 79300, "httpStatusCode": 200}', '055fc55c-3e5a-4702-b6f0-5df33973e725', '2961f497-101d-4dc4-92a5-998499d0d6a9'),
	('8c3c0e13-1d0b-4afc-98c9-5180e2048bac', 'imagenes_eventos', '164/main.png', '2961f497-101d-4dc4-92a5-998499d0d6a9', '2024-03-29 19:15:27.54032-07', '2024-03-29 19:15:27.54032-07', '2024-03-29 19:15:27.54032-07', '{"eTag": "\"ea85929b196bca03a4d5ddffc9921072\"", "size": 81542, "mimetype": "image/png", "cacheControl": "max-age=3600", "lastModified": "2024-03-30T02:15:28.000Z", "contentLength": 81542, "httpStatusCode": 200}', 'ed5be94b-4650-463a-83ab-995ef4cb81ff', '2961f497-101d-4dc4-92a5-998499d0d6a9'),
	('08b74c40-d186-4583-8aa8-f290ea3d777a', 'imagenes_eventos', '36/main.jpeg', NULL, '2024-02-15 11:46:30.867198-07', '2024-02-15 11:46:30.867198-07', '2024-02-15 11:46:30.867198-07', '{"eTag": "\"0f38ff5f138e84848bb3fd377da51ad3\"", "size": 42448, "mimetype": "image/jpeg", "cacheControl": "max-age=3600", "lastModified": "2024-02-15T18:46:31.000Z", "contentLength": 42448, "httpStatusCode": 200}', '4b0a7bf3-c644-41b8-ae1d-67028fc67d6d', NULL),
	('dc2421e1-47c4-4662-a166-034fe24e3487', 'imagenes_eventos', '37/main.jpeg', NULL, '2024-02-15 11:46:38.382201-07', '2024-02-15 11:46:38.382201-07', '2024-02-15 11:46:38.382201-07', '{"eTag": "\"3669f1e7f995f52aecb2e51bdb7b643d\"", "size": 253715, "mimetype": "image/jpeg", "cacheControl": "max-age=3600", "lastModified": "2024-02-15T18:46:39.000Z", "contentLength": 253715, "httpStatusCode": 200}', '1259d4c8-5705-4b5c-803b-ba5a02aaa627', NULL),
	('9ad388de-8bed-4dd6-a15f-90b8fc810860', 'imagenes_eventos', '124/main.jpeg', 'acd1d671-68f3-4e94-ae01-fc0633509896', '2024-02-29 16:14:40.976562-07', '2024-02-29 16:14:40.976562-07', '2024-02-29 16:14:40.976562-07', '{"eTag": "\"f23ec97f9420d3294a90449b59a10498\"", "size": 13836, "mimetype": "image/jpeg", "cacheControl": "max-age=3600", "lastModified": "2024-02-29T23:14:41.000Z", "contentLength": 13836, "httpStatusCode": 200}', 'df54a793-5698-43e7-9345-7e694c5e534d', 'acd1d671-68f3-4e94-ae01-fc0633509896'),
	('5779d89c-544e-4bb5-aa3a-79891f72d66c', 'imagenes_eventos', '180/main.jpeg', '45f4da3e-5b02-4c6e-9d3c-876831872686', '2024-04-04 15:01:11.888892-07', '2024-04-04 15:01:11.888892-07', '2024-04-04 15:01:11.888892-07', '{"eTag": "\"c0237d979d84b8e48ee5f770224c9503\"", "size": 662879, "mimetype": "image/jpeg", "cacheControl": "max-age=3600", "lastModified": "2024-04-04T22:01:12.000Z", "contentLength": 662879, "httpStatusCode": 200}', '3c50348b-9d4c-4cba-b00a-8d4f03da6d5a', '45f4da3e-5b02-4c6e-9d3c-876831872686'),
	('a1648b5f-694a-498b-a12f-2566ecdc7fe8', 'imagenes_eventos', '128/main.jpeg', 'b6d38bb3-c954-415b-baf8-b91f322d2e6e', '2024-03-03 03:22:45.409424-07', '2024-03-03 03:22:45.409424-07', '2024-03-03 03:22:45.409424-07', '{"eTag": "\"6c46e78428501bc160da5710ba76e876\"", "size": 12257, "mimetype": "image/jpeg", "cacheControl": "max-age=3600", "lastModified": "2024-03-03T10:22:46.000Z", "contentLength": 12257, "httpStatusCode": 200}', '0dfe18fd-fa1e-4d34-bfd2-98d78a6e4341', 'b6d38bb3-c954-415b-baf8-b91f322d2e6e'),
	('51de2ff1-a4a8-4dd3-991a-288122c5d664', 'imagenes_eventos', '167/main.jpg', 'b41d54c5-24ab-4a7d-95f5-2ae9f79cd23d', '2024-04-01 10:06:02.678952-07', '2024-04-01 10:06:02.678952-07', '2024-04-01 10:06:02.678952-07', '{"eTag": "\"f9b6e7fbdd8c2af39be66780cc05cf0d\"", "size": 694635, "mimetype": "image/jpg", "cacheControl": "max-age=3600", "lastModified": "2024-04-01T17:06:03.000Z", "contentLength": 694635, "httpStatusCode": 200}', '2232ae55-73a3-48c2-aa03-6f3f06a30774', 'b41d54c5-24ab-4a7d-95f5-2ae9f79cd23d'),
	('492858a9-cf7a-45a9-abdc-4b5be1fc2af2', 'imagenes_eventos', '134/main.jpeg', 'd9331c5f-3a25-4bd4-94ec-b9bdda4c453c', '2024-03-04 12:53:06.073033-07', '2024-03-04 12:53:06.073033-07', '2024-03-04 12:53:06.073033-07', '{"eTag": "\"811053e289401ac663abd2e277d026f6\"", "size": 366329, "mimetype": "image/jpeg", "cacheControl": "max-age=3600", "lastModified": "2024-03-04T19:53:06.000Z", "contentLength": 366329, "httpStatusCode": 200}', 'f57775a1-1bea-46da-9b33-f4d54f61fd58', 'd9331c5f-3a25-4bd4-94ec-b9bdda4c453c'),
	('856c2136-6626-489b-8707-13f56de8c819', 'imagenes_eventos', '172/main.jpeg', 'acd1d671-68f3-4e94-ae01-fc0633509896', '2024-04-01 10:45:27.631111-07', '2024-04-01 10:45:27.631111-07', '2024-04-01 10:45:27.631111-07', '{"eTag": "\"0c30f51b37508bcb8395836bd405ce99\"", "size": 8587, "mimetype": "image/jpeg", "cacheControl": "max-age=3600", "lastModified": "2024-04-01T17:45:28.000Z", "contentLength": 8587, "httpStatusCode": 200}', '429d2b46-0705-4535-9994-188aec461897', 'acd1d671-68f3-4e94-ae01-fc0633509896'),
	('831ccdd6-11d8-4e92-9625-9a4e2d6cfc56', 'imagenes_eventos', '139/main.jpeg', '234c9f6a-8dc8-4170-8a3d-c24c2de575ab', '2024-03-04 13:26:16.612418-07', '2024-03-04 13:26:16.612418-07', '2024-03-04 13:26:16.612418-07', '{"eTag": "\"cdedef9ac9c5249f6402f205f3ba3d69\"", "size": 403804, "mimetype": "image/jpeg", "cacheControl": "max-age=3600", "lastModified": "2024-03-04T20:26:17.000Z", "contentLength": 403804, "httpStatusCode": 200}', '68298883-b0ff-41c4-86d3-9868aedba834', '234c9f6a-8dc8-4170-8a3d-c24c2de575ab'),
	('ca568221-84f8-46b1-8ba3-ed93c842f630', 'imagenes_eventos', '115/main.jpeg', '9a3857ba-fcd8-47a1-a80a-e32ccbd0bee9', '2024-02-17 09:34:12.070583-07', '2024-02-17 09:34:12.070583-07', '2024-02-17 09:34:12.070583-07', '{"eTag": "\"0457351506aa00807482907d9e8cd321\"", "size": 131203, "mimetype": "image/jpeg", "cacheControl": "max-age=3600", "lastModified": "2024-02-17T16:34:13.000Z", "contentLength": 131203, "httpStatusCode": 200}', '6e6e8db3-b3f5-46a3-942a-cf58f5b67d9c', '9a3857ba-fcd8-47a1-a80a-e32ccbd0bee9'),
	('b0b716c6-afa2-431b-bb3f-df37e3b6629d', 'imagenes_eventos', '118/main.jpeg', 'acd1d671-68f3-4e94-ae01-fc0633509896', '2024-02-17 15:13:39.153368-07', '2024-02-17 15:13:39.153368-07', '2024-02-17 15:13:39.153368-07', '{"eTag": "\"e03b627eed101726bebb25b8af756cc3\"", "size": 298660, "mimetype": "image/jpeg", "cacheControl": "max-age=3600", "lastModified": "2024-02-17T22:13:40.000Z", "contentLength": 298660, "httpStatusCode": 200}', 'ebf6f980-2566-48e6-8db8-9f582bfa6d75', 'acd1d671-68f3-4e94-ae01-fc0633509896'),
	('ed33928a-b95c-411c-a5db-e4c9547d8b67', 'imagenes_eventos', '140/main.jpeg', '70697050-79f1-4db2-96cf-3432da782fe7', '2024-03-04 13:27:07.275911-07', '2024-03-04 13:27:07.275911-07', '2024-03-04 13:27:07.275911-07', '{"eTag": "\"54a6fe777a973d2134972d888950ea94\"", "size": 171898, "mimetype": "image/jpeg", "cacheControl": "max-age=3600", "lastModified": "2024-03-04T20:27:08.000Z", "contentLength": 171898, "httpStatusCode": 200}', 'f59bb888-dcee-46a3-b40c-2d0e06ca7a57', '70697050-79f1-4db2-96cf-3432da782fe7'),
	('dabfa24a-c972-4b88-a6b6-7a557c27190b', 'imagenes_eventos', '175/main.jpg', 'd1ba8c84-7ce1-42f2-9f16-efa109d4d508', '2024-04-01 13:29:48.29867-07', '2024-04-01 13:29:48.29867-07', '2024-04-01 13:29:48.29867-07', '{"eTag": "\"e787d057f284622754dc71a2d58c8d28\"", "size": 386678, "mimetype": "image/jpg", "cacheControl": "max-age=3600", "lastModified": "2024-04-01T20:29:49.000Z", "contentLength": 386678, "httpStatusCode": 200}', '111424d6-fd94-4022-b2c1-0540dd5caf5d', 'd1ba8c84-7ce1-42f2-9f16-efa109d4d508'),
	('a9ad8beb-03f1-408d-9180-75f3208db013', 'imagenes_eventos', '122/main.jpeg', 'c820cd07-b8fe-4613-b125-775d442b309f', '2024-02-19 13:54:37.132328-07', '2024-02-19 13:54:37.132328-07', '2024-02-19 13:54:37.132328-07', '{"eTag": "\"a450a534c0fd6679b0d859c4b5303dd8\"", "size": 346289, "mimetype": "image/jpeg", "cacheControl": "max-age=3600", "lastModified": "2024-02-19T20:54:38.000Z", "contentLength": 346289, "httpStatusCode": 200}', 'd2291fe3-9822-430b-849e-383ba8203aaa', 'c820cd07-b8fe-4613-b125-775d442b309f'),
	('bf2f8866-64c9-44c4-a4ce-18c1dbc12586', 'imagenes_eventos', '144/main.jpg', 'e9fd0665-76f1-4781-9a8d-7c5ffa2ecd88', '2024-03-06 23:23:21.378797-07', '2024-03-06 23:23:21.378797-07', '2024-03-06 23:23:21.378797-07', '{"eTag": "\"1cc4fd80ccc00907d3d004e42a50d5b1\"", "size": 3684518, "mimetype": "image/jpg", "cacheControl": "max-age=3600", "lastModified": "2024-03-07T06:23:22.000Z", "contentLength": 3684518, "httpStatusCode": 200}', 'b241599f-ad2d-4d45-8a6f-178320d33e91', 'e9fd0665-76f1-4781-9a8d-7c5ffa2ecd88'),
	('7eb4cd83-b401-4c38-a031-7c5b101af9a1', 'imagenes_eventos', '148/main.jpeg', 'b6d38bb3-c954-415b-baf8-b91f322d2e6e', '2024-03-11 13:33:10.009545-07', '2024-03-11 13:33:10.009545-07', '2024-03-11 13:33:10.009545-07', '{"eTag": "\"e9c6db87c74ecf44a216860d0e55bb3e\"", "size": 248082, "mimetype": "image/jpeg", "cacheControl": "max-age=3600", "lastModified": "2024-03-11T20:33:10.000Z", "contentLength": 248082, "httpStatusCode": 200}', 'df1a50d3-85e0-449b-885d-999286016fdf', 'b6d38bb3-c954-415b-baf8-b91f322d2e6e'),
	('1f5bd634-3cc4-4691-ba75-781bc824da00', 'imagenes_eventos', '133/main.png', NULL, '2024-03-30 13:52:51.11591-07', '2024-03-30 13:52:51.11591-07', '2024-03-30 13:52:51.11591-07', '{"eTag": "\"2e8143c491d3861617c11db3aea64fb4\"", "size": 1244, "mimetype": "image/png", "cacheControl": "max-age=3600", "lastModified": "2024-03-30T20:52:52.000Z", "contentLength": 1244, "httpStatusCode": 200}', '30099c31-c86f-4d89-800b-5d119c6302d6', NULL),
	('a0e68dcb-0728-4fa1-9b87-a7d2043b46a0', 'imagenes_eventos', '125/main.jpeg', 'acd1d671-68f3-4e94-ae01-fc0633509896', '2024-02-29 16:31:46.141144-07', '2024-02-29 16:31:46.141144-07', '2024-02-29 16:31:46.141144-07', '{"eTag": "\"79794a262001aa42da0f430d0ff2daba\"", "size": 41168, "mimetype": "image/jpeg", "cacheControl": "max-age=3600", "lastModified": "2024-02-29T23:31:47.000Z", "contentLength": 41168, "httpStatusCode": 200}', '01e0f081-2bc9-4ad8-80ec-56513d155504', 'acd1d671-68f3-4e94-ae01-fc0633509896'),
	('88489775-8d9f-47f9-9837-31c78e5922d4', 'imagenes_eventos', '181/main.jpeg', 'e6fc595d-2e1f-4cd1-8d9f-72783645aac4', '2024-04-06 19:19:23.876945-07', '2024-04-06 19:19:23.876945-07', '2024-04-06 19:19:23.876945-07', '{"eTag": "\"2a499ef6984722a53d46bbafb6ed5df6\"", "size": 4552144, "mimetype": "image/jpeg", "cacheControl": "max-age=3600", "lastModified": "2024-04-07T02:19:24.000Z", "contentLength": 4552144, "httpStatusCode": 200}', '94cf6690-677c-4697-8368-7cc1c99e4875', 'e6fc595d-2e1f-4cd1-8d9f-72783645aac4'),
	('52a9629a-4c6c-4f9c-9c49-25d16c92c3d5', 'imagenes_eventos', '119/main.jpeg', NULL, '2024-03-03 03:50:40.018817-07', '2024-03-03 03:50:40.018817-07', '2024-03-03 03:50:40.018817-07', '{"eTag": "\"f2386ab4de0289b64f61c424bbd04bca\"", "size": 5111072, "mimetype": "image/jpg", "cacheControl": "max-age=3600", "lastModified": "2024-03-03T10:50:40.000Z", "contentLength": 5111072, "httpStatusCode": 200}', '1d852e39-f59e-464f-b6eb-a7a994b14c9a', NULL),
	('b4b08f56-ca3e-472d-a8de-dcf4d0c81a03', 'imagenes_eventos', '150/main.jpeg', 'e6fc595d-2e1f-4cd1-8d9f-72783645aac4', '2024-03-11 13:47:07.094181-07', '2024-03-11 13:47:07.094181-07', '2024-03-11 13:47:07.094181-07', '{"eTag": "\"a8b2470745ae59e361a96cf443709adf\"", "size": 116459, "mimetype": "image/jpeg", "cacheControl": "max-age=3600", "lastModified": "2024-03-11T20:47:08.000Z", "contentLength": 116459, "httpStatusCode": 200}', 'cd5fca12-a452-47e0-9185-9450fc3ea027', 'e6fc595d-2e1f-4cd1-8d9f-72783645aac4'),
	('8e6555cf-e687-426c-b6f6-f9674dfcb07c', 'imagenes_eventos', '131/main.png', 'acd1d671-68f3-4e94-ae01-fc0633509896', '2024-03-03 15:34:49.883098-07', '2024-03-03 15:34:49.883098-07', '2024-03-03 15:34:49.883098-07', '{"eTag": "\"b6c833f53c3517e756c6a65604ee1da6\"", "size": 1033533, "mimetype": "image/png", "cacheControl": "max-age=3600", "lastModified": "2024-03-03T22:34:50.000Z", "contentLength": 1033533, "httpStatusCode": 200}', 'ae1a18b9-3f53-4308-b839-da8cfb241dc0', 'acd1d671-68f3-4e94-ae01-fc0633509896'),
	('443b1653-50fa-462c-b90a-e80553e040bb', 'imagenes_eventos', '114/main.jpeg', 'acd1d671-68f3-4e94-ae01-fc0633509896', '2024-02-17 09:29:43.875297-07', '2024-02-17 09:29:43.875297-07', '2024-02-17 09:29:43.875297-07', '{"eTag": "\"eaadc0cc2962414fa695b470a840fa41\"", "size": 160690, "mimetype": "image/jpeg", "cacheControl": "max-age=3600", "lastModified": "2024-02-17T16:29:44.000Z", "contentLength": 160690, "httpStatusCode": 200}', 'e589d354-f417-46e2-a67d-3b6bf4685d88', 'acd1d671-68f3-4e94-ae01-fc0633509896'),
	('827a9181-d2a3-4ba7-9898-646a9b38dfb6', 'imagenes_eventos', '135/main.jpeg', '70697050-79f1-4db2-96cf-3432da782fe7', '2024-03-04 13:11:04.810137-07', '2024-03-04 13:11:04.810137-07', '2024-03-04 13:11:04.810137-07', '{"eTag": "\"5679f3bcd7085572dcbbe136a8583e5c\"", "size": 7231, "mimetype": "image/jpeg", "cacheControl": "max-age=3600", "lastModified": "2024-03-04T20:11:05.000Z", "contentLength": 7231, "httpStatusCode": 200}', '49ea04c0-a173-4d91-909d-4efb0b002e46', '70697050-79f1-4db2-96cf-3432da782fe7'),
	('4056df8e-093f-47d2-9c65-5ab4507c4981', 'imagenes_eventos', '120/main.jpeg', '70697050-79f1-4db2-96cf-3432da782fe7', '2024-02-17 21:05:26.928359-07', '2024-02-17 21:05:26.928359-07', '2024-02-17 21:05:26.928359-07', '{"eTag": "\"4450fbff0a884e359b5216a52f4d0c6c\"", "size": 294277, "mimetype": "image/jpeg", "cacheControl": "max-age=3600", "lastModified": "2024-02-18T04:05:27.000Z", "contentLength": 294277, "httpStatusCode": 200}', 'd10d5456-025b-40b5-889f-d442d8e495df', '70697050-79f1-4db2-96cf-3432da782fe7'),
	('99de7d83-ba7c-4530-badc-5d4b3736532b', 'imagenes_eventos', '136/main.jpeg', '234c9f6a-8dc8-4170-8a3d-c24c2de575ab', '2024-03-04 13:13:03.079836-07', '2024-03-04 13:13:03.079836-07', '2024-03-04 13:13:03.079836-07', '{"eTag": "\"2f08030f7c5194709156f764ef680c4a\"", "size": 477226, "mimetype": "image/jpeg", "cacheControl": "max-age=3600", "lastModified": "2024-03-04T20:13:03.000Z", "contentLength": 477226, "httpStatusCode": 200}', '5bb73544-811c-43f6-a676-ad6d9afd2ae8', '234c9f6a-8dc8-4170-8a3d-c24c2de575ab'),
	('53baf1cc-78f1-46b1-8452-2a4967042a07', 'imagenes_eventos', '141/main.jpg', 'e9fd0665-76f1-4781-9a8d-7c5ffa2ecd88', '2024-03-04 13:34:40.517872-07', '2024-03-04 13:34:40.517872-07', '2024-03-04 13:34:40.517872-07', '{"eTag": "\"0705499710132dae894b189299af155f\"", "size": 673895, "mimetype": "image/jpg", "cacheControl": "max-age=3600", "lastModified": "2024-03-04T20:34:41.000Z", "contentLength": 673895, "httpStatusCode": 200}', 'eed5caf6-d240-411e-bc34-2fe4dedd8f38', 'e9fd0665-76f1-4781-9a8d-7c5ffa2ecd88'),
	('b49a6a36-01b0-4af2-9709-41f334650054', 'imagenes_eventos', '168/main.jpeg', 'acd1d671-68f3-4e94-ae01-fc0633509896', '2024-04-01 10:26:20.632965-07', '2024-04-01 10:26:20.632965-07', '2024-04-01 10:26:20.632965-07', '{"eTag": "\"67b8869b0f7abd0e87726f2207d6c949\"", "size": 16395, "mimetype": "image/jpeg", "cacheControl": "max-age=3600", "lastModified": "2024-04-01T17:26:21.000Z", "contentLength": 16395, "httpStatusCode": 200}', 'b84d8b70-10d3-40d7-9cd1-3378f65741af', 'acd1d671-68f3-4e94-ae01-fc0633509896'),
	('9f97eedb-9375-4d47-b5a9-9af8e9ea7d7d', 'imagenes_eventos', '145/main.jpg', 'a1ce72b2-352c-449f-9a99-d2787f200c11', '2024-03-07 11:48:51.245881-07', '2024-03-07 11:48:51.245881-07', '2024-03-07 11:48:51.245881-07', '{"eTag": "\"941add509efefd896318962389147662\"", "size": 208726, "mimetype": "image/jpg", "cacheControl": "max-age=3600", "lastModified": "2024-03-07T18:48:52.000Z", "contentLength": 208726, "httpStatusCode": 200}', 'd4a97541-7165-434d-a988-c810cfaefada', 'a1ce72b2-352c-449f-9a99-d2787f200c11'),
	('2908b4ae-9c4c-40ee-97d6-56d7283c951e', 'imagenes_eventos', '149/main.jpeg', 'e6fc595d-2e1f-4cd1-8d9f-72783645aac4', '2024-03-11 13:45:42.500355-07', '2024-03-11 13:45:42.500355-07', '2024-03-11 13:45:42.500355-07', '{"eTag": "\"318a5b7c7738cdb45226691f909e76d8\"", "size": 439273, "mimetype": "image/jpeg", "cacheControl": "max-age=3600", "lastModified": "2024-03-11T20:45:43.000Z", "contentLength": 439273, "httpStatusCode": 200}', '7a532bab-05ff-4f92-8882-4bdf068c472b', 'e6fc595d-2e1f-4cd1-8d9f-72783645aac4'),
	('c37ebee7-9134-4f2b-8b61-809c74bc0748', 'imagenes_eventos', '169/main.png', 'acd1d671-68f3-4e94-ae01-fc0633509896', '2024-04-01 10:27:27.647322-07', '2024-04-01 10:27:27.647322-07', '2024-04-01 10:27:27.647322-07', '{"eTag": "\"9277e377e9da3b6e4d398d24050ea5e8\"", "size": 1216204, "mimetype": "image/png", "cacheControl": "max-age=3600", "lastModified": "2024-04-01T17:27:28.000Z", "contentLength": 1216204, "httpStatusCode": 200}', '1b93092a-23ff-4efb-a2d5-9d3601fc24b7', 'acd1d671-68f3-4e94-ae01-fc0633509896'),
	('5af17ac7-e59e-4190-8c62-14a64d8138a5', 'imagenes_eventos', '158/main.jpeg', 'b41d54c5-24ab-4a7d-95f5-2ae9f79cd23d', '2024-03-29 13:25:45.154452-07', '2024-03-29 13:25:45.154452-07', '2024-03-29 13:25:45.154452-07', '{"eTag": "\"16081fdae93487eaa2345727c705b296\"", "size": 1782929, "mimetype": "image/jpeg", "cacheControl": "max-age=3600", "lastModified": "2024-03-29T20:25:45.000Z", "contentLength": 1782929, "httpStatusCode": 200}', 'a3821903-bc22-4daa-b643-9ef2036c3930', 'b41d54c5-24ab-4a7d-95f5-2ae9f79cd23d'),
	('d6e35445-c971-47a9-a47b-8be1442bf0c5', 'imagenes_eventos', '159/main.jpeg', 'b41d54c5-24ab-4a7d-95f5-2ae9f79cd23d', '2024-03-29 13:27:00.448889-07', '2024-03-29 13:27:00.448889-07', '2024-03-29 13:27:00.448889-07', '{"eTag": "\"0eb214a04b3cc5f70d308e262cfa3ac5\"", "size": 1036, "mimetype": "image/jpeg", "cacheControl": "max-age=3600", "lastModified": "2024-03-29T20:27:01.000Z", "contentLength": 1036, "httpStatusCode": 200}', '672701a6-5b1f-4b2f-b6b3-fdfe3829d465', 'b41d54c5-24ab-4a7d-95f5-2ae9f79cd23d'),
	('9f2ec1d4-6628-404d-9aa8-05366daa969f', 'imagenes_eventos', '126/main.jpeg', 'acd1d671-68f3-4e94-ae01-fc0633509896', '2024-02-29 16:42:09.663913-07', '2024-02-29 16:42:09.663913-07', '2024-02-29 16:42:09.663913-07', '{"eTag": "\"16eb3ba57f478b5528bd18d283ecdafa\"", "size": 188896, "mimetype": "image/jpeg", "cacheControl": "max-age=3600", "lastModified": "2024-02-29T23:42:10.000Z", "contentLength": 188896, "httpStatusCode": 200}', '822708f7-3bfe-4bac-b007-cd5dfd21e31b', 'acd1d671-68f3-4e94-ae01-fc0633509896'),
	('9ad4a73d-3619-48f0-86ee-46ff2832c8de', 'imagenes_eventos', '165/main.jpeg', '45f4da3e-5b02-4c6e-9d3c-876831872686', '2024-03-31 17:09:52.947607-07', '2024-03-31 17:09:52.947607-07', '2024-03-31 17:09:52.947607-07', '{"eTag": "\"726a1d5431559b2da15564ed2563d1cc\"", "size": 120021, "mimetype": "image/jpeg", "cacheControl": "max-age=3600", "lastModified": "2024-04-01T00:09:53.000Z", "contentLength": 120021, "httpStatusCode": 200}', '0ecbeb34-3039-466e-a850-3ef37c5412ab', '45f4da3e-5b02-4c6e-9d3c-876831872686'),
	('e8a5418b-474d-44f3-ac27-981c711ec4f2', 'imagenes_eventos', '117/main.jpeg', NULL, '2024-03-03 03:50:47.844004-07', '2024-03-03 03:50:47.844004-07', '2024-03-03 03:50:47.844004-07', '{"eTag": "\"b16d2581992b9f28ea1497377199f248\"", "size": 148131, "mimetype": "image/png", "cacheControl": "max-age=3600", "lastModified": "2024-03-03T10:50:48.000Z", "contentLength": 148131, "httpStatusCode": 200}', 'a934b8cf-e14a-4a51-a308-e5ae1caa6019', NULL),
	('765666e9-ca94-4d58-9358-05ebbc952111', 'imagenes_eventos', '170/main.jpg', 'b41d54c5-24ab-4a7d-95f5-2ae9f79cd23d', '2024-04-01 10:31:21.286176-07', '2024-04-01 10:31:21.286176-07', '2024-04-01 10:31:21.286176-07', '{"eTag": "\"6a61a9741a1b07516c58fa4c85845c6f\"", "size": 218359, "mimetype": "image/jpg", "cacheControl": "max-age=3600", "lastModified": "2024-04-01T17:31:22.000Z", "contentLength": 218359, "httpStatusCode": 200}', '4a104112-278f-4280-b3b7-a3c241f78f64', 'b41d54c5-24ab-4a7d-95f5-2ae9f79cd23d'),
	('b4773a75-1429-4d15-98ec-82c659600d3f', 'imagenes_eventos', '132/main.jpeg', 'acd1d671-68f3-4e94-ae01-fc0633509896', '2024-03-03 16:32:21.107409-07', '2024-03-03 16:32:21.107409-07', '2024-03-03 16:32:21.107409-07', '{"eTag": "\"057e382dedb5c5fc3093836b331cba4c\"", "size": 103325, "mimetype": "image/jpeg", "cacheControl": "max-age=3600", "lastModified": "2024-03-03T23:32:22.000Z", "contentLength": 103325, "httpStatusCode": 200}', '74e0b1f6-a7f5-4fc1-9d9d-0e7375ba975c', 'acd1d671-68f3-4e94-ae01-fc0633509896'),
	('f987222e-5977-45f6-a2c8-c15b25878968', 'imagenes_eventos', '137/main.jpg', '6b1c2983-ff2a-46c6-bc0b-932c1d380ee4', '2024-03-04 13:18:56.06673-07', '2024-03-04 13:18:56.06673-07', '2024-03-04 13:18:56.06673-07', '{"eTag": "\"590a3b5a934af136835e521c3e23b9a1\"", "size": 43004, "mimetype": "image/jpg", "cacheControl": "max-age=3600", "lastModified": "2024-03-04T20:18:56.000Z", "contentLength": 43004, "httpStatusCode": 200}', 'ebf44c92-47f5-4206-af7b-6a5d8a27265b', '6b1c2983-ff2a-46c6-bc0b-932c1d380ee4'),
	('fa1313c0-c4ba-45af-92db-e4d369dde016', 'imagenes_eventos', '142/main.png', '70697050-79f1-4db2-96cf-3432da782fe7', '2024-03-04 15:54:49.623381-07', '2024-03-04 15:54:49.623381-07', '2024-03-04 15:54:49.623381-07', '{"eTag": "\"503d1b63542968cfcabe12911b174b05\"", "size": 90815, "mimetype": "image/png", "cacheControl": "max-age=3600", "lastModified": "2024-03-04T22:54:50.000Z", "contentLength": 90815, "httpStatusCode": 200}', '35942f80-130f-4dac-9cc7-a1b61fc1d74b', '70697050-79f1-4db2-96cf-3432da782fe7'),
	('475c087e-6a07-46d4-9b76-a2a58d67830b', 'imagenes_eventos', '146/main.jpeg', 'c1d198f0-8e90-4b44-b03a-277a436d784d', '2024-03-09 16:20:57.336252-07', '2024-03-09 16:20:57.336252-07', '2024-03-09 16:20:57.336252-07', '{"eTag": "\"00153b9a619fc08c05bb11857cf121a6\"", "size": 141107, "mimetype": "image/jpeg", "cacheControl": "max-age=3600", "lastModified": "2024-03-09T23:20:58.000Z", "contentLength": 141107, "httpStatusCode": 200}', 'bc7d8f7d-94a3-4ec9-8597-16362e86b2fc', 'c1d198f0-8e90-4b44-b03a-277a436d784d'),
	('58beff4b-e2fe-48c8-9fca-22937e56fc3f', 'imagenes_eventos', '116/main.jpeg', '9a3857ba-fcd8-47a1-a80a-e32ccbd0bee9', '2024-02-17 09:36:57.728222-07', '2024-02-17 09:36:57.728222-07', '2024-02-17 09:36:57.728222-07', '{"eTag": "\"506202c0148d8f38a6f1512a33a6ac00\"", "size": 166988, "mimetype": "image/jpeg", "cacheControl": "max-age=3600", "lastModified": "2024-02-17T16:36:58.000Z", "contentLength": 166988, "httpStatusCode": 200}', '9e160cbe-3b55-4d1f-9c00-c7a59a763989', '9a3857ba-fcd8-47a1-a80a-e32ccbd0bee9'),
	('b98c4d1b-e9f9-4a1b-bd81-26c0b01336b6', 'imagenes_eventos', '151/main.jpeg', 'c820cd07-b8fe-4613-b125-775d442b309f', '2024-03-11 13:53:15.963651-07', '2024-03-11 13:53:15.963651-07', '2024-03-11 13:53:15.963651-07', '{"eTag": "\"9b8a3ca277bcb7660c10af8447da293f\"", "size": 476813, "mimetype": "image/jpeg", "cacheControl": "max-age=3600", "lastModified": "2024-03-11T20:53:16.000Z", "contentLength": 476813, "httpStatusCode": 200}', '405f1e95-c2ef-4baa-8844-962d16963504', 'c820cd07-b8fe-4613-b125-775d442b309f'),
	('e53039b7-9b92-41aa-9295-d24778fafdf0', 'imagenes_eventos', '121/main.jpeg', '6712184a-73b8-4541-add0-db439070c061', '2024-02-18 15:05:36.428928-07', '2024-02-18 15:05:36.428928-07', '2024-02-18 15:05:36.428928-07', '{"eTag": "\"8ca0a4fee7f097d2bf2cf4f6085a3801\"", "size": 79066, "mimetype": "image/jpeg", "cacheControl": "max-age=3600", "lastModified": "2024-02-18T22:05:37.000Z", "contentLength": 79066, "httpStatusCode": 200}', 'aa45cd56-4e05-4ed1-878c-d2ea9e137b7b', '6712184a-73b8-4541-add0-db439070c061'),
	('2f5dac24-af15-49b4-84ed-e0c265736700', 'imagenes_eventos', '156/main.jpeg', '06d6fe74-d185-4dda-bf92-f83d9f6db3f1', '2024-03-17 14:15:54.872857-07', '2024-03-17 14:15:54.872857-07', '2024-03-17 14:15:54.872857-07', '{"eTag": "\"eb99effd8d2613dddcf0791074de7993\"", "size": 3286559, "mimetype": "image/jpeg", "cacheControl": "max-age=3600", "lastModified": "2024-03-17T21:15:55.000Z", "contentLength": 3286559, "httpStatusCode": 200}', '42592da1-b274-4ff0-933c-90482a6ca713', '06d6fe74-d185-4dda-bf92-f83d9f6db3f1'),
	('8cf8edc2-5cf3-4e2b-a72f-f6bcd82a02d2', 'imagenes_eventos', '157/main.jpeg', '06d6fe74-d185-4dda-bf92-f83d9f6db3f1', '2024-03-17 14:17:31.597016-07', '2024-03-17 14:17:31.597016-07', '2024-03-17 14:17:31.597016-07', '{"eTag": "\"2347402f79670a23742aa7952b7c6a5b\"", "size": 2421987, "mimetype": "image/jpeg", "cacheControl": "max-age=3600", "lastModified": "2024-03-17T21:17:32.000Z", "contentLength": 2421987, "httpStatusCode": 200}', '5de54be8-1a7b-4235-8f31-f831170c1ae1', '06d6fe74-d185-4dda-bf92-f83d9f6db3f1'),
	('b866ead5-4973-426a-a9df-126d04b9f0c5', 'imagenes_eventos', '160/main.png', 'b41d54c5-24ab-4a7d-95f5-2ae9f79cd23d', '2024-03-29 19:08:55.794683-07', '2024-03-29 19:08:55.794683-07', '2024-03-29 19:08:55.794683-07', '{"eTag": "\"1dd6df874905dde73d6ff4076572853d\"", "size": 62795, "mimetype": "image/png", "cacheControl": "max-age=3600", "lastModified": "2024-03-30T02:08:56.000Z", "contentLength": 62795, "httpStatusCode": 200}', 'c7a2f76d-65c5-4597-a173-3ce2599eec75', 'b41d54c5-24ab-4a7d-95f5-2ae9f79cd23d'),
	('e6ce92ae-6040-45f1-b52e-2eebc9e5cda1', 'imagenes_eventos', '161/main.png', 'b41d54c5-24ab-4a7d-95f5-2ae9f79cd23d', '2024-03-29 19:10:08.114228-07', '2024-03-29 19:10:08.114228-07', '2024-03-29 19:10:08.114228-07', '{"eTag": "\"6f33f3d71477c82306d3d88c1d1f4582\"", "size": 66937, "mimetype": "image/png", "cacheControl": "max-age=3600", "lastModified": "2024-03-30T02:10:09.000Z", "contentLength": 66937, "httpStatusCode": 200}', '29119e22-5cdc-418f-8d76-b63b5ab99b37', 'b41d54c5-24ab-4a7d-95f5-2ae9f79cd23d'),
	('de519969-1248-4135-9d8d-6069db8ae290', 'imagenes_eventos', '162/main.png', 'acd1d671-68f3-4e94-ae01-fc0633509896', '2024-03-29 19:11:59.477579-07', '2024-03-29 19:11:59.477579-07', '2024-03-29 19:11:59.477579-07', '{"eTag": "\"45bb984bbb834005cf4707969139ab52\"", "size": 77618, "mimetype": "image/png", "cacheControl": "max-age=3600", "lastModified": "2024-03-30T02:12:00.000Z", "contentLength": 77618, "httpStatusCode": 200}', '3b0f116d-16b8-49af-8ed2-0b3d7b36444c', 'acd1d671-68f3-4e94-ae01-fc0633509896'),
	('67ee2060-7583-4e01-8af4-e40f7ed9ed80', 'imagenes_eventos', '176/main.jpg', '8545bfd0-77ee-47a4-b1f7-17845d88bbbf', '2024-04-01 13:31:51.321165-07', '2024-04-01 13:31:51.321165-07', '2024-04-01 13:31:51.321165-07', '{"eTag": "\"268b9666d99ea6ce38c12aec8b2f1713\"", "size": 5184029, "mimetype": "image/jpg", "cacheControl": "max-age=3600", "lastModified": "2024-04-01T20:31:52.000Z", "contentLength": 5184029, "httpStatusCode": 200}', 'a182c922-5e8f-47e6-82e2-3a435e0b21cc', '8545bfd0-77ee-47a4-b1f7-17845d88bbbf'),
	('a6e1c9a8-7b83-4592-b22d-66cb7496da11', 'imagenes_eventos', '182/main.jpeg', 'e6fc595d-2e1f-4cd1-8d9f-72783645aac4', '2024-04-06 19:24:09.635283-07', '2024-04-06 19:24:09.635283-07', '2024-04-06 19:24:09.635283-07', '{"eTag": "\"307cae91ed63fdd57e343cbfd196afcd\"", "size": 135811, "mimetype": "image/jpeg", "cacheControl": "max-age=3600", "lastModified": "2024-04-07T02:24:10.000Z", "contentLength": 135811, "httpStatusCode": 200}', 'da485ce6-ce3c-4b25-abc5-2fe8782cc087', 'e6fc595d-2e1f-4cd1-8d9f-72783645aac4'),
	('a55a0df8-c66e-4327-97b1-b9407db47c5e', 'imagenes_eventos', '177/main.jpg', 'd1ba8c84-7ce1-42f2-9f16-efa109d4d508', '2024-04-01 13:37:56.812574-07', '2024-04-01 13:37:56.812574-07', '2024-04-01 13:37:56.812574-07', '{"eTag": "\"c3a0e8f8a2aa7cbd997d739556d02016\"", "size": 2642201, "mimetype": "image/jpg", "cacheControl": "max-age=3600", "lastModified": "2024-04-01T20:37:57.000Z", "contentLength": 2642201, "httpStatusCode": 200}', '83c563a2-48f7-4149-8bcd-3fae4966ff15', 'd1ba8c84-7ce1-42f2-9f16-efa109d4d508'),
	('d5ce7dd0-e4c7-431d-b736-bbea94bf3b29', 'imagenes_eventos', '178/main.jpeg', '45f4da3e-5b02-4c6e-9d3c-876831872686', '2024-04-01 23:33:57.401697-07', '2024-04-01 23:33:57.401697-07', '2024-04-01 23:33:57.401697-07', '{"eTag": "\"18ee05dba3934090bb32369e7e173f05\"", "size": 367349, "mimetype": "image/jpeg", "cacheControl": "max-age=3600", "lastModified": "2024-04-02T06:33:58.000Z", "contentLength": 367349, "httpStatusCode": 200}', '9566331f-0b16-4edf-9e33-3cc0d4b604c9', '45f4da3e-5b02-4c6e-9d3c-876831872686'),
	('7c2a205f-f6ea-4c91-b8e7-7b284b04c01b', 'imagenes_perfil_usuarios', 'e6fc595d-2e1f-4cd1-8d9f-72783645aac4/.emptyFolderPlaceholder', NULL, '2024-04-03 12:42:53.263863-07', '2024-04-03 12:42:53.263863-07', '2024-04-03 12:42:53.263863-07', '{"eTag": "\"d41d8cd98f00b204e9800998ecf8427e\"", "size": 0, "mimetype": "application/octet-stream", "cacheControl": "max-age=3600", "lastModified": "2024-04-03T19:42:54.000Z", "contentLength": 0, "httpStatusCode": 200}', '786b50a7-bf6f-46da-b08a-6ebc5e93ffdd', NULL),
	('cfcd490f-4686-4c10-81da-f42fb6fba5c4', 'imagenes_perfil_usuarios', 'b6d38bb3-c954-415b-baf8-b91f322d2e6e/.emptyFolderPlaceholder', NULL, '2024-04-03 16:13:21.538982-07', '2024-04-03 16:13:21.538982-07', '2024-04-03 16:13:21.538982-07', '{"eTag": "\"d41d8cd98f00b204e9800998ecf8427e\"", "size": 0, "mimetype": "application/octet-stream", "cacheControl": "max-age=3600", "lastModified": "2024-04-03T23:13:22.000Z", "contentLength": 0, "httpStatusCode": 200}', '7d7d3465-da04-4fb7-9a28-2585636eb3eb', NULL),
	('305dc4ed-0d84-4056-8a43-aff92704d612', 'imagenes_perfil_usuarios', 'b6d38bb3-c954-415b-baf8-b91f322d2e6e/profile48075240.jpeg', 'b6d38bb3-c954-415b-baf8-b91f322d2e6e', '2024-04-03 17:18:08.35416-07', '2024-04-03 17:18:08.35416-07', '2024-04-03 17:18:08.35416-07', '{"eTag": "\"72916267cf7d3545310e8dbb3e12a75b\"", "size": 106096, "mimetype": "image/jpeg", "cacheControl": "max-age=3600", "lastModified": "2024-04-04T00:18:09.000Z", "contentLength": 106096, "httpStatusCode": 200}', 'e593f2a1-1be5-4712-b6e6-a965a8641527', 'b6d38bb3-c954-415b-baf8-b91f322d2e6e'),
	('00509a95-b35f-4947-a205-0d5d0b0b548a', 'imagenes_perfil_usuarios', 'b41d54c5-24ab-4a7d-95f5-2ae9f79cd23d/.emptyFolderPlaceholder', NULL, '2024-04-03 17:18:44.080647-07', '2024-04-03 17:18:44.080647-07', '2024-04-03 17:18:44.080647-07', '{"eTag": "\"d41d8cd98f00b204e9800998ecf8427e\"", "size": 0, "mimetype": "application/octet-stream", "cacheControl": "max-age=3600", "lastModified": "2024-04-04T00:18:45.000Z", "contentLength": 0, "httpStatusCode": 200}', 'e0eddf62-a7b5-41cf-b4d4-999443ae7141', NULL),
	('18cefd08-351e-493a-91b2-6808dc5914d2', 'imagenes_perfil_usuarios', 'acd1d671-68f3-4e94-ae01-fc0633509896/.emptyFolderPlaceholder', NULL, '2024-04-03 17:18:49.641652-07', '2024-04-03 17:18:49.641652-07', '2024-04-03 17:18:49.641652-07', '{"eTag": "\"d41d8cd98f00b204e9800998ecf8427e\"", "size": 0, "mimetype": "application/octet-stream", "cacheControl": "max-age=3600", "lastModified": "2024-04-04T00:18:50.000Z", "contentLength": 0, "httpStatusCode": 200}', 'dae7e910-8d4e-4952-a95c-82def6f43de8', NULL),
	('7767feaf-3c50-446c-8669-41073e04b255', 'imagenes_eventos', '179/main.jpg', 'acd1d671-68f3-4e94-ae01-fc0633509896', '2024-04-04 08:48:23.666891-07', '2024-04-04 08:48:23.666891-07', '2024-04-04 08:48:23.666891-07', '{"eTag": "\"e66745a3500c6d4fb31c3dbd5f92b772\"", "size": 3390748, "mimetype": "image/jpg", "cacheControl": "max-age=3600", "lastModified": "2024-04-04T15:48:24.000Z", "contentLength": 3390748, "httpStatusCode": 200}', '0dcd8da3-2246-4a8b-8d88-744064a44da6', 'acd1d671-68f3-4e94-ae01-fc0633509896'),
	('c201f288-5cb6-4864-ad22-3d6553ce931c', 'imagenes_perfil_usuarios', 'e6fc595d-2e1f-4cd1-8d9f-72783645aac4/profile602575542.jpeg', 'e6fc595d-2e1f-4cd1-8d9f-72783645aac4', '2024-04-04 14:58:53.612236-07', '2024-04-04 14:58:53.612236-07', '2024-04-04 14:58:53.612236-07', '{"eTag": "\"bbe6a916fd927387f899e5f2a9e4d0aa\"", "size": 14988, "mimetype": "image/jpeg", "cacheControl": "max-age=3600", "lastModified": "2024-04-04T21:58:54.000Z", "contentLength": 14988, "httpStatusCode": 200}', '15a049d2-35cb-454a-bb9b-445e19fb6331', 'e6fc595d-2e1f-4cd1-8d9f-72783645aac4');


--
-- Data for Name: hooks; Type: TABLE DATA; Schema: supabase_functions; Owner: supabase_functions_admin
--



--
-- Data for Name: secrets; Type: TABLE DATA; Schema: vault; Owner: supabase_admin
--



--
-- Name: refresh_tokens_id_seq; Type: SEQUENCE SET; Schema: auth; Owner: supabase_auth_admin
--

SELECT pg_catalog.setval('"auth"."refresh_tokens_id_seq"', 732, true);


--
-- Name: key_key_id_seq; Type: SEQUENCE SET; Schema: pgsodium; Owner: supabase_admin
--

SELECT pg_catalog.setval('"pgsodium"."key_key_id_seq"', 1, false);


--
-- Name: categorias_eventos_id_seq; Type: SEQUENCE SET; Schema: public; Owner: postgres
--

SELECT pg_catalog.setval('"public"."categorias_eventos_id_seq"', 290, true);


--
-- Name: categorias_id_seq; Type: SEQUENCE SET; Schema: public; Owner: postgres
--

SELECT pg_catalog.setval('"public"."categorias_id_seq"', 18, true);


--
-- Name: categorias_preferidas_id_seq; Type: SEQUENCE SET; Schema: public; Owner: postgres
--

SELECT pg_catalog.setval('"public"."categorias_preferidas_id_seq"', 113, true);


--
-- Name: comentarios_id_seq; Type: SEQUENCE SET; Schema: public; Owner: postgres
--

SELECT pg_catalog.setval('"public"."comentarios_id_seq"', 8, true);


--
-- Name: destacados_id_seq; Type: SEQUENCE SET; Schema: public; Owner: postgres
--

SELECT pg_catalog.setval('"public"."destacados_id_seq"', 60, true);


--
-- Name: estados_id_seq; Type: SEQUENCE SET; Schema: public; Owner: postgres
--

SELECT pg_catalog.setval('"public"."estados_id_seq"', 60, true);


--
-- Name: eventos_id_seq; Type: SEQUENCE SET; Schema: public; Owner: postgres
--

SELECT pg_catalog.setval('"public"."eventos_id_seq"', 182, true);


--
-- Name: municipios_id_seq; Type: SEQUENCE SET; Schema: public; Owner: postgres
--

SELECT pg_catalog.setval('"public"."municipios_id_seq"', 2470, true);


--
-- Name: notificaciones_id_seq; Type: SEQUENCE SET; Schema: public; Owner: postgres
--

SELECT pg_catalog.setval('"public"."notificaciones_id_seq"', 172, true);


--
-- Name: preferencias_notificaciones_id_seq; Type: SEQUENCE SET; Schema: public; Owner: postgres
--

SELECT pg_catalog.setval('"public"."preferencias_notificaciones_id_seq"', 87, true);


--
-- Name: reacciones_id_seq; Type: SEQUENCE SET; Schema: public; Owner: postgres
--

SELECT pg_catalog.setval('"public"."reacciones_id_seq"', 1163, true);


--
-- Name: test_table_id_seq; Type: SEQUENCE SET; Schema: public; Owner: postgres
--

SELECT pg_catalog.setval('"public"."test_table_id_seq"', 6, true);


--
-- Name: hooks_id_seq; Type: SEQUENCE SET; Schema: supabase_functions; Owner: supabase_functions_admin
--

SELECT pg_catalog.setval('"supabase_functions"."hooks_id_seq"', 1, false);


--
-- PostgreSQL database dump complete
--

RESET ALL;
